amount,merchant_risk,location_change,multiple_transactions,behavior_score,device_change,ip_change,duplicate_transaction,night_transaction,fraud
6535.81,40,0,0,33,0,0,1,0,1
9349.63,0,0,0,30,0,0,0,0,0
12459.06,0,0,0,17,0,0,0,0,0
22747.04,0,0,0,27,0,0,0,0,0
11126.7,20,0,0,23,0,0,0,0,0
64964.95,20,0,1,23,0,1,1,0,1
88558.43,0,0,0,33,0,0,0,0,1
53932.73,0,0,1,26,0,0,0,0,1
65830.85,0,0,0,13,0,1,0,1,1
86041.3,0,0,0,26,0,0,0,0,0
8402.25,0,0,0,35,0,0,0,0,0
76623.66,20,0,0,33,0,0,0,0,1
86288.92,0,0,1,40,1,0,0,0,1
47491.14,0,0,1,38,0,0,0,0,1
50351.05,0,0,0,2,0,0,0,0,0
52137.63,20,0,0,30,0,0,0,0,1
70093.32,40,0,0,3,1,0,0,0,1
87107.35,0,1,0,24,0,1,0,0,1
55129.74,0,1,0,34,0,1,1,0,1
28251.0,0,0,0,12,0,0,0,0,0
32185.69,40,0,1,32,0,0,0,0,1
73933.83,0,1,0,22,1,0,0,0,1
27178.63,0,0,0,8,0,0,0,1,0
89515.32,0,0,0,10,0,0,0,0,0
23209.65,0,0,0,29,0,0,1,0,1
29876.56,0,0,1,37,0,0,0,0,0
94061.76,0,0,1,19,1,0,0,0,1
38076.87,0,0,1,15,0,0,1,0,1
22875.73,20,0,1,21,0,0,1,0,1
10117.46,40,0,1,14,0,0,0,1,1
58156.15,20,0,0,16,0,0,0,0,0
49723.14,0,0,0,22,0,1,0,0,0
75071.78,20,0,1,19,0,0,1,0,1
78471.88,0,0,0,34,0,0,0,0,0
38679.65,40,0,1,34,0,0,0,0,1
46650.82,40,0,0,33,0,1,0,0,1
49496.6,0,0,0,35,0,0,0,0,0
10320.5,0,0,0,24,1,0,0,0,0
17723.39,0,0,0,28,1,1,0,0,0
55597.63,0,0,0,17,0,0,0,0,0
13752.91,20,0,1,25,0,0,1,0,1
67418.84,40,0,0,17,1,0,0,0,1
11938.55,0,0,0,31,0,0,1,0,0
26636.57,0,1,1,1,1,0,0,1,1
42469.1,0,1,0,6,0,0,0,0,0
9262.45,0,0,1,6,0,0,0,0,0
19411.84,0,0,0,2,0,0,0,0,0
64801.16,0,0,0,21,0,0,0,1,0
49271.99,40,0,0,39,0,0,0,0,1
87865.58,0,0,0,10,0,0,0,0,0
90810.61,0,0,0,10,0,0,0,1,0
16109.54,0,0,1,7,0,0,0,0,0
67043.24,0,0,0,35,0,0,0,0,0
80779.98,20,0,0,12,1,0,1,0,1
81967.25,20,1,0,39,0,0,1,1,1
97185.14,20,0,1,39,0,0,0,0,1
87329.18,0,1,0,33,0,0,0,0,1
27810.91,0,0,0,7,0,1,0,0,0
31710.44,20,0,0,37,0,1,0,1,1
87946.5,40,0,0,29,0,0,0,0,1
50099.85,0,0,0,2,0,0,0,0,0
66690.82,0,1,0,33,1,1,0,1,1
11462.19,0,0,0,7,1,1,0,0,0
39899.69,0,0,1,3,0,0,0,1,0
50663.8,0,0,1,11,0,0,0,0,1
24619.36,20,0,0,16,0,0,0,1,1
3098.03,40,0,0,31,0,0,0,0,1
29511.04,0,0,0,32,0,0,0,0,0
43666.06,0,0,1,4,1,0,0,0,0
96388.0,0,0,0,27,0,0,0,0,1
30916.67,40,0,0,7,0,0,0,0,1
2645.06,0,0,0,12,0,0,0,0,0
42076.24,0,0,1,22,1,0,0,0,0
79239.52,0,0,1,18,1,0,0,0,1
66667.89,0,0,0,14,0,0,0,0,0
22454.57,0,0,0,17,1,0,0,0,0
94583.82,0,0,0,0,0,0,0,0,0
5061.47,20,0,0,7,0,0,0,0,0
94868.62,0,0,0,22,0,1,0,0,0
11066.14,40,1,0,22,0,0,0,0,1
44851.15,0,0,1,28,0,0,0,1,1
38123.57,0,0,0,21,0,1,0,0,0
32447.41,20,0,0,26,0,0,0,0,0
54290.27,0,0,0,9,0,0,0,0,0
17623.46,0,1,1,39,0,0,0,0,1
7289.81,0,0,0,37,0,0,0,0,0
68575.36,0,0,0,25,0,1,0,0,1
85318.68,0,1,1,9,1,0,0,1,1
67047.21,0,0,1,12,0,0,0,1,1
94485.29,20,0,0,9,0,0,1,1,1
9409.92,20,0,0,16,0,0,0,0,0
41004.24,0,0,0,16,0,0,0,0,0
64334.55,0,0,0,31,0,0,0,0,0
78858.25,0,0,1,5,0,0,0,0,1
3500.37,0,0,0,10,0,1,0,1,0
44109.61,0,0,1,0,0,0,0,0,0
88270.23,0,0,0,26,0,0,0,0,0
66293.11,0,0,0,5,0,0,0,0,0
55895.7,0,0,1,22,0,1,0,0,1
37761.24,0,0,1,2,0,0,0,1,0
65032.02,40,0,0,16,0,0,0,0,1
73206.28,20,0,0,33,0,0,0,1,1
59086.27,20,0,0,30,0,0,1,0,1
80932.36,0,0,0,30,0,0,0,0,0
21477.42,20,0,1,14,0,0,0,0,1
77636.2,20,0,0,28,0,0,0,0,1
16143.96,40,1,0,31,0,0,0,0,1
35603.42,0,1,1,11,0,0,0,0,1
40221.91,20,0,1,39,0,0,0,0,1
22714.27,20,0,0,15,1,0,0,0,0
29550.17,0,0,0,40,0,0,0,0,0
43076.83,20,1,0,12,0,0,0,0,0
52301.76,20,0,0,10,0,0,0,0,0
74999.09,0,1,1,36,0,0,0,0,1
18260.17,20,1,0,33,0,1,0,0,1
71349.41,0,0,1,2,1,0,0,1,1
95042.2,0,0,0,40,1,0,0,0,1
36426.94,0,0,0,28,0,0,0,1,1
38977.74,0,0,0,20,0,0,0,0,0
32886.55,0,1,0,39,0,1,1,0,1
90119.58,0,0,1,18,0,0,0,1,1
98248.29,40,0,1,23,0,0,0,1,1
54308.2,20,0,0,38,0,0,0,0,1
37452.94,0,0,0,21,0,0,0,0,0
37442.37,0,0,0,1,0,0,0,0,0
71340.95,0,1,0,0,0,0,0,0,1
65742.01,0,0,0,25,0,0,0,0,1
30198.43,40,0,0,33,0,0,0,0,1
72157.25,0,0,1,19,0,1,0,0,1
85390.6,0,1,0,21,0,0,0,1,1
23183.81,40,0,0,25,0,0,0,0,1
49109.25,20,0,1,0,0,0,0,0,0
73934.06,0,0,0,29,0,0,0,0,0
85459.65,0,0,0,6,0,0,0,0,0
13269.07,20,0,0,25,1,0,0,0,0
32913.18,0,0,0,15,0,0,1,0,0
2106.17,0,0,1,14,0,0,0,0,0
25641.8,40,1,1,24,0,0,0,1,1
3493.32,0,1,0,23,1,0,0,0,1
77150.55,0,0,0,2,0,0,1,0,0
48724.7,20,0,0,3,0,0,0,0,0
96218.64,20,0,0,8,0,0,0,0,0
9353.55,0,0,0,24,0,0,0,0,0
6406.11,0,0,0,2,0,0,0,1,0
9875.1,20,0,0,15,0,0,0,1,0
70137.97,0,0,0,37,0,0,0,0,1
55301.66,0,0,1,24,0,0,0,0,1
80950.27,20,0,0,1,0,0,0,0,1
58177.18,0,0,0,1,0,0,1,0,1
9997.41,20,0,0,10,0,0,0,0,0
92623.72,20,1,1,10,0,0,0,0,1
54746.15,20,1,1,19,0,0,0,0,1
36090.96,0,0,0,2,0,0,0,0,0
94476.88,0,0,0,33,0,0,0,1,0
7893.28,40,0,1,39,1,0,0,0,1
28030.17,20,0,1,29,0,0,1,0,1
41464.82,0,0,0,8,0,0,0,0,0
44960.06,20,1,0,5,1,0,0,0,1
50507.47,0,0,0,0,1,0,0,0,0
5922.14,20,0,1,26,0,0,0,0,0
43348.93,0,0,0,10,0,0,0,0,0
190.19,0,0,0,14,0,0,0,0,0
50024.37,0,0,1,14,0,0,0,0,0
89625.98,0,0,1,37,0,0,0,0,1
53752.14,0,1,0,9,0,0,1,0,1
16425.81,0,0,0,3,0,0,0,1,0
86725.96,0,0,0,34,0,0,0,0,0
26694.85,0,0,1,9,0,0,0,1,0
30189.1,0,1,0,29,0,0,0,0,0
60318.35,0,0,1,27,0,0,0,1,1
1801.54,0,0,0,32,0,0,0,0,0
98020.42,40,1,0,6,0,0,0,0,1
80785.85,0,0,1,32,0,1,0,1,1
87170.88,20,0,0,34,0,1,0,0,1
145.84,0,1,0,2,0,0,0,0,0
28118.39,0,0,0,20,0,0,0,0,0
60602.31,0,1,1,19,1,0,0,0,1
19015.14,0,1,1,28,0,0,1,0,1
91814.47,0,0,0,34,0,0,1,1,1
92289.75,40,1,1,23,0,0,0,0,1
13723.74,0,0,0,1,0,0,0,0,0
24036.98,0,0,0,37,0,1,0,0,0
1546.06,0,1,1,14,0,0,0,0,1
41324.84,20,0,0,24,0,0,0,0,0
41409.42,20,1,1,11,0,0,0,0,1
99638.42,0,0,0,33,0,1,0,1,1
90411.33,0,0,0,5,0,0,0,0,0
31366.97,0,0,0,18,0,1,0,0,0
57677.95,0,0,0,14,0,0,0,1,0
65676.17,0,0,0,19,0,0,0,0,1
98444.18,0,0,1,0,0,0,0,0,1
58198.0,0,0,0,39,0,0,0,0,1
41706.81,0,0,0,39,0,1,0,0,1
85847.9,0,0,1,7,0,0,0,0,0
32000.51,20,0,0,22,0,0,0,0,0
36404.76,20,0,0,15,0,1,0,0,0
7155.13,0,0,0,37,0,0,1,0,0
67239.49,20,0,1,36,0,0,0,1,1
18843.6,20,0,1,21,0,1,0,0,1
494.07,0,0,0,14,0,1,0,0,0
85043.8,0,0,0,36,0,0,0,0,0
58951.07,40,0,0,15,0,0,1,0,1
66316.42,0,0,1,26,0,0,0,0,1
23449.84,0,0,0,8,0,0,0,0,0
6915.91,20,1,1,34,0,1,0,1,1
84093.17,40,0,0,37,0,1,0,0,1
51208.52,40,0,0,7,0,0,0,0,1
97735.29,0,1,0,10,0,0,0,0,0
64247.46,0,1,0,37,0,0,0,0,1
43256.25,0,1,0,35,1,0,0,0,1
42623.82,0,0,0,19,0,0,0,0,0
6524.78,40,0,0,38,0,0,0,0,1
96797.87,0,1,1,19,0,0,0,0,1
86785.2,0,1,0,27,0,0,0,0,1
80671.74,0,1,0,22,0,0,0,0,1
40050.15,0,0,0,15,0,0,0,1,0
78150.21,0,0,1,16,0,0,0,1,1
2795.11,0,0,1,32,0,0,0,0,1
86427.14,0,1,0,27,0,0,0,0,1
16714.26,0,0,0,16,0,0,0,0,0
90256.44,0,0,0,35,0,0,0,1,1
61634.84,0,1,0,13,0,1,0,0,1
57873.17,0,0,0,27,0,0,0,1,0
21633.71,0,1,1,0,0,0,0,0,0
99282.78,0,0,0,18,0,0,1,0,1
45108.63,40,0,1,26,0,0,0,0,1
94549.6,0,1,0,9,0,0,0,0,0
92521.73,0,0,0,5,0,0,0,1,0
70883.59,20,0,0,34,0,0,1,0,1
74905.92,40,0,0,32,1,0,1,1,1
57058.35,0,0,1,15,0,0,0,1,1
33543.83,0,0,1,3,0,0,0,0,0
78966.23,0,0,1,11,0,0,0,0,0
59012.3,0,0,0,25,0,0,0,0,0
57768.06,0,0,0,29,0,0,0,0,0
86007.99,40,0,0,29,1,1,0,0,1
10642.65,20,0,0,36,0,0,0,0,1
66312.16,0,0,1,26,1,0,0,1,1
89473.16,0,1,0,6,0,0,0,0,1
4363.72,0,0,0,30,0,0,0,0,0
95366.06,0,0,0,7,1,0,0,1,1
46551.08,0,0,0,36,0,0,0,0,0
85633.57,0,0,0,15,0,0,0,0,0
85790.15,0,0,0,16,0,0,0,0,0
82286.15,20,0,0,16,0,0,0,0,0
90153.4,0,0,0,4,0,0,0,0,0
66927.58,20,1,0,3,0,0,0,0,1
80664.69,0,0,0,16,0,0,0,1,0
63406.09,0,0,0,37,0,0,0,1,0
64207.46,0,0,0,1,1,1,0,0,1
56719.93,20,0,0,39,1,0,0,0,1
69771.9,0,0,0,22,1,0,0,0,1
30252.42,0,0,0,25,1,0,0,0,0
815.11,20,0,0,34,0,0,0,1,1
77595.71,20,0,0,2,0,0,0,0,0
84971.82,0,0,0,37,0,0,0,1,1
65290.92,20,0,0,33,0,0,0,0,1
5407.31,20,0,0,19,1,0,0,0,0
76199.24,0,0,0,1,0,0,0,1,0
97612.07,0,0,0,31,0,0,0,1,1
51219.01,40,0,0,24,0,0,0,1,1
43233.59,0,0,0,18,0,0,0,0,0
54485.23,40,0,0,10,0,0,0,0,1
53004.33,0,1,0,10,0,0,0,0,1
77573.75,0,1,0,4,0,0,0,0,0
2537.56,40,0,0,13,0,1,0,0,1
63936.65,20,0,1,39,0,0,0,0,1
66592.57,0,0,0,21,0,0,0,0,0
82351.32,0,0,0,35,1,0,0,0,1
7623.58,20,0,0,7,0,1,0,0,0
44549.96,40,0,1,13,0,0,0,1,1
46090.66,0,0,0,21,1,0,0,0,0
8318.62,20,0,0,26,1,1,0,0,0
59019.15,0,0,0,31,1,0,0,1,1
92321.41,0,0,0,35,0,0,1,0,1
72938.47,0,0,0,40,0,0,0,0,1
43756.13,0,1,0,35,1,1,0,1,1
30265.32,0,1,0,21,0,0,0,0,0
58746.88,40,0,0,9,0,0,0,1,1
12478.17,20,0,0,21,0,0,0,0,0
20604.7,0,0,1,22,0,0,0,0,0
55030.18,0,0,0,7,0,0,0,0,0
13170.82,0,0,0,10,1,0,0,0,0
76462.79,20,0,0,39,1,0,0,0,1
41148.9,40,1,1,32,1,0,0,0,1
98318.32,0,0,0,5,0,0,0,0,0
80888.21,0,0,1,5,0,0,0,0,0
38581.89,0,0,0,28,1,0,0,1,1
73155.2,0,0,0,17,1,0,1,0,1
3338.7,0,0,0,2,0,0,0,0,0
70941.46,0,1,0,17,0,0,0,0,1
18291.45,0,0,0,6,0,0,0,0,0
4736.06,0,0,0,6,0,0,1,0,0
17588.24,40,0,0,0,0,0,0,1,0
59686.26,0,0,0,12,1,0,1,0,1
40796.53,20,0,0,12,0,0,0,0,0
73059.23,0,0,0,19,0,0,0,0,1
90798.11,0,0,0,29,0,0,0,0,1
36824.8,20,0,0,29,0,0,0,0,0
48465.38,0,0,0,13,0,1,0,0,0
85863.65,40,1,0,12,0,0,0,0,1
58215.14,0,1,0,19,0,0,0,0,1
8969.34,20,0,0,35,0,1,0,0,0
14805.38,40,0,0,7,0,0,0,0,0
89341.45,0,0,0,13,0,1,0,1,1
16002.23,0,1,0,0,0,0,0,0,0
76622.07,0,0,0,14,0,0,0,0,0
98418.05,0,0,0,11,0,0,0,0,0
95005.11,40,0,0,28,1,0,0,1,1
75580.81,0,0,1,17,0,0,0,0,1
96308.62,0,0,0,12,0,0,0,0,0
52695.63,40,0,1,22,0,0,0,0,1
80786.76,0,0,1,25,0,0,0,0,1
70936.16,40,1,0,22,0,0,0,0,1
56151.44,0,0,0,39,0,0,0,0,0
3358.0,20,0,0,19,0,0,0,1,0
87681.09,0,0,1,26,0,0,0,0,1
37640.89,0,0,0,23,0,0,0,0,0
84665.57,20,0,0,25,0,0,0,0,0
1216.67,0,0,1,34,0,0,0,0,1
47230.69,20,0,0,19,0,0,0,1,0
49418.53,0,0,1,2,0,0,0,0,0
85346.65,0,0,0,10,0,1,0,0,1
77192.17,0,0,0,40,0,0,1,0,1
25794.85,0,0,0,9,0,0,0,0,0
63388.95,0,0,1,31,0,0,0,0,1
43733.69,0,0,1,12,1,1,0,0,1
74110.12,0,0,0,39,0,0,1,0,1
29679.98,0,0,0,35,1,0,0,0,0
17160.9,0,0,0,25,0,0,0,0,0
60691.97,20,0,1,16,0,0,0,0,1
73539.49,0,1,0,7,0,0,0,0,0
52835.4,0,0,0,20,0,0,0,0,0
97764.86,0,0,1,17,1,0,0,0,1
99982.77,40,0,1,26,0,0,0,0,1
34342.54,40,0,1,33,1,0,0,0,1
87716.27,0,0,0,34,0,1,0,0,1
83348.52,0,0,1,8,1,0,0,0,1
10351.87,20,0,0,9,0,0,0,0,0
23398.41,40,0,0,24,0,0,0,0,1
77607.71,0,0,0,22,0,0,0,0,0
62237.94,0,0,1,12,1,0,0,0,1
67861.68,0,0,0,32,0,0,0,0,1
80368.52,0,0,0,11,1,1,1,0,1
63646.86,0,0,0,10,1,0,0,0,0
24251.43,0,0,1,2,0,0,0,0,0
61960.17,0,0,0,32,0,1,0,0,1
69863.36,0,0,0,16,1,0,0,0,0
30350.63,40,1,1,15,0,0,0,0,1
21010.36,0,0,0,34,0,0,0,1,0
29715.33,0,0,0,34,0,0,0,0,0
74514.83,20,0,0,8,0,0,0,0,0
92364.88,20,0,0,36,1,0,0,0,1
58478.15,0,1,0,37,1,0,0,1,1
8601.02,0,0,0,16,0,0,0,1,0
60465.7,0,1,0,14,0,0,0,0,1
3923.89,0,0,0,40,0,0,1,1,0
42784.66,0,0,0,39,0,1,0,0,1
1302.07,0,1,0,31,0,0,0,0,0
6655.74,20,0,1,16,1,0,0,1,1
84352.06,0,0,0,10,0,0,0,1,0
37934.74,20,0,0,25,0,0,0,0,0
75245.6,20,0,0,11,0,0,0,0,1
3357.15,0,0,0,30,0,0,0,1,0
34650.18,40,0,0,33,0,1,0,1,1
10439.88,0,0,0,38,0,0,0,0,0
45891.07,0,1,0,15,1,1,0,0,0
8822.81,20,0,1,28,0,0,0,0,0
99564.96,0,0,0,11,0,1,0,0,0
23887.52,20,0,0,6,0,0,0,0,0
19036.67,20,0,1,27,0,0,0,0,0
55272.4,0,0,0,21,1,0,0,0,1
32361.01,0,0,0,28,1,0,0,1,1
88184.68,0,0,1,30,1,0,0,0,1
95911.71,20,0,0,40,0,0,0,0,1
5383.06,0,0,0,4,0,1,0,0,0
86695.68,20,1,1,35,0,0,0,0,1
58907.05,0,0,0,26,0,0,1,0,1
11730.83,0,1,1,3,0,0,0,0,0
92407.7,0,0,0,11,0,1,0,0,0
42126.96,0,0,1,26,0,0,0,0,0
34486.29,0,0,0,4,0,0,0,0,0
50574.49,40,0,0,9,0,0,0,0,0
63702.72,0,0,0,21,0,0,0,0,1
73174.1,0,0,0,9,0,0,0,0,0
70979.13,40,0,0,27,0,1,0,1,1
64505.86,40,1,1,24,0,0,0,0,1
57636.41,0,0,0,23,1,0,0,0,1
60929.23,20,0,0,33,0,0,0,0,1
61983.74,0,0,0,9,0,1,0,0,1
7931.29,0,0,1,7,0,0,0,1,0
11461.27,20,0,1,9,0,1,0,0,0
89316.27,40,0,0,19,0,0,0,0,1
41693.04,0,0,1,22,0,0,0,0,1
41161.49,0,0,1,23,0,0,0,1,0
84314.33,20,0,1,31,0,0,0,0,1
3639.34,0,0,0,37,0,0,0,0,0
73751.54,0,0,0,35,1,0,0,0,1
48896.38,40,1,0,20,0,0,0,0,1
12559.89,0,0,0,21,0,0,0,0,0
95310.04,0,0,0,6,0,0,0,1,0
77176.45,0,0,1,22,0,0,0,1,1
87963.31,0,1,1,35,0,0,0,1,1
25823.04,0,1,1,30,0,1,0,0,1
63763.1,0,1,0,23,0,1,0,0,1
16464.19,0,0,0,8,0,0,0,0,0
47346.6,40,0,0,2,1,1,0,0,1
99867.84,20,0,0,26,0,1,0,1,1
60653.61,0,0,0,10,0,0,0,1,0
90290.2,0,0,1,30,0,0,0,0,1
48461.45,20,0,0,5,0,0,1,0,1
82019.78,0,0,0,19,0,0,0,0,0
18456.24,0,0,0,35,0,0,0,0,0
6034.33,40,0,0,21,1,0,1,0,1
12805.65,20,0,0,16,0,0,0,0,0
58274.5,40,0,0,30,0,0,0,0,1
54943.75,0,1,0,25,1,0,0,0,1
66195.13,0,1,0,36,0,0,0,0,1
41545.85,0,0,0,31,1,0,1,0,0
85810.43,0,0,0,38,0,0,0,1,1
98131.37,20,0,0,32,0,0,0,0,1
45720.84,0,0,0,5,0,0,0,0,0
32944.5,0,0,0,5,0,0,0,0,0
86074.1,0,0,1,10,0,1,0,0,1
92244.56,0,1,1,22,0,0,0,0,1
78544.21,0,0,0,36,0,0,0,0,1
56275.88,20,0,1,31,0,1,1,1,1
97445.54,0,0,0,31,0,0,0,0,0
77566.1,0,0,0,21,0,1,0,0,1
88468.19,0,0,0,33,0,0,0,0,1
7936.58,0,1,0,7,0,0,0,1,0
24365.82,0,0,0,16,0,0,0,0,0
43159.93,0,0,0,33,0,1,0,0,0
76094.96,0,0,0,22,0,0,0,1,0
18542.47,0,1,1,27,0,0,0,0,0
54557.33,0,0,1,7,0,0,1,0,1
10295.79,20,0,1,15,0,0,0,0,1
4057.43,40,0,0,3,0,0,1,0,0
15287.4,40,0,1,26,0,0,0,1,1
41515.28,0,0,0,23,0,0,0,1,0
54801.84,0,0,1,13,0,1,0,0,1
23426.47,0,0,0,29,0,1,0,0,0
38862.21,20,1,0,16,0,0,0,0,0
58071.88,0,1,0,27,0,0,0,0,1
37899.57,40,1,0,21,0,1,0,0,1
76147.72,40,0,0,2,1,0,0,1,1
82301.13,40,1,0,40,0,0,1,0,1
98756.98,20,1,0,26,1,0,0,0,1
88976.51,20,0,0,38,0,0,0,0,1
52591.18,0,0,0,39,1,0,0,0,1
51358.86,0,0,0,26,0,0,0,1,1
74157.72,20,0,0,19,1,0,0,0,1
55060.53,0,1,0,40,0,0,0,0,1
2246.44,0,0,0,27,0,0,0,0,0
75470.04,0,0,1,5,0,0,0,0,0
50591.13,0,0,1,14,1,0,1,0,1
79107.14,0,0,0,22,0,0,0,1,0
57560.47,0,0,0,12,0,1,0,0,0
28126.48,20,0,0,16,0,0,0,0,0
94508.63,0,0,0,19,0,0,0,0,0
76320.5,20,0,0,10,0,0,0,1,0
74843.89,40,0,0,37,0,0,0,0,1
50244.84,0,0,0,35,0,0,0,1,0
12698.48,0,1,0,30,0,0,0,0,0
82078.68,0,1,0,23,0,1,0,0,1
93542.76,0,0,0,13,0,0,0,0,0
1446.9,0,0,0,27,0,0,0,0,0
12126.54,20,0,0,7,0,0,0,0,0
47685.03,0,1,1,20,0,0,0,1,1
26289.08,0,0,0,16,0,0,1,0,0
14959.54,20,0,0,16,0,0,0,1,0
66554.39,0,0,1,40,0,0,0,1,1
66933.21,0,0,1,26,0,1,1,1,1
10486.01,0,0,1,39,0,0,1,1,1
55245.36,20,0,0,36,1,0,0,1,1
75104.71,0,0,0,36,0,1,0,1,1
54869.51,0,0,0,35,0,0,0,0,1
23966.89,20,0,0,26,0,0,0,1,0
21309.24,0,0,0,3,0,1,0,1,0
42761.08,0,1,1,5,0,0,1,1,1
62989.14,0,0,0,28,0,0,0,0,0
39972.62,0,0,0,5,1,0,0,0,0
16387.16,0,0,0,11,0,1,0,0,0
93961.25,0,0,0,27,0,0,0,1,0
70318.71,0,0,0,11,1,1,0,0,1
99401.54,20,1,0,34,1,0,0,0,1
5957.42,0,0,0,7,1,0,0,0,0
36498.43,20,0,0,12,0,0,0,0,1
82662.64,40,1,1,15,0,0,0,0,1
67128.09,0,0,0,24,1,0,0,0,0
35635.71,0,0,0,39,0,0,0,0,1
19684.15,40,0,0,18,0,0,0,1,0
47302.03,0,1,0,4,1,1,1,1,1
806.03,0,0,1,7,0,0,1,0,0
30602.58,0,1,0,32,0,0,0,0,0
98219.2,0,0,0,1,1,0,0,0,0
88913.82,20,0,0,16,0,0,0,0,1
13140.05,0,0,1,32,0,0,0,0,1
74925.68,0,0,1,25,0,0,1,0,1
18323.34,0,0,0,2,1,0,0,0,0
83652.84,20,0,0,27,0,0,0,0,0
59160.26,20,1,1,25,0,0,1,0,1
566.37,0,0,0,2,0,0,0,1,0
693.84,0,0,1,26,0,1,0,0,1
52535.05,0,0,1,9,0,0,1,1,1
47013.36,0,0,1,27,0,0,0,0,1
75255.46,0,0,0,0,1,0,0,0,1
16775.58,20,0,0,10,0,1,0,1,0
73121.51,0,0,0,38,0,0,1,0,1
75884.49,0,0,0,6,0,0,0,0,0
94299.21,0,0,1,8,1,0,0,0,1
47338.27,0,0,1,36,0,0,0,1,1
43159.41,0,0,0,24,0,0,0,0,0
54295.56,0,0,0,4,0,0,0,1,0
91454.17,0,1,1,8,0,0,1,0,1
47390.25,0,1,0,5,0,0,0,0,0
92461.47,0,0,0,4,0,0,0,0,0
99741.94,0,0,0,31,0,0,1,1,1
17878.32,20,0,0,14,0,0,0,0,0
57928.93,0,0,0,17,0,0,0,0,0
28266.25,20,0,1,3,0,0,0,1,0
30471.27,0,0,1,5,0,0,0,0,0
84223.63,20,0,0,40,1,1,0,0,1
77826.28,0,0,1,37,0,0,0,0,1
13244.95,0,0,0,26,0,0,0,0,0
67758.96,0,0,0,25,0,0,0,0,0
74205.6,40,1,0,26,0,0,0,0,1
2809.99,0,0,0,26,1,0,0,0,0
64422.68,0,1,1,39,1,0,0,0,1
72434.4,20,0,0,6,0,0,0,0,1
92857.42,0,0,0,3,0,1,0,0,0
44026.23,0,0,1,10,0,1,0,0,0
83437.03,0,0,0,38,0,0,0,0,0
88843.26,20,0,0,10,0,0,0,0,1
61485.5,20,0,0,39,0,0,0,0,1
60279.69,0,1,0,9,0,0,0,0,1
42331.21,0,0,1,22,0,0,0,0,0
95990.54,0,0,0,22,0,1,1,0,1
67314.83,20,1,0,16,0,0,0,0,1
1326.39,20,0,0,7,0,0,0,0,0
53942.18,0,1,0,14,0,0,0,0,1
22732.76,40,1,0,8,0,1,0,0,1
6441.91,20,0,0,29,0,0,0,0,0
17712.42,0,0,0,11,1,0,0,0,0
89336.55,0,1,1,40,1,1,0,0,1
38838.81,0,0,0,9,0,0,0,0,0
75341.83,0,0,0,39,0,0,0,0,1
3427.73,0,0,0,34,0,0,0,0,0
78444.92,20,0,0,1,0,0,0,0,0
49872.26,0,0,0,6,0,0,0,0,0
87009.31,0,0,1,24,0,1,0,0,1
54166.2,20,0,1,6,0,0,0,0,1
745.88,20,0,0,8,0,0,0,0,0
87418.92,40,0,0,2,0,1,0,0,1
20926.91,0,0,0,24,0,0,0,0,0
18200.02,20,1,0,6,0,1,0,1,0
84170.05,40,0,0,23,0,0,0,0,1
50018.34,0,1,0,16,0,0,0,0,1
90332.25,0,1,0,19,0,0,0,0,1
70160.79,0,0,0,36,0,0,1,0,1
8403.88,20,0,0,7,0,0,0,0,0
69445.74,0,0,1,30,0,0,0,0,1
86209.1,40,0,0,18,0,1,0,0,1
22038.46,0,0,0,37,0,0,0,0,0
1127.92,0,0,1,1,0,0,1,0,1
265.78,0,1,0,34,0,0,0,1,1
74522.96,40,0,1,1,0,0,0,0,1
91329.11,0,0,0,13,1,0,0,1,1
66565.03,0,0,1,23,0,0,0,0,1
76164.29,40,0,0,36,0,1,0,0,1
92947.11,0,0,0,23,0,1,0,0,1
62484.2,20,1,0,8,0,0,0,0,1
43468.73,0,0,1,13,0,0,0,1,0
30536.43,0,0,0,11,0,0,0,1,0
40530.59,0,0,0,14,0,0,0,0,0
82745.87,40,0,0,33,0,0,0,0,1
56204.28,20,0,1,12,0,1,0,0,1
30625.07,0,0,0,16,0,0,0,1,0
29359.64,40,0,1,8,0,0,0,0,1
27803.28,20,1,0,2,0,0,0,0,0
56437.96,0,0,0,34,1,0,0,0,1
16013.77,0,1,0,23,0,0,0,0,0
25343.67,0,0,0,1,0,0,0,0,0
90507.93,0,0,0,30,0,1,0,0,1
44513.64,0,0,0,18,0,0,0,0,0
36778.54,0,1,0,20,0,0,0,1,0
30317.31,20,0,0,15,0,0,0,0,0
56194.31,0,0,1,21,0,0,0,0,1
37934.41,0,0,0,17,0,0,0,1,0
85043.67,0,0,1,2,0,0,0,1,1
71210.38,0,0,0,13,0,0,0,0,1
22041.54,20,0,0,39,1,0,1,0,1
39623.16,0,0,0,24,1,0,0,1,0
31998.1,0,0,1,25,0,0,0,0,0
7386.06,0,0,0,29,0,0,0,0,0
12467.69,0,0,0,25,0,0,0,1,0
94378.87,0,1,0,8,0,0,0,1,1
86794.69,0,0,0,36,0,0,0,0,1
96473.5,20,0,0,15,0,0,0,0,0
98881.5,0,0,0,5,0,1,0,0,0
99534.52,0,0,0,2,0,0,0,0,0
77223.6,0,0,0,29,0,0,0,0,1
33052.7,0,0,0,25,0,1,0,0,0
25497.92,0,0,0,37,0,0,0,0,0
9352.31,0,0,0,16,0,0,0,0,0
51166.73,0,0,0,17,0,0,0,0,0
7118.25,0,0,0,11,1,0,1,0,0
90751.67,0,0,0,22,0,0,1,0,0
33891.52,40,0,0,26,0,0,0,0,1
14238.58,0,0,0,20,0,0,0,0,0
12040.29,0,0,1,3,0,0,0,0,0
8132.75,0,0,0,3,0,1,1,0,0
3564.53,0,1,0,22,0,0,1,0,0
52479.57,0,0,0,12,0,0,0,0,0
38043.37,0,0,1,13,0,0,0,1,1
35663.92,0,0,1,33,0,0,0,0,0
41927.07,0,1,1,31,0,0,0,0,1
87541.23,20,0,1,18,0,0,1,1,1
62739.27,40,0,0,32,0,0,0,0,1
51338.94,40,0,0,20,0,0,0,1,1
87439.68,0,0,0,23,1,1,0,0,1
86007.26,20,0,0,32,1,0,0,0,1
91008.38,20,0,1,33,1,0,1,0,1
72778.87,0,0,0,7,0,0,0,0,0
20293.51,0,1,0,33,0,0,0,0,1
63381.12,0,0,0,39,0,0,0,1,1
19028.73,40,0,0,40,0,0,0,0,1
2643.53,0,0,0,16,0,0,1,0,0
77476.95,0,0,0,29,1,1,0,1,1
37133.97,0,0,0,33,0,0,0,0,1
57468.2,0,1,0,26,0,1,1,0,1
15474.03,0,0,1,11,0,0,1,1,1
55673.57,0,0,0,16,0,0,0,1,0
85221.92,0,1,0,28,0,1,0,0,1
45600.54,20,0,0,20,0,0,0,0,0
22918.87,20,0,1,8,0,1,0,0,0
16797.71,0,0,0,21,0,1,0,0,0
67042.6,0,0,0,19,1,0,0,0,0
15603.03,0,0,0,13,0,0,0,0,0
12543.42,0,1,0,28,0,0,0,0,0
95123.2,20,0,0,36,0,0,0,0,1
2585.85,40,0,1,17,0,0,0,0,1
99533.84,40,1,0,31,0,1,0,0,1
7529.81,0,0,0,27,1,0,0,1,1
32763.11,0,0,0,38,0,0,1,0,0
30274.01,20,1,0,9,1,0,0,0,1
60346.73,20,0,0,24,1,0,1,0,1
77436.5,0,0,0,37,1,0,0,1,1
24690.86,20,0,0,5,0,0,0,0,0
80014.86,20,0,0,23,0,1,1,1,1
32477.24,20,0,0,24,0,0,0,0,0
7659.14,0,0,1,28,0,0,0,0,0
90404.49,0,0,0,9,1,0,0,0,1
57653.43,0,1,0,6,1,1,0,0,1
89884.36,20,1,1,19,0,0,0,0,1
69215.53,20,0,0,34,0,1,0,1,1
48037.99,20,0,0,35,0,1,0,1,1
21534.4,0,1,0,21,0,0,0,0,0
82210.67,40,0,0,13,0,0,1,0,1
7921.79,0,0,0,9,0,0,0,0,0
84348.09,0,1,1,7,0,0,0,0,1
52623.81,0,0,0,18,0,0,0,0,0
71738.45,20,0,0,18,0,0,0,0,0
46258.52,20,1,0,10,1,0,0,0,0
29278.95,20,0,0,6,0,0,0,0,0
7738.86,40,0,0,20,0,0,0,0,1
21986.6,0,0,1,21,0,0,0,1,0
48824.66,20,0,1,38,0,1,0,0,1
21191.49,0,0,1,34,1,0,0,0,1
45765.62,40,0,0,20,0,0,0,1,1
13958.62,40,0,0,28,0,0,0,0,0
88268.47,0,0,0,17,0,0,0,1,0
24667.92,0,0,0,31,0,0,0,0,0
81959.08,40,1,0,1,0,0,0,0,1
31587.44,20,1,1,29,0,0,1,0,1
81569.09,0,0,0,38,0,0,0,0,0
95253.12,0,0,1,4,0,1,0,0,1
70535.92,0,0,0,6,0,0,0,1,0
54049.85,0,0,0,2,0,0,0,0,0
95032.26,0,0,1,14,0,0,0,0,0
26680.49,0,0,0,3,1,0,0,1,0
3743.24,20,0,1,15,0,0,0,0,0
52299.23,0,0,0,32,1,0,0,0,1
95123.77,0,1,1,25,0,1,0,0,1
1966.81,20,0,0,10,0,0,0,1,0
47191.68,0,1,0,35,0,0,0,0,1
83653.68,20,0,0,3,0,0,0,1,0
27224.24,0,0,0,27,0,0,0,0,0
43699.78,0,0,0,23,0,0,0,1,0
499.84,0,0,1,36,1,0,0,0,1
46859.04,0,0,0,22,0,0,0,0,0
89601.79,20,0,0,13,0,1,0,0,1
59134.5,0,0,1,34,0,0,0,1,1
79799.35,0,1,0,31,0,0,1,0,1
91466.79,0,0,0,36,0,0,1,0,1
7343.88,0,0,1,13,0,0,0,1,0
66791.25,0,0,0,26,0,0,0,0,0
2773.67,0,0,0,20,1,0,0,0,0
52095.44,20,1,0,11,0,0,0,0,1
440.25,20,0,0,17,0,0,1,1,0
30648.91,0,0,0,18,0,0,0,0,0
71526.55,0,0,0,35,0,1,0,0,1
42304.22,0,0,0,17,0,0,0,0,0
71819.89,0,0,1,22,1,0,0,0,1
27885.04,0,0,0,14,0,0,0,1,0
73431.81,0,0,0,12,0,0,0,0,0
32837.68,20,0,0,7,0,1,0,0,0
53536.33,0,0,0,35,0,0,0,0,1
38043.18,20,0,0,26,0,1,0,0,0
43402.92,0,0,1,39,0,0,0,0,0
42162.33,0,0,0,21,0,1,0,0,0
13738.31,0,1,1,6,0,0,1,0,1
29954.73,0,1,0,6,1,0,0,0,0
2949.19,0,0,1,13,0,0,0,0,1
67069.87,20,0,1,37,0,0,0,0,1
48127.84,0,1,0,16,0,0,0,0,0
30968.76,20,0,0,11,0,0,0,0,0
30808.69,0,1,0,33,0,0,1,0,1
8483.35,20,0,0,19,0,0,0,0,0
65029.37,0,0,1,35,0,1,1,0,1
56001.1,0,0,0,4,0,0,0,0,0
81109.59,0,1,0,0,0,0,0,0,0
34007.77,20,0,0,33,0,0,0,0,1
89913.72,20,1,1,15,0,0,0,1,1
56176.77,0,0,0,16,0,0,0,1,0
31839.64,0,0,0,14,1,0,0,1,0
22151.25,0,0,0,18,0,0,0,0,0
67400.17,0,0,1,15,0,0,0,0,0
23602.56,20,0,0,3,0,0,0,0,0
34554.71,40,0,1,33,1,1,0,0,1
28860.55,20,0,0,35,0,1,0,0,1
39816.87,20,0,0,4,0,0,0,0,0
79453.28,0,0,0,33,1,1,1,0,1
8928.77,0,0,1,40,0,0,0,1,1
58009.01,0,0,0,35,0,0,0,0,0
20038.03,0,0,0,0,0,0,0,1,0
86571.21,0,0,0,32,0,0,0,0,0
23747.4,0,0,1,12,0,0,0,0,0
61674.24,40,1,0,11,0,0,0,1,1
26590.91,20,1,0,33,0,0,0,1,1
68168.67,0,0,0,6,0,0,0,0,0
17827.13,20,0,0,25,0,0,0,0,0
68296.17,0,0,0,39,0,0,0,0,0
39706.25,0,0,1,29,0,0,0,0,0
70330.92,0,1,0,39,0,0,0,0,1
77101.23,0,0,0,15,0,0,0,1,0
10427.56,0,0,0,39,0,0,0,0,0
50470.06,0,0,1,36,0,0,0,0,1
48272.75,20,0,0,18,1,0,0,0,0
98685.29,0,0,0,30,0,0,0,1,1
99093.85,20,0,0,7,0,0,0,0,1
96956.01,0,1,0,8,0,0,0,0,1
74329.55,40,0,1,26,0,0,0,1,1
25384.11,20,0,0,7,1,0,0,0,0
73860.33,0,1,1,11,0,0,0,0,1
65947.61,0,0,0,40,0,0,0,0,1
6489.94,0,1,0,34,0,0,0,0,0
42555.81,20,0,0,24,1,0,0,0,0
8047.24,40,0,1,7,0,0,0,0,1
77258.38,0,1,0,34,0,1,0,0,1
12736.29,0,1,0,17,0,0,0,0,0
23729.67,20,0,0,40,1,0,0,1,1
36630.96,20,0,0,7,1,0,0,1,0
51785.17,40,1,1,29,0,0,0,0,1
10450.73,0,0,0,31,0,0,0,0,0
40041.99,0,0,1,24,0,0,0,1,0
83410.7,20,0,0,39,0,1,0,0,1
39407.81,0,1,0,7,0,0,0,0,0
10748.4,20,0,0,23,0,0,0,0,0
81508.63,0,0,0,29,0,0,0,0,0
90616.21,0,0,0,39,0,0,0,0,1
4479.73,0,0,0,22,1,1,0,0,0
17205.02,40,0,0,33,0,0,1,0,1
70888.64,0,0,1,6,1,0,0,0,0
29552.64,0,0,0,24,0,0,0,0,0
44748.99,40,0,0,7,0,1,0,1,1
85632.09,20,0,1,21,1,1,0,0,1
48759.25,0,0,0,33,1,0,0,0,0
23177.85,20,0,1,0,0,0,0,0,0
53331.55,0,0,0,35,0,0,0,0,0
63013.68,0,0,0,18,0,0,0,0,1
66843.92,20,0,0,25,0,0,0,1,1
3822.42,20,0,1,30,1,0,0,0,1
26299.6,20,1,0,11,0,0,0,0,1
87657.14,20,1,0,4,0,0,0,0,1
95651.87,0,0,0,23,0,0,0,0,0
20453.61,0,0,0,0,0,1,0,0,0
7978.56,0,0,1,5,0,0,0,0,0
14889.88,0,1,1,16,0,0,0,0,1
22854.55,20,1,0,25,0,0,0,0,0
39087.07,20,0,1,32,0,0,0,0,1
64565.14,20,0,0,31,0,0,0,0,1
70797.76,0,0,0,11,0,0,0,0,0
52292.49,0,0,0,40,0,0,0,0,0
875.72,40,0,0,12,1,0,1,0,1
95717.46,20,0,0,6,0,0,0,0,1
68772.6,0,0,0,32,0,0,0,0,0
11599.78,20,0,0,0,0,0,0,1,0
57151.26,0,0,1,16,0,0,0,0,1
39919.97,20,0,0,20,0,0,0,0,0
77105.61,0,1,1,29,0,0,0,0,1
40804.06,40,0,0,39,0,0,0,1,1
25712.13,20,0,0,6,0,0,1,1,1
40302.56,0,0,1,16,0,1,0,0,1
52231.83,0,1,1,20,0,0,0,0,1
78409.29,0,0,0,32,0,0,0,0,1
14032.35,20,0,0,40,0,0,0,0,0
60308.14,0,0,0,1,1,0,0,0,1
84009.59,0,0,0,1,1,0,0,0,0
67034.11,0,0,1,6,0,0,1,1,1
56131.57,0,1,0,11,0,1,0,0,1
91438.14,20,0,0,34,0,0,1,0,1
23609.8,0,0,0,31,0,0,0,1,0
13639.86,20,0,0,37,0,1,0,1,1
79368.41,0,0,0,32,0,0,0,1,1
44095.91,0,0,0,36,0,1,0,0,0
8216.02,0,0,0,24,0,0,0,1,0
24690.13,20,0,0,34,0,0,0,0,0
53726.2,40,0,0,26,1,0,0,0,1
76264.09,0,0,1,8,0,1,0,0,1
76975.44,0,0,0,20,0,0,0,0,1
56955.38,0,0,0,38,1,1,0,1,1
95272.2,40,0,0,30,1,0,0,0,1
12545.63,40,0,1,15,0,0,1,0,1
82949.57,0,0,0,12,0,0,0,0,0
66297.33,20,0,0,35,0,1,0,0,1
51873.64,0,0,1,39,0,0,0,0,1
46076.86,0,0,0,14,0,0,0,0,0
67170.66,20,0,0,14,1,0,0,0,1
63900.5,0,1,0,7,0,0,1,0,1
64977.73,0,0,1,40,0,0,0,0,1
55123.76,0,0,0,23,0,0,1,0,0
15837.49,20,1,1,27,0,0,0,0,1
65122.66,0,0,0,5,1,0,1,0,1
63945.99,0,0,0,18,0,0,0,0,1
88563.32,40,0,0,26,0,0,0,0,1
21320.3,0,0,0,0,0,0,0,0,0
53533.37,0,0,0,17,0,1,0,0,1
74236.24,0,0,1,6,0,0,0,0,1
89839.47,40,0,0,27,0,0,0,0,1
18242.59,0,0,0,31,0,0,0,0,0
22987.25,20,0,0,34,1,0,0,0,0
64882.62,0,1,0,40,0,0,0,0,1
85904.81,0,0,0,11,0,0,1,0,1
67408.06,0,0,1,3,0,0,0,0,1
37173.94,20,0,0,32,0,0,0,0,1
95843.96,20,0,0,14,0,0,0,0,0
79006.79,40,0,0,17,1,1,0,0,1
53843.67,0,0,0,11,1,0,0,1,1
2773.11,0,0,0,5,0,0,0,0,0
65283.92,40,0,1,37,0,1,0,1,1
10315.0,0,1,0,37,0,0,0,0,0
31346.27,40,0,0,39,0,0,0,0,1
25199.23,20,1,0,28,0,0,0,0,1
43037.69,0,0,1,2,1,0,0,0,0
42006.77,0,0,0,31,0,0,0,0,0
29089.47,0,0,0,21,0,1,0,0,0
64651.72,0,0,0,2,0,0,0,0,0
60394.92,20,0,0,0,0,1,0,0,1
64830.05,40,0,1,2,0,0,0,1,1
43134.89,40,0,1,33,0,0,0,0,1
94197.12,0,0,0,21,0,0,0,1,0
40078.48,0,0,1,13,0,0,0,0,0
48112.69,0,0,1,6,0,0,0,0,0
1559.86,20,1,1,19,0,0,0,0,1
66940.94,0,0,0,6,0,0,0,0,0
87501.2,0,0,0,33,1,0,1,1,1
66852.84,0,0,0,27,0,0,1,0,1
50866.42,20,0,0,0,0,1,0,1,1
69272.53,0,0,0,12,1,0,0,0,0
37582.27,20,0,0,1,0,1,0,1,0
77750.55,20,0,1,21,0,0,0,0,1
9226.59,0,1,0,36,0,0,0,1,0
70636.94,40,1,0,10,0,0,0,0,1
46977.62,0,1,0,4,0,0,0,0,0
41085.83,0,1,0,11,0,0,1,1,1
77273.22,0,0,1,25,0,1,1,1,1
11477.03,40,0,0,29,0,0,0,0,0
82537.88,0,0,0,15,0,0,0,1,0
58952.17,0,0,0,29,0,0,1,0,1
52599.17,0,0,1,33,0,0,0,0,1
19178.19,0,1,0,26,0,0,0,0,0
36600.62,20,0,0,17,0,0,0,0,0
54396.6,0,1,0,16,1,0,0,0,1
82775.37,0,0,0,33,0,1,0,0,1
2149.23,0,0,0,39,0,0,1,0,0
69204.37,20,0,1,29,0,1,0,0,1
29715.36,0,0,0,28,0,0,0,0,0
33580.8,20,0,0,18,0,0,0,0,1
6455.45,0,0,0,31,0,1,0,0,0
40603.53,0,0,0,25,0,0,0,0,0
41759.33,0,0,1,34,0,0,0,0,0
13471.89,0,1,0,14,0,0,0,1,0
10208.79,20,0,0,14,0,0,0,0,0
34818.35,40,0,0,18,0,0,0,0,1
63278.64,20,0,0,31,0,0,0,0,1
52662.11,0,1,0,38,0,0,1,1,1
47709.94,0,0,0,17,1,0,0,0,0
10020.87,0,1,0,12,0,0,0,0,0
27927.43,0,0,0,8,0,0,0,0,0
26065.51,40,0,1,8,1,0,0,0,1
49225.4,0,0,0,7,0,0,1,0,0
15073.66,0,0,0,16,0,0,0,0,0
86862.25,0,0,0,19,1,0,0,0,1
10359.41,0,0,0,26,1,0,0,0,0
51743.12,0,0,0,0,0,0,0,0,0
14169.2,0,0,0,33,0,1,0,0,0
95354.23,0,0,0,17,0,0,1,1,1
98820.39,0,1,0,22,1,1,0,0,1
57375.25,0,0,0,28,0,0,0,0,1
69906.41,0,0,0,34,0,1,0,0,1
33699.5,0,0,0,38,1,0,0,0,0
37855.1,0,0,0,2,0,0,0,0,0
25336.7,0,0,1,29,0,0,0,0,0
72890.07,0,0,0,38,1,0,0,0,1
39528.67,0,0,1,37,1,0,0,0,1
20956.38,20,1,0,8,0,1,0,0,0
68547.19,20,0,0,40,0,1,0,0,1
48365.2,0,1,0,29,0,0,0,0,1
56125.58,0,0,1,18,0,1,1,0,1
55605.56,0,0,0,33,0,0,0,0,0
69590.94,20,0,1,36,0,0,0,1,1
69913.24,0,0,0,4,0,0,0,0,0
90883.77,40,0,1,5,0,0,0,0,1
43776.52,0,0,0,26,1,1,0,0,0
74757.31,0,0,0,18,0,0,0,0,0
64635.08,0,1,0,14,0,0,0,0,1
82347.66,40,0,0,33,0,0,0,0,1
46515.13,0,0,0,10,0,0,0,0,0
9482.98,40,0,0,40,1,0,0,1,1
72506.96,40,0,0,8,0,0,0,0,0
99071.27,0,0,0,36,0,0,1,0,1
96868.4,20,0,0,24,0,0,0,0,1
73874.9,0,0,0,12,1,0,0,0,0
13557.42,0,0,0,26,0,0,0,0,0
87149.56,20,0,0,40,0,0,0,1,1
62370.16,20,0,0,31,1,0,0,0,1
66649.21,0,0,0,18,0,0,0,1,1
8495.85,0,0,0,25,0,0,0,1,0
93105.09,0,0,1,10,1,0,0,1,1
79122.11,0,0,0,29,0,0,0,0,0
31254.7,20,0,0,7,1,0,0,1,0
2859.33,0,1,0,14,0,0,0,0,0
23375.5,0,0,0,32,0,0,1,1,0
67894.53,20,1,0,31,0,0,0,1,1
89524.17,40,0,1,21,0,0,0,1,1
21592.56,0,0,0,17,0,0,0,1,0
12447.24,0,0,0,3,0,0,0,0,0
85636.05,0,0,0,33,1,0,0,0,1
15970.5,0,0,0,36,1,0,0,0,0
37418.6,20,0,1,25,0,0,0,0,1
24154.17,0,0,0,20,0,0,0,0,0
8339.71,20,0,1,10,0,0,0,0,1
1464.89,40,1,0,1,0,0,0,0,0
54034.92,20,0,0,18,0,0,0,0,1
60371.28,20,0,0,18,1,0,0,0,1
44830.48,0,0,0,17,0,0,0,0,0
10309.8,0,0,1,35,0,0,0,1,1
31501.97,0,0,0,21,0,0,0,0,0
91024.71,20,0,0,23,0,0,0,0,1
36399.57,0,0,0,0,0,0,0,0,0
7426.7,0,0,0,15,0,0,0,0,0
34789.75,0,1,1,16,0,0,0,0,1
51736.75,0,0,0,38,1,0,0,0,1
73721.89,0,0,0,7,0,0,0,0,0
43446.36,0,0,0,9,0,1,0,1,1
77460.64,0,0,0,13,1,0,0,0,0
83460.45,20,0,0,8,0,0,0,0,0
24101.68,20,0,0,31,0,0,0,0,0
7370.49,20,0,1,25,0,1,0,0,1
14691.18,20,0,0,9,0,0,0,0,0
84552.42,0,0,1,35,1,1,0,1,1
21639.76,0,0,0,30,1,0,0,0,0
95130.29,20,0,0,19,0,0,0,0,1
79348.61,0,0,0,33,0,1,0,0,1
39240.91,0,0,1,40,0,0,0,0,1
81098.64,0,0,1,31,1,1,1,0,1
67353.22,0,0,0,26,0,0,0,0,1
4137.44,0,0,0,8,0,0,0,0,0
92694.65,0,0,0,37,0,0,0,1,1
52929.59,0,0,0,12,0,0,0,0,0
29348.28,0,0,1,5,0,0,0,0,0
6050.39,0,0,0,30,0,0,1,0,0
56797.3,0,0,0,6,0,1,0,1,0
73189.5,20,0,0,12,0,0,0,0,0
43274.05,20,0,0,21,1,0,0,0,1
3248.71,40,1,0,23,0,0,0,0,1
58758.09,0,0,0,39,1,0,0,1,1
5685.91,0,1,1,35,0,0,1,0,1
18587.76,20,0,0,10,0,0,0,1,0
71523.17,0,0,1,2,0,1,0,0,1
46177.99,0,0,1,20,0,0,0,0,1
40603.16,40,0,0,10,0,1,0,0,1
3552.58,20,1,0,23,0,0,0,0,1
12611.99,40,0,0,35,1,0,0,0,1
27315.77,40,0,0,3,0,0,0,0,0
70922.8,0,0,0,29,0,0,0,0,0
77143.52,0,1,0,37,1,0,0,0,1
94666.29,0,0,1,2,0,0,0,1,0
8545.88,20,0,1,19,1,0,0,1,1
26936.52,0,0,0,0,1,1,0,1,0
23938.57,40,0,0,36,0,0,0,0,1
55108.14,20,0,0,2,0,0,0,0,0
49440.79,20,0,0,32,0,0,0,0,1
1630.68,20,0,0,18,0,0,0,0,0
88606.85,0,0,0,19,0,0,0,1,0
76893.49,0,0,0,17,0,0,0,0,0
90981.63,20,0,0,23,1,0,0,1,1
40757.2,0,0,0,37,0,0,0,0,0
88566.43,0,0,0,5,0,0,0,1,0
30547.22,0,0,0,31,0,1,0,0,1
17062.06,0,0,0,8,0,0,0,1,0
98166.32,0,0,0,3,0,0,0,0,0
32712.09,20,0,0,12,0,0,1,0,1
635.48,0,0,0,2,0,0,1,0,0
99251.02,0,0,0,13,1,0,0,0,0
6638.18,40,1,0,9,1,0,0,0,1
3260.81,0,0,0,35,1,1,1,1,1
73285.02,0,0,0,3,1,0,0,1,1
28618.01,40,0,0,32,0,1,0,0,1
92889.73,20,0,0,36,1,0,1,0,1
91815.21,20,1,0,21,1,0,0,0,1
9700.45,0,0,0,14,0,0,1,0,0
53987.61,0,0,0,22,0,0,1,1,1
69667.0,0,0,0,39,0,0,0,1,1
27615.31,20,0,0,34,0,0,0,0,1
71015.4,0,0,0,36,0,0,0,0,0
59613.62,20,0,0,13,0,0,1,0,1
86849.46,0,0,0,21,0,0,1,0,0
40934.85,20,0,0,14,0,0,0,1,0
49257.55,0,1,1,40,0,0,1,0,1
35343.41,0,0,0,28,0,0,1,0,0
48460.57,0,0,0,39,0,0,0,0,1
26773.76,0,0,1,5,0,0,1,0,0
63733.84,0,0,0,36,0,0,0,0,1
49805.45,0,0,1,15,0,0,0,0,0
44504.56,0,0,0,11,0,0,0,0,0
72615.99,0,0,0,4,0,1,0,0,1
98325.07,0,0,0,3,0,0,0,0,0
80202.89,20,0,0,12,0,0,0,0,0
90959.86,20,0,0,5,0,0,0,0,1
46427.69,40,0,0,19,1,1,0,1,1
9866.09,0,0,0,0,0,0,0,1,0
91225.74,0,0,0,37,0,1,0,0,1
51837.87,20,0,0,5,0,0,0,0,0
69839.63,0,0,0,26,0,0,0,0,0
50315.6,0,0,0,4,0,0,0,0,0
15336.6,20,1,0,18,0,0,0,1,0
27635.14,0,1,0,20,1,0,0,0,0
29502.04,0,0,0,39,1,0,0,0,0
27205.99,0,0,0,16,0,0,0,0,0
69194.4,0,0,0,22,0,0,0,0,1
4093.71,0,0,0,9,0,0,1,0,0
43009.93,20,0,1,20,0,0,0,0,0
49667.72,20,1,0,10,1,0,0,0,1
63270.33,20,0,0,0,0,0,0,1,0
62902.26,0,0,0,31,0,0,0,1,0
58505.63,20,0,0,1,1,0,0,1,1
42987.32,20,0,0,38,1,1,0,0,1
66156.03,0,0,0,2,0,0,1,0,0
86442.76,0,0,1,9,0,0,0,0,1
46642.15,0,0,1,19,1,0,0,1,1
53329.41,0,0,0,36,0,0,0,0,1
49026.76,0,0,0,5,0,1,0,1,0
74222.65,20,0,0,35,0,1,0,0,1
85119.13,20,0,1,17,1,0,0,1,1
87374.94,20,0,0,34,0,0,0,0,1
4787.23,0,0,0,34,0,1,0,0,0
69167.0,0,0,0,10,1,1,1,0,1
77208.05,0,0,1,4,1,0,0,0,1
30332.61,0,0,0,15,0,0,0,0,0
4084.61,0,0,0,10,1,0,0,0,0
94504.98,20,0,0,2,0,0,0,1,0
49433.06,0,0,0,18,0,0,1,0,1
8718.38,40,0,0,34,0,0,0,0,1
23846.84,0,0,0,36,0,1,0,1,1
52706.68,0,1,0,17,0,0,0,0,1
4441.18,0,0,0,15,0,0,0,0,0
48986.13,20,0,1,31,0,0,0,1,1
63678.12,0,1,0,31,0,1,0,0,1
36472.95,0,0,0,4,0,0,0,0,0
7114.73,20,1,1,3,0,0,1,0,1
81796.86,0,0,0,34,0,0,0,0,1
14694.02,0,0,0,14,0,1,0,0,0
22142.76,20,0,0,26,0,1,1,1,1
50226.76,0,0,0,24,1,0,0,0,1
24202.31,0,0,1,4,1,0,0,0,0
57820.47,20,0,0,40,0,0,0,0,1
15665.43,20,0,0,15,1,0,0,0,1
67535.49,40,0,0,30,1,1,0,0,1
89146.64,0,0,0,5,1,0,0,0,0
20322.01,40,0,0,10,0,0,0,0,0
65906.06,0,0,0,26,0,0,1,1,1
1092.45,40,0,0,14,0,0,0,0,0
48217.15,0,0,0,20,0,0,0,0,0
44898.65,20,0,0,0,0,1,1,1,1
19893.42,20,0,0,14,0,0,0,0,0
78261.29,0,0,0,39,1,0,0,0,1
77830.61,0,0,0,14,0,1,0,0,1
18899.84,0,1,0,40,0,0,0,0,0
38701.09,20,0,0,22,0,0,0,1,0
93048.8,0,1,0,37,0,0,0,0,1
98714.65,0,0,0,31,1,0,0,0,1
40482.89,0,0,0,20,0,0,0,0,0
42950.77,0,0,1,12,0,0,1,0,0
92220.88,40,1,0,28,0,0,0,0,1
73777.26,40,0,0,2,0,0,0,1,1
90088.12,0,0,0,33,0,0,0,1,1
14744.81,0,0,0,32,0,0,0,0,0
63695.48,0,0,0,16,0,0,0,1,0
2628.42,0,0,0,0,0,0,0,0,0
81267.57,20,0,0,17,0,1,0,0,1
2378.49,0,0,0,16,0,0,0,1,0
64749.33,0,1,1,3,1,0,0,0,1
91287.82,20,0,0,27,0,0,0,0,0
10283.77,0,0,0,4,0,0,0,0,0
4169.94,0,0,0,26,0,0,0,0,0
52520.41,0,0,0,33,0,0,0,0,1
94212.54,0,0,0,8,0,1,0,1,1
32977.62,0,0,0,33,0,0,1,0,0
28818.98,0,1,0,20,0,0,0,0,1
49958.47,20,0,0,11,0,1,0,0,0
93738.22,0,0,0,32,0,0,0,0,1
98813.38,20,1,0,38,0,0,0,0,1
49248.38,20,0,0,5,0,0,0,0,0
3966.97,0,0,1,23,0,1,0,0,1
60211.57,20,0,0,24,0,1,0,0,1
77000.43,0,0,1,2,0,0,0,0,0
33661.28,0,1,0,25,0,0,0,1,1
93273.03,0,0,1,5,0,1,0,0,1
55981.91,0,0,0,22,0,1,1,0,1
83986.91,20,0,1,11,0,0,0,0,1
86217.81,20,0,0,18,0,0,0,1,0
90188.32,0,0,0,21,0,0,0,0,1
96798.37,40,0,1,17,0,0,0,0,1
14231.08,20,0,0,1,0,0,0,0,0
71434.39,0,0,0,21,0,0,0,0,0
81316.62,0,0,0,2,0,0,0,0,0
58952.01,0,0,0,24,0,0,0,0,1
29360.52,0,1,0,17,0,0,0,0,0
78413.99,0,1,0,16,0,0,1,0,1
64064.68,20,1,1,6,0,1,0,1,1
36344.57,0,0,0,17,0,0,0,0,0
6605.52,20,0,0,33,0,0,0,0,1
94861.93,20,0,1,1,0,1,0,0,1
7432.11,20,0,0,14,0,0,0,1,0
60846.32,0,0,0,33,0,0,0,1,1
73845.24,0,0,0,29,0,0,0,0,0
69971.21,0,0,0,11,0,1,0,0,1
18031.07,20,0,0,2,0,0,0,0,0
78802.24,0,1,0,27,0,0,0,0,1
91949.61,0,0,0,30,0,0,0,1,1
86149.97,0,0,0,40,0,0,0,1,0
46266.55,20,0,1,39,1,1,1,0,1
40590.47,0,0,0,28,1,1,0,0,0
85195.62,0,1,0,40,0,0,0,0,1
88562.44,40,1,1,11,0,0,0,0,1
4651.49,0,0,0,13,0,0,0,1,0
35451.21,0,0,0,22,0,0,0,0,0
94801.35,40,1,0,33,0,0,0,0,1
79482.29,20,1,1,12,0,0,0,0,1
13913.75,0,0,0,6,0,0,0,0,0
70020.1,0,0,0,16,1,1,0,1,1
86705.17,40,0,0,14,0,0,0,0,1
476.56,40,0,0,38,0,1,0,0,1
68581.38,20,0,1,7,0,0,0,1,1
97033.79,0,0,0,7,0,0,0,0,0
79099.34,0,0,0,25,0,1,1,0,1
84469.45,0,0,0,32,0,0,0,0,0
6451.91,0,0,1,27,0,0,0,1,0
49103.96,0,0,0,39,0,1,0,1,0
13987.2,0,1,0,37,0,0,0,1,0
89373.82,40,0,0,22,1,0,0,0,1
89213.02,0,0,1,31,1,0,0,0,1
77642.69,0,0,0,39,1,0,0,0,1
99934.57,20,0,1,21,1,0,0,1,1
13149.79,0,0,1,12,0,0,0,0,0
99961.68,0,0,1,33,0,0,0,1,1
95638.56,0,0,0,0,0,0,0,0,0
93104.89,0,0,0,18,0,0,0,0,0
69586.23,0,0,0,17,0,0,0,0,1
79072.86,0,0,0,25,0,0,0,0,1
45537.54,0,0,1,23,0,0,0,1,0
28691.36,0,1,1,2,1,1,0,0,0
30383.44,20,0,0,6,0,0,0,0,0
359.64,0,0,1,38,0,0,0,0,0
67641.96,0,0,0,6,1,1,0,0,1
54870.4,40,0,1,7,0,1,0,0,1
34600.6,0,0,1,7,0,0,1,0,0
4274.19,0,0,0,15,0,0,0,1,0
85508.66,0,0,0,31,1,0,0,0,1
77974.01,0,0,0,12,0,1,0,0,0
13993.57,0,0,0,11,0,0,0,0,0
54486.51,20,1,1,4,0,0,0,0,1
7923.66,0,0,1,20,0,1,0,0,1
90391.61,40,1,0,37,0,0,0,0,1
9393.06,20,0,0,29,0,1,0,0,1
5846.61,40,0,0,17,0,1,0,1,1
52205.0,20,0,0,9,1,0,0,0,1
39414.74,0,0,0,13,0,0,0,0,0
75401.79,20,0,0,9,1,0,0,0,1
56698.87,20,0,0,32,0,0,0,1,1
4457.83,0,0,0,30,0,0,0,0,0
87575.29,0,1,0,8,0,0,0,1,1
40688.88,20,0,0,33,0,0,0,0,0
93470.29,20,0,0,35,0,1,0,0,1
83876.87,0,1,0,30,0,0,0,0,1
57217.32,20,1,0,27,0,1,0,1,1
47980.04,20,0,1,18,0,0,0,1,1
33077.28,20,0,0,15,0,0,1,0,1
30806.95,0,1,0,19,0,0,1,1,1
63039.59,0,0,0,34,0,1,0,0,1
59281.57,0,0,0,38,0,0,0,0,1
80477.27,0,0,0,24,0,0,0,0,1
63226.66,0,0,0,0,0,0,0,1,0
13840.06,40,0,1,8,0,0,0,0,1
73298.23,0,1,1,20,1,0,0,0,1
83897.82,20,0,0,2,0,0,0,0,0
7781.21,0,0,0,31,0,0,0,0,0
77960.5,0,0,0,0,0,0,0,0,0
26374.96,0,0,0,6,0,0,0,0,0
26837.7,0,1,0,34,0,1,0,1,1
4123.09,0,0,0,36,0,0,0,0,0
19038.45,0,0,0,5,1,0,0,0,0
25280.13,0,1,1,39,0,0,0,0,1
379.3,20,0,0,7,0,0,0,0,0
81188.17,20,0,0,2,0,1,0,0,0
7926.02,40,0,0,14,0,0,0,0,0
8098.47,0,1,0,16,1,0,0,0,0
9192.49,0,0,0,3,0,0,0,1,0
44754.84,20,0,1,8,0,1,0,0,0
6583.11,0,0,0,33,0,0,0,0,0
33907.13,20,0,0,2,0,0,0,0,0
55011.94,0,1,0,1,0,0,0,0,1
99677.11,20,1,0,31,0,0,0,0,1
88689.39,20,0,1,40,1,0,0,0,1
27190.18,40,0,0,30,0,0,0,0,0
20206.57,0,0,1,15,0,0,0,1,0
30464.89,0,0,0,20,0,0,0,0,0
35829.63,0,0,1,4,0,0,0,0,0
82391.72,20,0,0,20,0,0,0,0,1
21045.46,0,0,0,12,0,0,0,0,0
13616.92,20,0,1,16,1,0,0,0,1
21187.66,0,0,0,37,0,0,0,0,0
7946.53,0,0,0,24,0,0,0,0,0
89650.53,0,0,0,32,0,0,0,0,0
99303.41,0,0,0,14,0,0,0,0,0
12399.39,0,0,0,19,0,0,1,0,0
28900.51,0,0,0,15,1,0,0,0,0
47287.11,0,0,0,2,0,0,1,0,0
92887.29,20,0,0,16,0,0,0,0,0
27053.78,20,1,1,10,0,0,0,0,1
82585.43,0,0,0,0,0,0,1,1,0
66180.28,0,0,0,30,0,0,0,0,1
40024.11,20,0,0,17,0,0,1,0,0
72111.54,0,0,0,6,0,1,1,0,1
56872.12,20,0,0,17,0,0,0,0,1
10763.95,0,0,0,5,0,1,0,1,0
40834.45,0,0,0,14,0,0,0,0,0
55293.79,0,0,1,11,0,0,0,0,1
88930.11,0,0,0,33,0,0,0,1,1
45950.79,40,0,1,15,0,0,0,0,1
18478.62,0,0,1,23,1,0,1,0,1
62931.06,0,1,0,18,1,0,0,0,1
95014.32,0,0,1,27,0,0,1,1,1
41442.04,20,0,1,12,0,1,0,0,1
25641.08,0,1,0,24,0,0,0,1,1
18860.65,20,1,0,38,1,0,1,1,1
39112.89,0,1,0,1,1,0,0,0,0
59950.23,20,0,0,10,1,0,0,0,1
51482.16,0,0,0,38,0,0,0,0,1
95689.49,0,0,1,32,1,0,0,0,1
34492.13,20,0,0,31,0,0,0,0,0
41597.38,0,1,1,25,0,0,0,0,1
32148.69,40,0,0,5,0,0,0,1,1
31547.48,0,0,0,31,0,1,0,1,0
96346.79,40,0,0,24,0,1,0,1,1
11810.21,0,0,1,10,0,0,0,0,0
49201.16,20,0,0,16,0,1,1,0,1
69960.66,0,0,1,19,1,1,0,0,1
87163.54,0,1,0,17,0,0,0,0,1
38096.6,40,0,0,3,0,0,0,0,0
85325.37,0,0,0,13,0,1,0,1,0
2360.03,20,0,1,3,0,1,0,0,0
56938.6,0,0,0,24,0,0,0,1,1
531.55,0,1,0,22,0,1,0,1,1
25407.25,20,1,0,23,0,0,0,0,1
4248.43,40,0,0,0,0,0,0,0,0
62875.02,0,0,0,35,1,0,0,1,1
4378.08,40,0,1,5,0,0,0,0,1
84094.96,0,0,1,17,1,0,0,1,1
48407.79,0,0,0,21,1,0,0,0,0
43828.98,0,0,1,30,0,1,0,0,1
58223.39,0,0,0,37,0,0,0,0,1
9496.41,0,0,0,34,0,0,0,0,0
61957.74,0,0,0,15,1,0,0,0,0
28441.73,0,1,0,30,1,0,0,0,1
55877.54,20,0,0,35,0,0,1,0,1
84228.45,0,1,0,12,0,0,0,1,1
9994.14,0,0,1,8,1,0,0,1,1
1875.32,20,1,0,29,0,0,0,0,0
45193.89,0,0,1,40,0,0,0,1,1
491.15,20,0,0,36,0,0,0,1,1
4229.12,20,0,0,14,0,0,0,0,0
64351.11,0,0,0,30,0,0,0,0,1
18543.85,0,0,0,13,0,0,0,1,0
91316.85,20,0,1,30,0,0,0,0,1
14696.0,0,0,0,38,0,0,0,0,0
17986.58,0,1,0,20,1,1,0,0,0
97480.02,0,0,0,25,0,0,0,0,1
66691.99,0,0,0,21,0,0,0,0,0
75683.57,0,0,0,20,1,0,0,0,0
66321.43,0,0,0,25,0,0,0,1,1
69265.5,0,0,0,27,1,0,0,0,1
88455.68,0,0,1,26,0,0,0,1,1
28742.85,0,0,0,33,0,0,1,1,1
1439.09,0,0,1,7,0,0,0,0,0
81255.15,0,0,0,31,0,0,1,0,1
44958.83,0,1,0,21,0,0,0,0,1
83871.66,20,0,0,23,0,0,0,0,0
81892.1,40,0,0,15,0,0,0,0,1
55268.15,0,0,0,12,0,0,0,0,0
60465.73,0,0,0,18,0,0,0,0,0
74594.06,40,1,0,38,1,0,1,1,1
21973.92,20,0,0,37,0,0,0,0,0
14571.66,0,0,0,33,0,0,0,0,0
12436.54,20,0,1,9,0,1,0,0,0
11365.98,0,0,0,28,0,0,0,0,0
27123.17,0,0,0,4,0,0,0,1,0
86016.02,0,0,0,15,0,0,0,0,1
75337.92,0,0,0,12,0,1,0,1,1
58487.67,40,0,0,0,0,0,0,0,1
69017.39,20,0,1,1,0,0,0,0,1
34071.31,0,0,0,21,0,0,0,0,0
50065.19,40,0,0,19,0,0,0,0,1
16297.49,0,0,0,28,0,0,0,0,0
38239.49,0,0,1,5,0,0,0,1,0
31201.87,0,0,0,27,0,0,0,1,0
47555.08,20,0,1,32,0,0,0,0,1
44739.3,0,0,0,2,0,0,0,0,0
84876.44,0,1,0,34,0,0,0,0,1
86876.15,40,1,0,28,0,0,0,0,1
23786.21,20,0,1,39,0,0,0,1,1
94368.54,0,0,0,34,0,1,0,0,1
15798.7,0,0,0,34,0,0,0,0,0
41708.03,20,0,1,17,0,0,0,1,1
99493.15,0,0,0,22,0,0,0,0,0
63366.4,20,0,1,5,0,0,0,0,1
81229.81,40,0,0,26,0,0,0,0,1
75353.39,0,0,0,37,0,0,0,0,1
24949.82,20,1,0,18,1,0,0,1,1
90676.57,40,0,1,3,0,0,0,0,1
68115.42,0,0,0,36,0,1,0,1,1
53617.03,0,0,1,34,0,0,0,0,1
3977.09,20,0,0,32,0,1,0,1,0
27907.82,0,0,0,26,0,0,0,0,0
59208.43,20,1,0,31,0,0,0,0,1
98773.1,0,0,1,17,0,0,0,0,1
63282.17,20,0,0,7,0,0,0,0,0
51251.6,20,0,0,28,0,1,0,0,1
92084.97,20,0,1,25,0,0,0,0,1
75233.93,0,0,0,32,0,0,0,0,0
10861.18,20,0,1,36,0,0,0,1,1
94824.22,0,0,0,28,0,1,1,0,1
48407.42,40,0,0,33,0,1,0,0,1
52261.85,40,0,1,23,0,0,0,0,1
32475.33,20,0,0,37,0,0,0,0,0
27112.03,0,0,0,15,0,0,0,0,0
7154.91,0,0,0,11,0,0,0,0,0
24693.89,0,0,1,22,0,0,0,0,0
57997.92,0,0,0,3,1,0,0,0,1
33966.27,0,0,0,39,0,0,0,0,1
34034.17,0,0,0,21,0,0,1,0,0
10539.61,0,0,0,20,0,0,0,0,0
93217.79,0,1,0,30,1,0,0,0,1
92620.1,0,0,0,9,0,0,1,0,0
10405.66,0,0,0,15,1,1,0,1,0
1844.1,0,0,0,31,0,0,0,0,0
72007.84,0,0,0,5,0,0,0,1,0
59826.54,0,0,0,32,1,0,0,0,1
9894.5,0,0,1,37,0,0,1,1,1
72315.01,0,0,0,32,0,0,0,0,0
30601.77,20,1,0,1,0,0,0,0,0
83889.0,0,1,0,37,0,1,0,0,1
37039.2,0,0,1,4,1,0,0,0,1
16549.07,0,0,0,28,0,0,0,0,0
56261.12,0,0,1,8,1,0,0,0,1
94131.43,0,1,0,20,0,0,0,0,1
78018.59,20,1,0,24,0,0,0,0,1
8978.45,0,1,0,8,1,0,0,0,0
40801.36,0,0,0,21,0,0,0,0,0
66983.32,0,0,1,25,0,0,0,1,1
40108.12,20,0,1,21,0,0,0,0,1
67158.91,0,1,0,29,0,0,0,0,1
45196.8,0,0,0,23,0,1,0,0,0
51773.01,0,0,0,28,1,0,0,0,1
22893.59,0,0,0,8,1,0,0,0,0
90660.37,20,0,0,13,1,0,0,1,1
1395.36,20,0,0,1,1,0,0,1,1
98160.55,0,0,0,4,0,1,0,0,0
17026.8,0,0,1,40,0,0,0,0,0
99538.64,20,1,0,24,1,0,0,0,1
48239.59,0,1,1,1,0,0,0,0,0
77901.39,0,0,0,11,1,0,0,0,0
83352.37,20,0,0,11,0,0,0,0,0
32934.24,0,0,0,2,0,0,0,0,0
36529.99,0,0,0,22,0,0,0,0,0
3925.74,0,0,1,35,0,0,0,0,1
10772.82,0,0,0,13,0,0,0,0,0
45949.03,0,0,1,1,1,0,0,0,0
38426.55,0,0,0,32,0,0,1,0,0
40149.74,0,0,0,10,1,0,0,0,0
81337.21,0,0,0,27,0,0,0,0,0
77418.03,20,0,0,35,0,0,0,0,1
86626.09,0,1,1,30,0,0,1,0,1
18432.09,0,0,0,26,0,0,0,0,0
92562.11,0,1,0,2,0,0,0,0,1
84153.66,0,0,0,18,0,0,0,1,0
75240.15,20,0,0,34,0,0,0,0,1
75068.76,0,1,0,30,0,0,0,1,1
35273.83,0,0,0,19,0,1,0,0,1
83323.75,0,0,0,33,0,0,0,0,0
6739.07,0,0,0,33,0,0,0,0,0
84112.85,0,0,0,28,0,1,0,1,1
43895.9,40,1,0,11,0,0,0,0,1
88858.44,40,0,1,0,0,0,0,0,1
56868.01,0,0,0,10,1,0,1,0,1
43826.28,20,0,0,30,0,0,1,0,1
47596.62,0,0,0,28,0,0,0,0,0
89972.95,0,1,0,39,1,0,0,0,1
68634.7,0,0,0,39,0,0,1,0,1
53031.02,0,1,0,40,0,0,0,0,1
96750.85,20,0,0,35,1,0,0,0,1
49907.26,0,0,0,0,0,0,0,1,0
85742.03,40,0,0,14,0,0,0,1,1
89964.26,0,0,0,27,0,0,0,1,0
12629.34,0,0,1,13,0,0,0,0,0
21708.97,20,0,0,3,1,0,0,0,0
81965.3,0,0,0,37,0,0,0,0,0
92632.12,0,0,0,2,0,0,0,0,0
57563.94,0,0,0,15,0,0,0,1,0
8866.56,0,0,0,30,0,1,0,0,1
30178.73,20,0,0,28,0,0,1,0,0
34030.87,20,0,1,21,0,0,0,0,1
85767.85,0,1,0,1,0,0,0,0,1
59375.38,0,0,1,22,0,0,0,0,0
37019.87,0,0,0,32,0,1,0,0,1
23706.2,0,1,0,18,0,1,0,0,0
58757.99,0,0,0,34,0,0,0,0,0
69109.93,0,0,0,13,0,1,0,1,1
81274.24,40,0,0,3,0,0,0,0,1
20118.38,20,0,1,35,0,0,0,0,1
66885.91,0,0,0,30,1,1,0,1,1
88058.69,20,0,0,32,0,0,0,0,1
97681.39,0,0,0,3,0,0,0,0,0
68068.44,0,0,0,26,0,0,0,0,1
56683.94,0,0,1,5,0,1,0,0,0
47680.94,0,0,0,37,0,0,0,0,0
93363.03,0,1,0,28,0,0,0,0,1
93379.82,0,0,0,3,0,0,0,0,0
55371.46,0,0,0,6,0,0,0,0,0
6894.78,0,0,1,2,1,0,0,0,0
44488.27,0,0,0,34,0,1,0,0,0
3226.02,20,0,0,39,0,0,0,1,1
76742.3,0,0,1,39,1,0,0,0,1
63198.61,0,0,0,22,0,0,0,1,1
17972.39,40,0,0,29,0,0,0,0,0
89538.31,20,0,0,34,0,0,1,0,1
51823.95,0,0,0,1,0,0,0,0,0
85128.18,20,1,1,20,0,0,1,0,1
64132.99,40,1,0,34,0,0,0,0,1
28845.25,0,1,1,8,0,0,0,0,1
49076.34,20,0,0,36,1,0,0,0,1
48523.54,0,0,1,36,0,0,0,1,1
80983.66,0,0,0,13,0,0,0,1,1
62107.15,20,0,0,9,0,0,0,0,0
73212.23,0,0,0,0,0,0,0,1,0
17156.64,20,0,0,12,0,0,0,0,0
53492.1,20,0,0,31,0,0,0,0,1
96714.3,20,1,0,36,1,0,0,1,1
38285.24,20,0,1,24,0,0,0,0,1
11009.93,0,1,0,2,0,0,0,0,0
80070.03,20,0,1,12,0,1,0,0,1
38918.76,0,1,1,1,0,0,0,1,0
25743.65,0,1,0,31,0,0,0,0,0
31912.14,40,0,0,19,0,0,0,0,0
70347.56,0,0,1,0,0,0,0,0,0
13153.64,0,0,1,33,1,0,0,0,0
49913.79,20,0,0,23,0,0,0,0,0
21197.94,0,1,1,19,0,0,0,0,1
35970.93,0,0,0,40,0,0,0,1,1
66140.93,20,0,1,34,0,0,0,0,1
83390.86,0,0,1,33,1,1,0,0,1
74895.7,0,1,0,37,0,0,0,1,1
29556.65,20,1,0,15,0,1,0,0,1
73538.71,40,1,0,39,0,0,0,1,1
99470.69,0,1,0,22,0,0,0,1,1
82285.59,0,1,0,36,0,0,1,0,1
96638.82,20,0,0,27,0,0,0,0,1
76260.51,0,0,0,30,0,0,0,0,0
72651.54,0,0,0,14,0,0,0,0,0
94876.27,40,0,0,29,0,0,0,1,1
4080.23,0,0,0,15,0,0,0,0,0
45268.44,0,0,0,28,0,0,0,0,0
5611.65,20,0,0,29,1,0,0,0,0
68261.23,0,0,0,15,0,0,0,0,0
28186.5,40,0,0,14,0,0,0,0,1
3411.77,0,1,0,7,0,1,0,1,0
58109.3,20,0,1,26,0,0,0,0,1
71605.7,20,0,1,34,1,0,0,1,1
67503.2,40,0,1,13,1,0,0,0,1
63656.1,0,0,1,21,0,0,0,0,1
39263.46,0,0,0,40,1,0,0,0,1
65333.85,20,0,1,17,0,0,0,0,1
85853.75,20,0,0,26,0,0,1,1,1
77919.69,0,0,0,39,0,0,0,0,0
88325.52,0,0,0,34,0,0,0,0,1
92697.68,20,0,0,33,1,0,0,0,1
53851.4,0,0,1,31,0,0,0,1,1
59425.11,0,1,0,39,0,0,0,1,1
88230.34,0,1,1,4,0,0,0,1,1
99429.24,20,0,0,28,0,0,0,1,1
28026.94,20,0,1,29,0,0,0,0,1
88621.02,0,1,0,14,1,0,0,0,1
20219.2,0,0,1,23,0,0,0,1,1
448.12,0,0,0,16,0,0,0,0,0
57452.53,0,0,0,13,0,0,0,1,1
91357.27,0,0,1,19,0,0,0,0,1
36567.92,20,0,1,4,0,0,0,0,0
94357.53,0,0,0,19,0,0,1,0,0
42674.75,40,0,0,6,0,0,0,0,0
92362.64,0,0,0,37,0,1,0,0,1
2627.3,20,0,0,29,0,0,0,0,0
38250.95,0,0,1,24,0,1,0,0,0
76825.99,0,0,0,9,0,0,0,1,0
9754.91,0,0,0,16,0,1,0,0,0
28552.71,20,0,0,1,0,1,0,1,0
3319.95,0,0,0,0,0,1,1,0,0
42388.84,0,0,0,17,0,0,0,0,0
87700.14,20,0,0,36,0,1,0,0,1
75870.16,0,0,1,38,0,0,0,0,1
26932.41,0,0,0,39,1,1,0,0,0
72104.94,0,0,0,22,0,1,0,0,1
79375.14,40,1,1,6,0,0,0,0,1
8180.38,40,0,0,31,0,0,0,0,1
87695.59,20,0,0,14,0,0,0,0,1
26860.92,20,0,0,35,0,1,0,0,1
14373.84,20,0,0,18,0,0,0,0,0
78041.49,0,0,0,17,0,0,0,0,0
53750.74,0,0,0,38,0,0,1,1,1
25488.52,0,0,0,4,0,1,0,0,0
20985.85,20,0,0,35,0,0,0,1,1
69460.85,0,0,0,25,0,0,0,0,1
30153.75,0,1,0,26,0,1,0,1,1
3073.82,0,0,0,8,0,0,0,0,0
29056.88,0,0,0,17,1,0,0,0,0
78141.86,0,0,1,26,0,0,0,0,1
68598.49,0,0,0,2,0,0,1,0,0
24547.11,0,0,0,28,0,1,0,0,0
13865.48,0,0,0,24,0,0,0,1,0
19863.28,0,0,1,27,0,0,0,0,1
16570.79,0,0,0,38,0,0,0,0,0
40967.22,0,0,0,2,0,0,0,0,0
60649.23,40,0,0,8,0,0,0,0,1
92161.13,0,0,0,24,0,0,0,1,1
93088.22,0,0,1,33,0,0,0,0,1
80904.17,0,0,1,7,0,0,0,0,0
28502.49,0,0,0,18,0,0,0,1,0
62274.0,0,0,0,11,0,1,1,0,1
24944.64,0,0,0,23,0,0,0,0,0
60727.8,0,0,1,3,1,0,0,0,1
65957.39,0,0,0,8,0,0,0,0,0
93473.31,20,0,1,1,0,0,0,0,0
84955.79,0,0,1,2,0,1,0,0,0
66257.69,0,1,1,10,0,0,0,1,1
95371.89,20,0,0,34,0,0,0,0,1
23886.82,0,0,0,22,0,0,1,1,0
45511.38,20,0,0,20,0,1,1,0,1
69151.31,0,0,1,17,1,1,0,1,1
42747.83,20,0,0,40,1,0,0,0,1
78647.27,40,0,1,10,0,0,0,0,1
63866.28,0,0,1,38,0,1,0,0,1
67716.24,0,0,0,1,0,0,0,0,0
18073.93,0,0,0,17,0,0,0,0,0
91581.07,20,0,0,33,1,0,0,0,1
624.6,0,0,0,38,0,0,0,1,0
11057.81,0,0,0,14,0,1,0,0,0
62388.04,0,1,0,38,0,0,0,0,1
6908.31,0,1,1,18,0,1,0,0,0
16800.36,0,0,0,2,0,0,0,0,0
55896.32,20,0,0,32,0,0,0,1,1
25878.49,0,0,0,3,0,0,0,1,0
94558.73,0,0,0,26,0,0,0,0,0
49587.55,0,0,1,7,0,0,0,1,0
40052.85,40,1,0,0,0,0,1,1,1
14740.92,0,0,0,10,1,0,0,0,0
24158.75,20,0,1,11,0,0,0,0,0
79254.58,40,0,0,32,0,0,0,0,1
94289.63,0,0,0,3,0,0,0,0,0
29235.78,0,0,0,24,0,0,0,0,0
40712.44,20,0,0,16,0,1,0,0,0
97905.54,20,1,0,8,1,0,0,1,1
87166.85,0,0,0,14,0,0,0,0,1
89531.96,20,1,0,21,1,0,0,0,1
14341.19,0,0,0,6,0,0,0,1,0
28689.75,20,1,0,5,0,0,0,0,1
70175.26,20,1,0,39,0,0,0,1,1
35185.62,0,0,0,3,0,0,0,0,0
37991.62,0,0,0,27,0,0,0,0,0
44424.5,0,0,0,2,1,0,0,1,0
33666.15,20,0,0,25,0,0,0,0,0
88751.52,0,0,0,20,0,0,0,0,1
69469.64,0,0,0,7,0,0,0,0,0
80238.42,0,0,0,21,0,0,0,0,0
50794.19,0,1,0,21,0,1,1,0,1
63350.13,20,0,0,37,1,1,0,0,1
52066.33,0,0,0,35,0,0,0,0,0
35756.32,20,0,0,15,0,0,1,0,1
75710.08,0,0,1,25,0,0,0,0,1
35987.24,0,0,0,12,0,1,0,1,0
72096.3,0,0,0,15,0,0,0,0,0
13018.84,20,0,0,15,0,1,0,0,0
66280.03,0,1,0,33,1,1,1,0,1
12188.22,40,0,0,6,0,1,0,0,1
44427.93,0,0,0,7,1,0,0,0,0
58566.31,20,0,1,6,0,0,1,0,1
50106.08,40,0,0,7,0,0,0,0,0
45680.52,0,0,0,20,0,0,0,0,0
58547.39,0,1,0,0,1,1,0,1,1
73601.82,20,0,0,23,0,0,0,0,0
24927.38,20,0,0,35,0,0,1,0,1
11406.67,20,0,1,2,0,0,1,0,1
67219.95,40,1,1,9,0,0,0,0,1
49310.93,20,0,0,29,0,0,0,1,0
67823.88,20,1,0,5,1,0,0,0,1
99082.7,0,0,0,0,0,1,0,1,0
62160.8,20,0,0,36,0,0,0,0,1
35281.23,0,0,0,9,0,0,0,0,0
96746.06,0,0,0,7,0,0,0,1,0
71102.19,20,0,0,5,0,0,0,1,0
36903.83,0,1,1,22,0,0,1,0,1
91833.91,0,0,0,6,0,0,0,0,0
872.97,0,0,1,27,1,0,0,1,1
9175.16,0,0,0,27,0,0,0,0,0
77335.34,0,0,0,38,0,1,1,0,1
3273.54,0,0,0,19,0,1,0,1,0
62023.33,20,1,1,13,0,0,0,1,1
88012.67,0,0,1,13,1,0,0,0,1
93547.0,0,0,1,3,0,0,0,1,0
77634.65,40,0,1,21,0,0,0,1,1
44285.11,0,0,0,0,0,0,0,0,0
41931.86,0,0,0,11,0,0,0,0,0
9688.12,20,0,0,7,0,0,0,0,0
8910.8,20,0,0,12,0,0,0,1,0
14810.42,20,0,0,31,0,0,0,0,0
22927.36,20,0,1,38,1,0,0,1,1
29047.92,20,1,0,12,0,0,0,1,0
64808.11,20,1,0,4,0,0,0,0,1
11281.79,0,0,0,5,1,0,0,0,0
70820.08,20,0,0,14,0,0,0,0,0
64638.31,0,0,0,7,0,0,0,0,0
53075.73,20,0,0,18,1,1,0,0,1
11136.86,0,0,1,20,0,0,0,1,0
87471.89,20,0,0,37,0,0,0,0,1
49746.11,0,0,0,31,0,0,1,0,0
18307.56,40,0,0,38,0,0,0,0,1
21111.45,0,0,0,11,0,0,0,0,0
38631.88,0,1,0,0,1,0,0,0,0
40740.26,0,0,0,8,0,1,0,0,0
62965.7,20,1,0,25,0,0,0,0,1
54040.74,0,0,0,22,0,1,0,0,1
93811.53,0,0,0,38,1,0,0,0,1
62726.2,0,1,0,37,0,1,0,1,1
33157.52,0,0,0,0,0,0,0,0,0
34199.31,20,0,1,11,0,0,0,0,1
86625.39,40,0,0,9,1,1,0,1,1
41260.69,0,0,1,15,0,0,0,1,1
9749.53,0,0,0,37,1,0,1,0,1
93944.14,0,1,1,30,0,0,0,0,1
86492.68,0,0,0,17,0,0,0,0,1
32281.39,0,0,1,18,0,1,0,0,0
37717.86,0,1,0,36,0,0,0,0,0
41534.96,0,1,0,38,0,1,0,0,0
66218.24,0,0,0,6,0,0,0,0,0
49329.84,0,0,0,35,0,0,0,0,0
47664.89,0,0,0,38,0,0,0,0,0
13174.82,0,0,0,11,0,0,0,0,0
89538.1,0,0,0,15,0,0,0,0,0
29966.29,20,1,0,16,0,0,1,0,1
11084.16,40,0,0,9,0,0,0,1,1
13630.11,40,0,1,33,0,0,0,0,1
60205.47,40,0,1,21,0,0,0,0,1
52010.98,0,0,0,31,0,0,0,0,1
99945.84,0,0,0,18,0,0,0,0,0
59050.89,0,0,0,23,0,0,0,0,0
41027.76,0,0,0,4,1,0,0,0,0
14116.95,0,0,1,6,0,0,0,0,0
98556.59,0,0,1,5,0,1,0,0,1
71754.46,0,0,0,25,1,0,0,0,1
97022.02,40,0,0,40,0,0,0,1,1
72589.48,0,0,0,19,1,0,0,0,1
98387.85,0,0,1,24,0,1,0,1,1
46304.32,0,0,0,28,0,0,0,0,0
925.77,0,0,0,26,0,0,0,0,0
67329.82,20,0,1,32,0,0,0,0,1
49612.26,0,0,0,14,0,0,0,0,0
99127.45,0,0,1,0,1,0,0,0,1
2073.55,0,0,1,37,0,0,0,0,0
74350.32,0,0,1,7,0,0,0,0,1
29318.87,0,0,0,29,0,0,1,0,1
10418.71,40,0,0,19,0,0,0,1,1
31650.48,0,0,0,2,1,1,0,0,0
78453.99,0,0,1,10,0,0,0,0,1
5314.27,0,1,0,9,0,0,0,0,0
65792.15,0,0,0,1,1,0,0,0,1
83568.86,20,0,0,21,1,0,0,0,1
58357.61,20,0,0,9,0,0,0,0,0
70928.17,0,0,0,18,0,0,0,0,0
46817.69,0,1,1,0,1,0,0,0,1
11686.3,0,0,0,6,1,0,0,0,0
50259.58,0,0,0,4,0,0,0,0,0
7449.38,0,0,0,27,0,0,0,0,0
80297.56,0,0,0,5,0,0,0,0,0
10200.29,20,0,0,10,0,0,1,0,1
18826.48,0,0,1,22,0,0,0,0,0
39537.66,0,0,0,24,0,0,0,0,0
57111.41,20,0,0,26,0,0,0,0,1
54747.76,0,0,0,31,1,0,0,0,1
67490.55,0,0,0,36,0,0,0,1,1
51858.24,0,0,0,1,0,0,0,1,0
36909.9,0,0,0,35,0,0,0,0,0
93387.77,0,1,0,11,0,0,1,0,1
73352.97,20,0,1,1,0,0,0,0,1
8005.04,0,0,0,33,0,0,0,0,0
85665.46,0,0,0,35,1,0,0,1,1
93320.9,0,0,0,7,1,1,0,0,1
55581.03,40,0,0,2,0,0,0,0,0
90194.87,0,1,0,24,0,0,0,0,1
77347.96,0,0,0,31,0,0,0,0,0
21172.72,20,1,0,39,0,0,0,0,0
26022.14,20,0,0,31,0,0,0,1,0
37546.66,20,1,0,7,0,0,0,0,0
8570.65,0,0,0,16,0,0,1,0,0
69059.58,0,0,0,27,0,0,0,0,1
2001.55,20,1,0,18,0,0,0,1,1
22694.86,20,0,0,29,1,0,0,0,1
62585.64,0,0,0,11,0,1,0,0,1
9155.72,40,0,0,8,0,0,1,1,1
73406.72,40,0,0,6,0,0,0,0,0
29391.97,20,0,0,37,1,0,0,0,0
49708.32,40,0,0,9,0,0,0,0,1
89581.88,0,0,0,11,0,0,0,0,0
24736.68,0,0,0,20,0,0,0,0,0
28449.23,0,0,1,28,1,0,0,0,0
63196.74,20,0,0,3,0,0,0,0,1
78543.13,20,0,1,8,0,0,0,0,1
10892.69,0,0,0,23,0,0,0,0,0
24702.09,40,0,0,24,0,0,0,0,1
63303.38,0,0,0,40,0,0,0,0,0
74467.78,0,0,0,16,0,0,0,1,0
53976.11,20,0,0,3,0,0,0,0,0
73528.59,40,0,0,38,0,1,0,0,1
21449.2,20,0,0,26,1,0,0,0,0
19965.93,0,0,1,22,0,1,0,0,0
46842.96,20,0,0,18,0,0,1,0,0
90241.32,0,0,0,24,0,1,1,0,1
51492.21,20,0,1,18,0,0,0,0,1
2446.83,0,0,0,40,0,0,0,1,0
68791.94,0,0,0,17,0,0,0,0,0
96168.12,20,1,0,23,0,1,0,0,1
1250.33,0,0,0,34,0,0,0,0,0
79160.7,20,0,0,24,0,1,0,0,1
70231.74,20,0,0,3,0,1,0,0,1
80785.18,0,0,0,26,0,0,0,0,1
73787.35,0,0,0,18,0,1,0,0,0
65696.47,20,0,0,25,0,0,0,0,1
9159.52,0,0,0,40,0,0,0,0,0
18017.73,0,0,0,2,0,1,0,0,0
21339.66,0,0,1,19,1,1,0,0,1
96758.59,0,0,0,5,0,0,0,0,0
95881.76,20,1,0,8,0,0,0,0,1
73829.84,0,0,0,32,0,0,0,0,0
26130.68,0,0,0,36,0,1,0,0,0
46500.58,20,0,0,7,1,0,0,0,0
72521.55,0,0,0,18,0,0,0,0,0
99668.04,0,0,1,30,0,1,0,1,1
52062.94,0,0,0,37,0,0,0,1,0
5011.63,0,0,0,27,0,0,1,0,1
96202.99,20,0,1,12,0,0,0,0,1
83215.59,0,0,0,16,0,0,0,0,0
13094.91,20,0,0,37,0,0,0,0,0
99816.74,20,0,1,10,1,0,0,1,1
38036.74,0,0,0,19,1,0,0,0,0
70369.75,0,0,0,21,0,0,0,0,0
140.59,20,0,0,25,0,0,0,0,0
62083.05,40,0,0,16,1,0,1,0,1
65667.96,0,0,0,14,0,1,0,0,0
31084.6,0,0,1,16,0,0,1,0,1
28704.66,20,0,1,15,0,0,0,0,1
54520.79,0,0,0,40,0,0,0,1,0
25276.14,0,0,0,19,0,0,1,0,0
25403.88,40,0,0,17,0,0,0,1,0
39050.72,20,0,0,39,0,0,0,0,0
55446.53,0,1,0,2,1,0,0,1,1
95181.93,0,0,0,33,1,1,0,0,1
8684.01,0,0,1,27,1,0,0,0,0
58897.79,40,0,1,24,1,0,0,1,1
42897.39,20,0,0,24,0,0,0,0,0
26008.42,0,0,0,3,0,0,0,0,0
65398.12,0,0,0,24,0,0,0,0,0
55248.31,0,1,0,28,0,0,0,0,1
89038.44,0,0,0,26,0,0,0,0,0
58772.41,0,0,0,3,0,0,0,1,0
46048.49,0,0,0,9,0,0,1,0,0
32611.16,0,0,0,7,0,1,0,0,0
25207.15,0,0,0,4,1,1,0,1,0
93731.35,0,0,0,38,0,0,0,0,0
73739.57,0,0,0,33,0,0,1,0,1
87311.82,0,0,1,34,1,0,0,1,1
3927.62,0,0,0,26,0,0,0,0,0
89258.84,0,0,0,33,0,0,0,0,0
24255.0,40,0,1,29,1,0,0,0,1
80472.72,0,0,0,6,1,0,0,0,1
42206.28,0,0,0,29,0,0,0,0,0
80888.71,20,1,0,2,0,0,0,0,1
70513.59,0,0,0,19,0,0,0,0,0
52008.2,0,0,0,26,0,0,0,0,1
53860.66,0,0,0,4,0,0,0,0,0
46100.27,0,0,0,38,0,1,0,0,1
25477.63,20,0,1,21,0,0,0,0,1
96355.12,0,1,1,32,0,0,0,1,1
88953.7,0,0,0,6,0,0,0,1,0
36194.06,0,1,0,10,0,0,1,0,1
70044.24,40,0,1,33,0,0,0,0,1
68090.27,0,0,1,28,0,1,0,0,1
48817.04,20,0,1,23,1,1,0,1,1
90780.63,20,0,0,2,0,0,0,0,0
48290.75,20,0,0,26,0,1,0,0,0
90143.39,0,0,0,5,0,1,0,0,0
27921.05,20,1,0,30,0,0,0,0,1
75477.16,0,0,1,27,0,0,0,0,1
58477.75,20,0,0,10,0,0,0,0,0
18347.6,20,0,0,26,1,0,0,1,1
15984.96,0,0,0,35,0,0,0,1,0
69563.83,0,0,0,5,0,0,0,0,0
98572.16,20,0,0,9,0,0,0,0,0
59730.63,0,0,1,38,1,0,0,0,1
66641.95,0,0,0,24,0,1,0,0,1
31031.47,40,1,1,23,0,0,0,0,1
15970.74,40,0,0,0,1,0,0,0,0
93330.18,20,1,0,35,0,0,0,0,1
97313.49,0,0,0,8,0,0,0,0,0
87856.25,0,0,0,13,0,0,0,0,0
36598.42,0,0,0,27,0,1,0,0,0
72258.5,20,0,1,0,0,0,0,0,1
29438.06,0,0,0,23,1,0,0,0,0
66197.46,40,0,0,16,0,0,0,0,1
37804.0,20,0,0,9,0,0,0,0,0
96485.34,40,1,0,26,0,1,0,0,1
47641.27,20,0,0,15,0,0,0,0,0
35760.46,40,0,1,22,0,0,0,0,1
5178.49,0,0,0,30,0,0,0,1,0
46831.07,0,1,1,33,0,0,0,0,1
8979.74,0,1,0,27,0,0,0,0,0
95682.33,0,0,0,40,0,0,0,0,1
26166.35,0,0,0,17,0,0,0,0,0
90743.86,0,0,0,22,0,1,0,1,1
85354.52,20,0,0,18,0,0,0,1,1
61108.71,0,0,0,9,0,0,0,0,0
60173.96,20,0,0,7,0,0,0,0,0
88000.45,0,0,0,24,0,0,0,0,0
6522.52,0,0,0,34,0,1,1,0,0
99333.22,0,0,1,11,0,0,0,0,1
17542.22,0,0,1,10,1,1,1,0,1
87346.06,40,0,1,39,1,0,0,0,1
9884.12,40,0,0,31,1,1,0,0,1
77994.56,20,0,1,1,1,0,0,0,1
22833.7,20,0,0,11,0,1,0,0,0
97135.6,20,0,1,33,0,0,0,0,1
12863.54,0,0,1,1,0,0,1,0,1
98242.48,20,0,0,33,0,0,0,0,1
98738.44,0,0,0,26,0,0,1,0,0
2061.91,0,0,0,37,0,0,0,1,0
70761.98,0,0,0,39,1,0,0,0,1
70715.7,0,0,1,36,0,0,0,0,1
64615.23,0,1,1,28,1,0,0,0,1
54926.22,0,0,0,16,0,1,0,0,0
48808.79,0,0,0,0,0,0,0,0,0
67497.87,0,0,0,27,0,0,0,0,0
51810.52,20,0,0,7,0,0,0,0,0
84871.48,0,0,0,18,0,0,0,0,1
22243.1,40,0,0,31,0,1,0,0,1
98394.45,20,0,0,15,0,0,0,0,1
56657.17,0,0,0,1,0,0,0,0,0
1302.76,40,0,0,5,0,0,0,0,0
22050.52,0,0,1,15,0,1,0,0,0
22935.9,0,0,0,25,0,1,0,0,0
57599.23,20,0,0,27,0,0,1,0,1
28515.54,20,1,0,18,0,0,0,0,0
99650.12,0,1,0,39,1,0,0,0,1
81157.52,0,1,1,5,1,0,0,0,1
8550.98,0,1,0,7,0,0,0,0,0
29774.05,20,0,0,28,0,0,0,0,0
50779.56,20,0,0,38,0,0,0,1,1
84052.96,0,0,0,40,0,0,1,1,1
29063.69,0,0,0,11,1,0,0,0,0
48833.87,0,0,0,25,1,0,0,0,1
71412.93,20,0,0,39,0,0,0,0,1
9496.19,0,0,1,37,0,0,0,0,0
65389.29,0,0,0,34,0,0,0,0,0
16784.25,20,0,0,36,0,0,0,0,0
23803.28,20,0,0,9,1,1,1,1,1
51059.15,0,0,0,3,0,0,0,1,0
48740.96,40,1,0,21,0,1,0,0,1
27772.5,20,0,0,37,0,0,0,0,1
36048.34,0,0,0,35,0,0,0,0,0
16028.49,0,1,0,9,0,1,0,0,0
59310.01,20,0,0,19,0,0,0,0,1
35633.62,0,0,0,29,0,1,0,0,1
28538.09,20,0,0,1,0,0,0,0,0
51712.93,0,0,0,5,0,0,1,0,1
62791.05,0,0,0,21,0,0,0,0,0
87702.68,20,0,1,40,0,1,0,1,1
14850.81,0,1,0,31,0,0,0,1,0
89464.63,20,0,0,27,0,0,0,0,1
74677.86,0,1,0,16,0,1,0,0,1
6430.68,0,0,0,5,0,0,0,0,0
98221.57,20,1,1,2,0,0,0,0,1
26272.51,40,0,0,37,0,0,1,0,1
36788.2,20,0,0,19,0,0,0,0,0
24681.75,20,0,1,2,0,0,1,0,1
36933.4,0,0,0,13,0,0,0,1,0
98735.64,0,0,0,38,0,0,0,0,1
1178.75,40,0,0,8,0,0,1,0,0
38714.31,0,0,0,25,0,0,0,0,0
14526.04,0,0,0,16,0,1,0,0,0
24826.25,0,0,1,35,1,0,0,0,0
16694.39,20,0,0,17,0,0,0,0,0
43397.18,0,1,0,7,0,0,0,0,0
90299.84,0,0,0,33,0,1,0,0,1
40434.49,20,1,0,6,0,0,1,1,1
16418.95,0,0,0,1,0,0,0,0,0
41372.65,0,0,0,17,0,0,0,0,0
91164.15,20,0,0,40,0,0,0,0,1
11555.86,0,0,1,16,0,0,0,0,0
17470.23,0,1,0,25,0,0,0,0,1
29351.06,40,0,0,31,0,0,0,0,0
48667.23,20,0,1,21,1,0,0,0,1
58576.98,20,0,0,25,1,0,0,0,1
3160.0,40,0,0,4,1,0,1,0,1
67837.5,20,0,0,34,0,0,0,0,1
59526.75,0,1,0,18,0,0,0,0,1
3602.83,0,1,0,26,0,1,0,0,1
74905.91,20,0,0,38,0,0,0,0,1
73831.05,0,0,1,34,1,0,0,0,1
25481.75,40,0,0,37,0,0,0,0,1
27089.88,20,0,0,16,0,0,1,0,1
70854.24,20,1,0,32,0,0,0,0,1
40886.57,0,0,1,15,1,0,0,0,0
70393.22,0,1,0,33,0,0,0,0,1
8669.18,0,0,1,39,1,0,0,1,1
94795.02,0,0,0,15,1,0,0,0,0
55351.35,20,1,0,2,0,0,0,0,1
2062.56,0,0,1,18,0,0,0,1,1
92878.66,20,0,1,39,1,0,0,0,1
37354.4,0,1,0,9,0,1,0,0,0
23437.01,0,0,0,23,0,0,0,0,0
76835.66,20,1,0,25,0,0,0,0,1
77398.28,0,0,0,27,0,0,0,0,1
44023.98,0,0,0,29,0,1,0,1,1
54198.77,0,1,0,36,0,0,0,0,1
59337.28,0,0,0,20,0,0,0,0,0
70794.22,0,0,0,21,1,1,0,0,1
7460.11,0,0,0,6,0,0,0,0,0
82939.57,20,0,0,22,0,0,0,0,1
82678.19,0,1,0,7,0,0,0,0,0
40655.49,0,0,1,10,0,0,0,1,0
43346.04,20,0,0,4,1,0,0,0,0
29529.76,20,0,0,39,0,0,0,0,1
93567.75,20,0,0,17,1,0,0,0,1
9563.8,0,0,1,22,0,1,0,0,1
12679.54,0,0,1,33,0,0,0,1,0
21116.12,20,0,0,19,0,0,0,0,0
27209.88,20,0,0,31,0,0,0,0,0
48135.38,0,0,0,12,0,1,0,0,0
79086.56,0,0,1,9,0,0,0,0,0
73564.66,20,0,1,27,0,0,0,0,1
23409.47,40,1,0,4,0,0,0,0,0
81658.62,20,1,0,24,0,0,0,0,1
29731.42,40,0,0,38,1,0,1,0,1
50357.47,0,0,0,22,0,1,0,0,0
55729.76,0,0,0,12,1,1,0,0,1
99049.57,0,0,0,4,0,1,0,0,1
23192.94,0,0,0,2,0,0,0,0,0
77728.51,20,0,0,28,0,0,0,0,1
90741.92,20,0,1,15,0,1,0,0,1
47381.84,0,0,0,29,1,0,0,0,1
89697.06,0,0,0,11,0,1,1,1,1
84314.04,20,0,0,20,1,1,0,0,1
52899.27,20,0,0,23,0,0,0,0,1
80944.83,0,0,0,3,0,0,0,0,0
75057.84,0,1,0,32,0,0,0,0,1
42839.39,0,0,0,3,0,0,0,1,0
76765.92,20,0,0,17,0,0,0,0,1
39769.71,0,1,0,0,0,1,0,0,0
46156.42,0,0,0,0,0,0,0,0,0
66841.39,20,0,0,3,0,0,0,1,1
36830.2,0,0,0,31,0,0,0,0,1
7061.86,0,0,0,23,0,1,0,1,0
58649.42,0,0,0,25,0,0,0,0,1
29631.82,20,0,0,26,0,0,0,1,0
32363.62,0,0,1,35,0,0,0,0,0
44787.67,20,1,0,15,0,0,0,0,0
75910.32,0,0,0,26,1,0,0,1,1
14855.21,0,0,0,5,0,1,0,1,0
72470.53,0,0,1,12,1,0,0,0,1
29076.99,0,0,1,9,0,0,0,0,0
40532.77,0,0,1,33,0,0,0,0,1
26856.52,20,0,0,37,0,0,1,0,0
63570.39,0,1,1,24,0,0,1,0,1
45505.48,0,0,0,16,0,0,0,0,0
41779.57,20,0,1,5,0,1,0,0,1
87728.38,0,0,0,39,0,1,0,1,1
5856.55,0,0,0,3,1,0,0,0,0
89173.9,20,0,0,36,0,0,0,0,1
68602.65,0,0,1,21,0,0,0,0,0
39711.48,0,1,0,18,0,0,0,1,0
2711.78,0,0,0,19,0,0,0,1,0
38247.76,0,0,0,5,0,0,0,0,0
17519.37,20,0,1,12,0,0,0,0,0
75221.59,20,0,0,32,0,0,0,0,1
83582.59,0,0,0,33,1,1,0,0,1
97233.51,20,0,1,35,0,1,0,0,1
51233.43,0,0,0,15,0,0,0,0,0
3102.32,0,0,0,32,0,1,0,0,0
49113.29,0,0,1,25,0,0,0,0,0
63036.14,0,1,0,6,1,1,0,1,1
49204.26,0,0,0,12,0,0,0,1,0
99122.94,0,0,0,32,0,0,0,0,0
14974.04,20,0,0,13,0,0,0,0,0
75136.58,0,0,0,38,0,0,0,0,0
54029.39,0,0,1,33,1,0,0,0,1
14642.26,40,0,0,37,0,0,0,0,1
39172.49,0,0,0,18,1,0,0,0,0
74512.54,40,0,0,17,0,0,0,1,1
94772.2,0,0,0,33,0,0,0,0,0
60414.15,40,0,0,10,0,0,0,0,1
98937.48,0,1,0,15,0,0,0,0,1
56436.81,0,0,0,23,1,0,0,1,1
96787.75,20,0,0,30,1,0,0,0,1
78469.54,40,0,0,36,1,0,0,0,1
21800.91,20,0,1,29,0,0,0,0,1
93442.17,0,1,0,39,1,0,0,0,1
61981.95,0,0,0,35,0,0,0,0,0
21876.9,20,0,0,5,0,0,0,1,0
75960.86,20,0,0,29,0,0,0,0,1
89377.98,0,0,0,31,0,0,0,0,0
31589.17,0,0,0,4,0,1,0,0,0
45033.3,0,0,0,3,0,0,0,0,0
39086.21,0,0,0,2,0,1,0,0,0
23115.35,0,0,0,27,0,0,1,0,0
57048.39,0,0,0,27,0,1,0,0,1
22074.95,20,0,0,35,0,0,0,0,1
77885.76,0,0,0,3,0,0,0,0,0
75033.63,0,0,0,38,0,0,0,0,0
10344.5,0,0,0,1,0,0,0,1,0
92902.96,20,0,0,15,0,0,1,0,1
22855.4,40,0,1,28,1,0,0,0,1
93379.19,0,1,0,9,0,0,0,0,1
37867.82,0,0,0,32,0,0,1,0,0
70339.73,20,1,0,18,0,0,0,0,1
11852.6,0,0,0,15,0,0,0,0,0
18012.14,40,0,0,14,0,0,0,0,0
21807.08,20,0,0,37,0,0,0,0,0
12418.03,0,0,0,34,0,0,0,0,0
40069.36,0,1,0,37,1,0,0,0,1
26957.93,0,0,0,9,0,0,0,0,0
64323.27,20,0,0,34,0,0,0,0,1
8848.24,0,0,0,27,0,0,0,1,0
1751.68,0,0,0,36,0,1,1,0,1
85105.5,0,0,1,29,0,0,0,0,1
71361.67,0,0,1,29,0,0,0,0,1
58810.01,0,0,0,38,0,0,1,0,1
51413.26,20,0,0,16,1,0,0,0,1
8353.42,0,0,0,0,0,1,0,0,0
80738.89,0,0,0,38,0,1,0,0,1
60497.86,0,0,0,29,0,0,0,0,1
85984.93,0,0,0,19,0,0,0,0,0
93662.46,0,0,0,36,0,0,0,0,1
12441.79,40,0,0,8,0,0,0,1,0
64082.37,0,0,1,29,0,0,0,0,1
63417.3,20,0,0,38,1,0,0,0,1
98128.86,20,0,0,31,0,0,0,1,1
36805.59,0,0,0,2,0,0,0,0,0
83188.09,0,0,0,22,0,1,0,0,0
11337.96,0,0,0,25,0,0,0,0,0
51378.46,0,0,0,39,1,0,0,0,1
62021.17,0,0,0,35,1,0,1,1,1
16473.94,0,0,0,14,1,1,0,0,0
28090.26,0,0,1,17,0,1,1,0,1
28168.46,0,0,1,18,0,0,0,0,1
29251.37,0,0,0,39,0,0,0,0,0
68435.87,0,1,0,40,0,0,0,0,1
11548.84,0,0,1,30,0,0,0,0,1
4349.19,0,0,0,5,0,0,0,0,0
84290.09,0,1,0,30,0,0,0,0,1
72251.22,0,0,0,15,0,1,0,0,0
39907.97,0,0,0,28,0,0,0,1,1
30666.1,0,0,0,9,0,0,0,1,0
76236.23,0,0,0,19,0,0,1,0,1
31581.1,20,0,0,26,0,1,0,1,0
40866.91,0,0,1,23,0,1,0,1,1
67642.54,0,0,0,3,0,0,0,0,0
91322.15,0,0,0,10,1,0,0,0,1
11418.86,20,0,0,7,0,0,0,1,0
62226.02,0,0,0,10,0,1,0,0,0
69181.52,0,0,0,8,0,0,0,0,0
34940.04,20,0,0,39,0,0,0,0,1
97490.95,20,0,0,26,0,0,0,0,1
8704.4,40,1,0,37,0,0,0,0,1
10367.45,0,0,0,6,1,1,0,0,0
81272.5,0,0,1,24,0,0,0,0,1
84048.79,0,0,0,19,0,0,0,0,0
66183.9,0,0,1,40,0,0,0,0,1
58337.62,0,0,0,17,0,1,0,0,1
88440.77,0,0,0,40,0,0,0,0,0
73106.09,0,0,0,31,1,0,0,1,1
91407.23,20,1,0,16,0,0,0,0,1
55692.66,0,0,0,14,0,0,0,1,0
59442.67,0,0,0,25,0,0,0,0,0
27794.55,40,1,0,39,0,0,0,0,1
15802.28,0,0,0,27,0,0,0,0,0
92498.07,0,0,0,17,0,1,0,0,0
3359.94,20,0,0,21,0,0,0,0,0
20938.62,0,0,0,24,0,0,0,0,0
68050.93,0,0,0,18,0,0,0,0,0
22009.72,0,0,0,9,0,0,0,1,0
57219.61,20,0,1,23,0,0,0,0,1
57105.75,20,0,0,26,0,0,0,0,1
48286.7,20,0,0,3,1,0,0,0,0
41920.98,20,0,0,34,0,0,0,1,0
96871.96,0,1,0,40,0,0,0,0,1
31241.79,0,0,0,16,0,0,0,0,0
67890.49,0,0,0,15,0,0,0,1,1
25287.67,0,0,0,19,0,0,0,1,0
75839.08,20,0,0,37,0,0,0,0,1
85515.15,0,0,0,39,0,0,0,1,1
75281.54,0,0,0,24,0,0,0,0,1
1689.46,0,0,0,6,0,1,1,0,0
8816.57,0,0,0,34,1,0,0,0,0
68935.05,0,0,1,3,1,1,1,1,1
31533.81,0,0,0,21,0,0,1,0,1
68253.98,20,0,0,4,0,0,0,1,1
15535.4,0,0,1,3,1,0,0,0,0
99091.92,20,0,1,27,0,0,0,0,1
25509.21,20,1,0,36,0,0,0,0,0
8236.56,0,0,0,28,0,0,0,0,0
83301.76,0,0,1,13,0,0,0,0,0
24182.07,0,0,0,14,0,0,0,0,0
30335.02,20,1,1,40,1,0,0,0,1
92779.47,0,1,0,4,0,0,0,0,1
8682.57,0,0,0,38,0,0,0,1,1
59793.0,0,0,1,36,0,0,0,0,1
17510.17,0,0,0,29,1,0,0,0,0
25421.01,0,0,1,21,0,0,0,1,1
71662.56,20,1,0,3,0,1,0,0,1
53374.11,0,0,1,11,0,1,0,0,1
35317.35,0,0,0,8,0,1,0,0,0
51603.61,0,0,0,38,0,0,0,1,1
38817.65,0,0,0,30,1,0,0,0,1
51382.86,0,0,0,34,0,0,0,0,0
11483.28,0,0,0,9,0,0,0,1,0
13219.48,0,1,0,22,0,0,0,1,0
77355.18,40,0,0,0,0,0,0,1,1
12090.42,20,0,0,22,0,0,1,0,0
11117.96,0,1,0,38,0,1,0,0,0
73180.9,0,0,1,40,1,0,0,0,1
74025.67,0,0,0,20,0,0,0,0,1
42180.84,20,0,0,25,1,0,0,0,0
28362.77,0,0,0,5,0,0,0,0,0
64789.43,0,0,0,26,0,0,0,0,1
90952.74,0,0,0,34,0,0,0,0,0
29568.32,0,0,0,12,0,0,0,0,0
40033.09,0,0,1,20,0,0,0,0,0
40417.43,0,0,0,27,0,0,0,0,0
33459.24,20,0,0,39,0,0,0,0,0
64552.29,40,0,0,30,0,0,0,0,1
59138.89,20,0,0,39,0,0,0,0,1
31755.72,0,0,1,0,0,0,0,0,0
42068.84,0,0,0,38,0,0,1,0,1
87677.12,20,1,0,35,0,0,0,0,1
77125.0,0,0,1,3,0,0,0,0,0
64473.23,20,0,1,15,1,1,0,0,1
84335.79,0,0,1,5,0,0,0,0,0
26423.17,20,0,1,30,0,0,0,0,0
81064.46,20,0,0,38,0,0,0,0,1
18783.66,20,1,0,17,0,0,0,0,0
29299.63,20,0,0,19,0,0,0,0,0
44874.45,0,0,1,34,1,1,0,0,1
30412.73,0,0,0,0,0,0,0,0,0
71174.17,0,1,0,37,0,0,0,0,1
18968.13,0,0,1,36,1,0,0,0,1
75491.81,40,1,0,29,1,0,0,0,1
64625.23,0,0,0,30,0,0,1,0,1
60507.36,0,0,0,23,0,1,0,0,1
15762.99,0,0,1,1,0,0,0,0,0
75015.16,0,0,0,22,0,1,0,0,0
30979.81,20,0,0,39,0,0,1,0,1
90910.2,0,0,0,25,1,0,0,1,1
84683.44,20,1,0,28,0,0,0,0,1
59397.15,0,0,0,20,1,1,0,0,1
13636.9,0,0,0,3,0,0,0,0,0
81860.51,0,0,0,36,0,1,0,0,1
66171.78,0,0,1,16,0,1,0,0,1
92848.69,0,0,0,28,0,0,1,0,1
82445.78,0,0,1,10,0,0,0,1,1
90563.71,0,0,1,16,1,1,0,0,1
10579.4,0,1,0,35,0,0,0,1,0
81766.07,0,0,0,0,0,0,1,0,0
92026.93,0,0,0,32,0,0,0,0,0
21881.47,0,0,0,30,0,0,1,0,0
37143.06,0,1,0,19,0,1,0,0,1
13732.55,0,0,0,26,1,0,0,0,0
97197.6,0,0,0,24,1,0,1,0,1
42749.25,20,0,0,13,0,1,0,0,1
68857.4,20,0,0,3,0,0,0,1,1
83486.18,0,0,0,37,0,0,1,0,1
17488.57,0,0,0,38,0,0,0,1,0
70076.69,0,0,0,15,0,1,0,0,1
3420.7,0,0,0,26,0,1,0,0,0
59666.32,20,0,0,28,1,0,0,0,1
43788.83,0,0,0,30,0,0,1,0,0
98961.19,0,0,0,23,1,0,0,0,1
99344.33,0,0,0,33,0,0,0,0,0
36871.1,20,0,1,14,0,0,0,0,0
35711.62,0,1,0,27,0,0,1,0,1
145.71,0,1,0,9,0,0,1,0,1
84379.12,20,1,0,14,0,0,0,0,1
57027.09,0,0,0,23,0,0,0,0,1
37543.7,0,0,0,0,0,0,0,0,0
60540.09,20,0,0,36,0,1,0,0,1
73633.42,40,0,0,14,1,0,0,0,1
17205.29,0,0,0,37,1,0,0,0,0
64631.19,40,0,0,13,1,1,1,0,1
7874.84,0,0,0,38,0,0,0,0,0
4137.11,0,0,0,34,1,0,0,0,0
71765.11,0,0,0,33,0,0,0,1,1
56966.75,0,0,0,36,0,0,0,0,0
18818.67,0,0,0,38,0,0,0,0,0
18024.25,0,0,0,18,0,0,0,0,0
61690.0,40,0,0,35,0,0,0,0,1
82447.78,0,0,0,10,0,0,0,0,0
60261.23,20,1,0,29,0,0,0,0,1
27353.13,0,1,0,16,0,0,0,0,0
46120.37,0,0,1,34,0,0,0,0,0
38949.62,40,0,0,5,0,0,0,0,1
17117.32,0,0,1,35,0,0,0,0,0
37374.87,0,0,0,12,1,0,0,0,0
3680.78,20,0,0,21,0,0,0,0,1
25358.77,0,0,0,35,0,0,0,0,0
98540.47,0,0,1,19,0,0,0,0,1
62671.35,20,1,1,22,0,1,0,0,1
78976.84,0,0,0,16,0,0,0,0,0
47538.05,20,0,0,21,0,0,0,0,1
48203.7,20,0,1,15,1,0,0,0,0
93475.76,0,0,0,4,0,0,0,0,0
26922.26,0,0,0,24,0,1,0,0,0
23067.83,0,0,1,18,0,0,0,0,1
97627.84,20,0,0,3,0,0,0,0,0
36372.62,20,0,1,17,1,0,0,0,1
8171.6,0,0,0,19,0,0,0,0,0
55481.32,40,0,0,27,0,0,0,1,1
17674.73,0,1,0,15,0,0,0,0,0
51504.28,0,0,0,5,1,0,0,0,0
27970.67,0,0,0,31,0,0,0,0,0
33200.28,0,1,0,24,0,0,0,0,0
29721.07,0,0,0,39,0,0,0,1,0
9661.33,40,1,0,21,0,0,0,0,1
71563.53,0,0,1,31,1,0,0,0,1
9532.46,0,0,0,19,0,0,0,0,0
45263.96,40,0,1,35,0,0,0,1,1
71414.7,0,1,0,37,0,0,0,0,1
5194.11,0,0,1,11,0,0,0,0,0
4437.16,0,0,0,39,0,0,0,0,1
22271.74,40,0,0,25,0,0,0,0,0
62792.94,0,0,0,12,1,1,0,0,1
60754.87,0,0,0,18,0,0,0,1,1
7575.04,0,1,1,25,0,0,0,0,0
76994.74,20,0,0,22,0,0,0,1,1
1454.96,40,0,0,40,1,0,0,1,1
80014.51,40,0,0,10,0,0,0,1,1
40718.99,0,0,0,27,0,0,1,0,1
88364.06,0,0,1,6,0,0,0,0,0
17274.73,0,0,0,17,0,0,0,1,0
29919.69,0,1,0,0,0,0,0,0,0
66855.73,0,0,0,12,0,0,0,0,0
55125.9,40,0,0,34,0,0,0,0,1
18127.44,20,0,0,4,0,0,0,0,0
74652.77,0,0,1,31,0,0,0,0,1
4931.6,0,0,0,5,0,0,0,0,0
66294.54,0,1,0,40,0,0,0,1,1
95682.45,0,0,0,5,0,0,1,1,1
31911.23,0,1,0,3,0,0,0,1,0
60917.45,20,0,0,35,0,0,0,0,1
24965.51,0,1,0,0,0,1,0,0,0
73035.12,0,0,0,18,0,0,0,0,1
48450.82,0,1,0,11,0,0,0,0,0
97403.98,20,0,0,17,0,0,0,0,0
67968.11,0,0,0,23,0,0,0,0,0
71902.65,0,0,0,2,0,0,0,0,0
43946.16,0,0,0,15,0,0,0,0,0
96653.27,0,0,1,5,0,0,1,0,1
9259.59,0,1,0,28,1,1,0,0,0
82704.27,0,0,0,1,0,0,0,0,0
55825.08,0,0,1,38,0,0,0,1,1
31789.51,0,0,0,3,0,0,0,1,0
9811.94,0,0,1,9,0,0,0,1,0
5425.0,0,0,0,13,0,0,0,0,0
38265.51,20,0,0,8,0,0,0,0,0
34908.01,0,0,0,25,0,1,0,0,0
88288.81,20,0,0,23,0,0,0,0,1
34582.62,0,0,1,20,1,0,0,0,1
45610.74,40,0,1,14,1,1,0,0,1
78853.86,0,0,0,34,0,0,0,1,0
24497.4,20,0,0,24,1,1,0,0,0
96825.16,0,0,0,9,1,0,0,0,0
42747.47,40,0,1,12,0,1,0,1,1
46546.07,40,0,0,9,0,1,0,0,1
65756.9,0,0,0,13,1,0,0,0,0
43857.88,20,0,1,16,0,0,1,1,1
51307.89,20,0,0,37,1,0,0,0,1
32850.72,0,0,0,32,0,0,0,1,1
15099.4,0,0,0,21,0,0,0,1,0
91045.77,40,0,0,12,0,0,1,0,1
28033.97,20,0,0,30,0,1,0,0,1
39145.82,20,0,0,35,0,0,0,0,1
6366.85,0,1,1,25,0,0,0,0,0
54262.84,0,0,0,10,0,0,0,0,0
31968.27,20,0,0,29,0,1,0,0,0
67456.98,0,0,1,23,0,0,0,0,1
6202.31,20,0,1,27,0,0,0,0,1
60545.22,0,0,0,14,0,1,0,0,0
11774.7,0,0,0,38,0,0,0,0,0
69146.36,0,0,0,2,0,0,0,0,0
33901.03,0,1,0,40,1,0,1,0,1
30559.08,0,0,0,30,0,0,0,0,0
43622.3,0,0,0,31,0,0,0,0,0
85301.37,0,0,0,0,0,0,0,0,0
4507.96,0,0,0,3,0,0,0,1,0
82896.33,20,0,0,31,0,0,0,0,1
53473.08,0,1,0,12,1,0,0,0,1
76721.31,0,0,1,1,0,0,0,0,0
44106.19,0,1,1,32,0,0,0,0,1
15971.25,0,0,0,21,0,1,0,0,0
94371.03,0,0,0,34,0,0,0,0,0
13705.01,0,0,0,8,0,1,0,0,0
32354.05,40,0,1,32,0,0,0,0,1
50546.38,0,0,0,24,1,0,0,0,1
51443.37,20,0,0,6,0,0,0,1,0
20852.6,0,0,0,21,0,0,0,0,0
12246.61,20,0,0,40,1,0,1,0,1
49693.75,0,0,0,9,0,0,0,1,0
92703.07,20,0,0,28,1,0,0,1,1
15340.13,0,0,1,20,0,0,0,0,1
45940.74,0,0,0,7,0,0,0,0,0
90444.82,20,0,0,16,1,0,0,1,1
11422.59,0,0,0,2,0,0,0,0,0
15862.66,0,0,1,1,0,0,0,0,0
54799.91,20,1,0,27,0,0,0,0,1
67326.09,0,0,0,4,0,0,0,1,0
85647.8,0,0,1,28,0,0,0,0,1
7168.4,20,0,1,8,0,0,0,0,1
20754.15,0,0,0,11,0,0,0,1,0
84861.13,0,0,0,33,0,0,0,0,1
88469.06,20,0,0,33,1,0,0,0,1
62505.07,40,0,0,10,0,0,0,0,1
78383.71,0,0,0,35,0,0,0,0,1
70473.31,0,1,0,8,1,0,0,0,1
75131.36,0,1,0,24,0,0,0,0,1
5836.97,20,0,1,37,0,1,0,0,1
65646.66,0,0,1,9,0,0,0,1,1
98125.98,0,0,0,1,1,0,1,0,1
58154.85,0,0,0,34,1,0,0,0,1
85194.38,0,0,0,23,1,0,0,0,0
54629.78,0,1,0,20,0,1,1,0,1
18382.26,0,0,0,17,0,0,1,0,0
88124.55,0,0,0,38,0,0,1,1,1
74944.1,0,0,0,30,0,0,0,0,0
12540.96,0,0,0,20,0,0,0,0,0
46319.13,0,0,1,11,1,0,0,0,1
43741.31,0,0,0,25,1,1,0,0,0
92650.23,0,0,0,8,0,1,0,0,0
24023.98,0,0,1,3,0,0,0,0,0
51349.56,0,0,1,9,0,0,1,0,1
29267.81,0,0,0,4,0,0,0,0,0
5872.82,0,0,0,35,0,0,0,1,0
1331.12,0,0,1,11,0,0,0,0,0
32568.97,0,0,1,21,0,0,1,1,1
2610.3,0,0,0,3,0,0,1,0,0
54156.55,0,0,0,3,0,0,0,0,0
53575.93,20,1,0,20,1,0,0,0,1
6511.55,0,1,0,37,0,0,0,0,1
74272.38,0,0,0,17,1,0,0,0,0
15860.51,0,0,0,40,0,1,0,0,0
4842.87,0,1,0,17,0,0,0,0,0
75934.57,40,0,0,22,0,0,0,0,1
50789.15,0,0,0,29,0,0,0,1,1
46667.42,0,0,1,5,0,0,0,0,1
78103.62,20,0,1,0,1,0,0,0,1
72290.07,0,0,0,1,1,0,0,0,1
1569.77,0,0,0,33,0,1,0,0,0
70348.86,0,0,0,32,0,0,0,0,1
71376.18,0,0,0,30,0,0,1,0,1
58538.88,20,0,1,3,0,0,0,1,1
31757.99,20,0,0,11,1,0,0,0,0
3694.15,20,1,0,25,0,0,0,1,0
4394.69,0,0,1,28,0,0,0,1,0
53525.02,0,0,0,9,1,0,0,0,0
23041.7,0,0,0,22,0,0,0,0,0
29822.5,0,0,1,10,0,1,0,0,1
68490.16,0,0,1,18,0,0,0,1,1
85768.62,0,1,0,7,0,0,0,0,0
84156.98,0,0,1,9,1,0,0,1,1
95493.86,0,0,0,33,0,0,0,0,1
9605.36,0,0,1,11,0,1,0,0,0
84219.47,0,0,0,20,0,0,1,0,1
51099.46,20,0,0,30,1,1,0,0,1
59820.96,0,0,1,25,0,0,0,0,1
90420.13,20,0,0,35,0,1,0,1,1
15647.98,0,0,1,7,0,0,0,0,0
54148.23,20,0,0,19,0,0,0,0,0
55206.78,0,0,0,33,0,0,0,0,0
75878.91,40,0,0,22,0,0,0,0,1
12310.77,20,1,1,37,0,0,0,0,1
9516.49,0,0,0,21,0,0,0,0,0
21959.6,0,0,0,34,0,0,0,1,0
31600.11,0,0,0,2,0,0,0,0,0
34576.55,0,0,0,13,0,0,0,1,0
73589.23,0,0,1,38,0,0,0,0,1
17634.69,0,1,0,25,0,0,0,0,1
30409.43,0,0,0,3,1,0,0,1,0
9411.97,0,0,0,20,0,0,0,0,0
46689.99,40,0,0,12,0,0,0,0,1
33424.98,0,0,0,25,1,1,0,0,1
24167.52,40,1,0,6,0,0,0,0,1
69302.04,20,0,0,19,0,0,1,0,1
96777.75,0,0,0,29,0,0,0,0,0
90869.38,0,0,0,5,0,0,0,0,0
17705.83,0,0,0,39,0,0,0,0,0
65327.63,0,1,0,40,0,0,0,0,1
57624.34,0,0,0,13,0,0,0,0,0
29170.94,0,0,0,14,0,0,0,0,0
57672.84,20,1,0,40,0,0,0,0,1
50527.86,0,0,0,16,0,0,0,0,0
6877.5,20,0,0,19,0,0,0,0,0
92495.49,0,0,0,2,0,0,0,0,0
77463.11,0,0,0,30,0,0,1,0,1
42861.09,0,0,0,4,0,0,0,0,0
37059.33,0,1,0,31,0,0,1,0,1
48443.87,0,0,0,37,0,0,0,0,1
54038.23,20,0,0,4,0,0,0,1,0
59850.44,0,0,0,11,0,0,0,0,0
72107.57,0,0,1,25,0,0,0,0,1
82474.74,0,0,0,3,0,0,0,0,0
39484.05,20,0,0,7,0,1,0,0,0
84776.06,0,0,1,30,0,0,1,0,1
55770.17,20,0,0,4,0,0,0,0,0
62838.52,20,0,0,29,0,0,0,0,1
9913.67,40,1,0,35,0,0,0,1,1
39951.08,20,0,0,37,1,0,0,0,1
92663.47,0,0,0,1,0,0,0,0,0
69852.93,0,1,0,19,1,0,1,0,1
24903.26,0,0,0,38,0,0,0,0,0
30478.9,0,0,1,6,0,0,0,0,0
18275.8,0,0,0,16,0,0,0,0,0
92287.49,0,1,0,40,0,0,0,0,1
61679.27,20,0,0,26,0,0,0,0,1
23700.19,20,1,1,28,0,0,0,0,1
18669.44,0,0,0,28,0,0,1,0,0
58771.01,40,0,1,10,0,1,0,0,1
66515.34,0,0,1,1,1,0,0,0,0
85803.09,0,0,1,12,0,0,0,0,0
51368.53,0,1,0,19,0,0,0,0,1
73957.33,40,0,0,29,0,0,0,0,1
9886.41,0,0,1,4,0,0,0,0,0
50688.35,0,1,0,0,0,0,0,0,1
63341.84,0,1,0,21,0,1,0,0,1
52656.1,0,0,1,1,0,0,0,0,0
48193.85,0,0,0,15,0,0,0,1,0
44803.96,0,0,0,13,1,0,0,1,0
84269.23,0,1,1,20,0,0,0,0,1
77046.35,40,0,0,11,0,1,1,1,1
52860.47,40,0,0,17,0,0,0,0,1
16848.46,20,0,0,24,0,0,0,0,0
9454.87,0,1,1,14,1,0,0,0,0
32935.51,20,0,0,38,0,0,1,1,1
38496.42,0,0,0,31,1,0,0,0,0
91829.98,40,0,0,13,1,0,0,0,1
52647.25,40,0,0,20,0,1,0,1,1
47867.5,0,1,1,15,0,1,0,0,1
46158.88,0,1,0,0,0,0,0,0,0
57909.66,20,0,0,18,0,0,0,1,1
64762.28,0,1,1,29,0,0,0,0,1
24566.26,0,0,1,25,0,0,0,0,1
24890.98,20,0,0,17,0,0,0,0,0
39361.32,40,0,1,18,0,0,0,0,1
29745.88,0,1,0,3,1,1,0,1,1
89713.59,0,0,0,9,0,0,0,0,0
42008.3,0,0,1,22,0,0,1,0,1
43333.0,20,0,1,5,0,0,0,1,1
98047.71,0,0,0,12,0,0,0,0,0
60690.11,0,0,0,25,0,0,0,0,0
91779.81,0,0,0,7,0,0,0,0,0
7353.03,20,0,1,15,1,0,0,0,1
7546.72,20,1,0,14,1,0,0,0,1
68345.65,40,0,1,22,0,0,0,0,1
11396.91,0,0,0,39,0,1,0,0,1
42759.59,0,0,1,40,0,1,0,1,1
88842.99,0,1,0,13,0,0,0,1,1
52206.51,20,0,1,8,0,0,0,0,1
10402.7,0,0,1,10,0,0,0,0,0
99893.48,0,1,1,4,0,0,0,0,1
91927.84,0,1,0,11,0,0,0,0,1
31670.82,0,0,1,4,0,0,0,1,1
38322.61,0,0,1,3,1,1,0,0,1
60949.41,0,0,0,19,0,0,0,0,0
67489.84,0,0,0,29,0,0,0,0,1
67906.91,20,0,0,11,1,0,0,0,1
25826.9,0,0,1,8,1,0,1,0,1
30537.74,20,0,0,14,1,0,1,0,0
6811.52,0,0,0,32,0,0,0,1,0
89744.69,0,0,0,18,0,0,1,0,0
84973.52,40,0,0,17,1,0,0,0,1
40301.26,20,0,0,38,0,0,0,0,0
56245.83,0,0,0,9,1,0,0,0,0
38609.53,20,0,1,37,0,0,0,0,1
15969.0,0,0,0,10,1,1,1,0,1
79441.39,0,0,0,13,0,0,0,1,0
65914.85,20,0,0,4,0,0,0,1,0
81526.37,40,0,1,6,0,0,0,0,1
18533.14,0,0,0,35,0,0,0,0,0
35360.25,20,1,0,30,0,0,0,0,1
64312.26,0,0,0,25,0,0,1,0,0
48516.3,0,0,0,32,0,0,0,0,0
91364.42,0,0,0,10,0,1,0,0,1
89399.0,0,1,1,40,0,0,0,0,1
75826.53,0,0,0,1,0,0,0,1,0
60301.25,0,0,0,31,0,0,0,0,1
54538.47,20,1,1,1,0,0,0,1,1
27383.85,0,0,0,13,0,0,0,0,0
41002.69,0,0,0,10,1,0,0,0,0
59435.86,0,1,0,33,0,0,0,0,1
71180.36,0,0,0,28,0,0,0,0,1
66381.16,20,0,0,28,0,0,0,0,1
61170.15,0,1,0,26,0,1,0,0,1
59454.47,0,0,0,7,0,0,0,1,0
66054.34,0,0,1,14,0,0,1,0,1
37351.19,0,0,0,27,1,0,0,0,0
51759.66,20,0,0,11,0,1,0,0,1
42651.49,0,0,0,21,0,0,0,0,0
25535.24,20,0,0,8,0,0,1,0,0
87370.87,0,0,0,33,0,0,0,1,1
27308.55,0,0,1,14,0,0,0,1,0
56081.67,0,0,0,16,1,0,0,1,1
12358.53,20,0,0,16,1,0,0,0,0
16397.37,40,0,0,32,0,1,0,1,1
21937.85,20,0,0,6,0,0,0,0,0
94373.04,0,0,1,35,0,1,0,0,1
51192.39,0,0,0,33,0,0,0,0,0
60653.71,0,1,0,17,1,1,0,0,1
39536.48,0,0,0,32,0,0,1,0,1
45034.8,0,0,0,35,0,0,0,0,1
63839.24,0,0,0,31,0,1,0,0,1
89908.6,20,0,0,19,0,0,1,0,1
77598.38,40,1,0,26,1,0,0,0,1
48758.02,0,0,0,40,0,0,0,1,0
90031.86,40,0,0,10,0,0,0,0,1
84132.02,0,0,1,17,0,0,0,1,1
67026.96,0,0,1,31,0,0,0,0,1
27220.94,0,0,0,29,0,0,0,0,0
26693.53,20,0,0,32,1,0,0,0,0
5931.7,0,0,0,1,0,0,0,1,0
54276.87,0,0,1,36,0,0,0,0,1
29579.98,0,1,0,17,0,0,0,1,1
66687.64,0,0,0,40,0,0,0,0,0
98674.29,0,0,0,5,0,1,0,0,1
75706.39,0,0,0,31,0,0,0,0,0
82886.26,40,0,1,2,0,0,0,1,1
74836.07,0,0,0,12,0,0,0,0,0
26191.56,0,0,0,32,0,0,1,0,0
67444.28,0,0,1,37,0,1,0,0,1
99587.29,40,0,0,14,1,0,0,0,1
34115.83,0,0,0,17,1,0,0,0,0
16325.2,40,1,0,5,0,0,0,0,0
97765.01,0,1,0,40,0,0,1,0,1
71016.35,20,0,1,19,0,0,0,0,1
35893.04,0,0,0,32,0,0,0,0,0
13729.02,20,0,0,8,0,0,0,0,0
45354.51,40,0,0,0,0,0,0,0,0
54962.15,40,0,0,20,0,1,0,0,1
48071.44,0,0,0,32,0,0,0,0,0
65230.72,20,0,0,18,0,0,0,1,1
36560.15,0,0,0,31,0,0,0,0,1
32569.7,0,1,0,4,0,0,0,0,0
64573.19,0,0,1,16,0,0,0,1,1
81348.18,0,0,1,7,0,1,0,1,1
58517.23,0,0,0,37,0,0,0,0,0
78644.2,40,0,0,32,0,0,0,0,1
11752.41,0,0,0,39,0,0,1,0,0
85096.54,0,0,0,32,0,0,0,0,0
7650.65,0,0,0,40,1,0,0,0,0
99820.02,0,0,1,21,0,0,0,0,1
70131.45,0,1,0,40,0,0,0,0,1
47347.47,0,0,0,37,1,0,0,0,0
15852.09,0,0,0,6,0,1,0,0,0
83744.57,0,0,0,23,1,0,1,0,1
78355.07,0,0,1,21,0,0,0,0,1
23947.08,20,0,0,38,0,0,0,0,0
49267.09,0,0,0,20,0,1,0,0,1
75950.01,0,0,1,15,1,0,0,0,1
98424.2,0,0,0,13,1,0,0,0,1
72530.48,20,0,0,2,0,0,0,1,0
11001.65,0,0,0,26,0,1,0,0,0
56811.4,20,0,0,34,0,0,0,0,1
49666.19,0,1,0,9,0,0,0,0,0
92669.7,20,0,0,0,0,0,0,0,1
5171.2,0,1,0,6,0,0,0,1,0
24270.16,0,0,0,0,1,0,0,0,0
7803.68,0,0,0,26,0,0,0,0,0
47330.84,0,0,0,19,0,0,0,0,0
74307.57,0,0,0,36,0,0,0,0,0
37868.56,0,0,0,24,0,0,0,0,0
40795.8,40,0,1,35,0,0,0,0,1
61371.09,0,0,0,33,1,0,0,0,1
1529.14,20,0,1,6,1,0,0,0,1
2861.15,0,0,1,21,0,0,1,0,0
70622.17,0,0,0,35,0,0,0,1,1
95750.15,0,0,0,5,0,0,1,0,0
89312.04,0,0,0,22,1,0,0,1,1
35945.92,0,0,0,22,0,0,1,1,0
69799.65,0,0,0,21,0,0,1,0,1
66153.37,40,0,0,25,0,0,1,0,1
20995.41,40,0,0,7,0,0,0,0,0
77067.04,0,1,0,24,0,0,0,0,1
94826.13,0,1,0,31,0,1,0,1,1
85274.12,20,0,0,27,0,0,0,0,1
22459.75,20,0,0,23,0,0,0,0,0
97089.53,0,0,0,18,0,0,0,0,0
95150.16,20,0,0,15,0,1,0,1,1
47747.66,0,0,1,19,0,1,0,1,1
73614.66,20,1,0,2,0,0,0,0,1
5416.03,40,0,0,3,0,0,0,1,1
60336.24,0,0,0,37,0,0,1,1,1
47122.8,0,1,1,14,0,0,0,0,0
36221.6,20,0,1,18,1,0,1,0,1
87874.22,20,1,0,16,0,0,0,0,1
63805.74,0,0,0,29,0,0,0,0,1
25221.38,20,0,0,1,0,1,0,1,0
27541.62,0,0,0,9,0,0,0,0,0
89286.57,0,0,0,18,0,0,1,0,0
61959.02,0,0,0,36,0,0,0,0,0
3304.82,20,0,1,9,0,0,0,0,0
75776.39,40,1,0,37,0,0,0,0,1
65556.12,0,0,0,40,1,0,0,0,1
52402.58,20,0,0,24,0,1,0,0,1
38968.67,0,0,0,16,0,0,0,1,0
97348.13,0,0,0,14,0,0,0,0,0
24814.26,0,0,0,38,0,0,0,1,1
18230.61,20,1,0,13,0,0,0,0,0
69975.61,0,0,0,16,0,1,0,0,0
53442.05,20,0,0,36,0,0,0,0,1
63884.6,0,0,0,36,0,0,0,1,1
73845.55,0,0,0,24,0,1,0,0,1
86055.04,0,0,1,34,1,0,0,0,1
68281.3,0,0,1,27,1,0,0,0,1
41801.84,0,0,0,1,0,0,0,0,0
14743.44,0,0,0,6,0,0,0,0,0
27178.39,20,0,0,15,0,1,0,0,0
39812.16,20,1,1,19,0,1,0,0,1
14089.5,20,0,0,12,0,0,0,0,0
92293.6,40,0,0,39,0,1,1,0,1
60228.48,0,0,0,35,0,1,0,0,1
91990.31,0,1,0,16,1,1,0,0,1
12517.12,20,0,0,30,0,0,0,1,1
78121.97,0,0,0,22,0,0,0,1,1
42713.94,0,0,0,14,0,0,1,0,0
10180.92,40,0,1,22,1,1,0,1,1
37101.03,0,0,0,30,1,0,0,0,1
24337.0,40,1,0,31,0,1,0,0,1
71269.01,0,0,0,11,0,0,1,0,0
91472.89,0,0,0,23,0,0,0,0,1
1790.05,0,0,0,37,0,0,0,0,0
71133.61,40,0,0,1,1,0,1,0,1
16570.11,20,0,0,31,1,1,0,0,1
72110.78,0,1,0,12,0,0,0,0,1
75589.53,0,0,0,3,0,0,0,1,0
60195.57,40,0,1,37,0,0,0,0,1
54630.99,0,0,1,28,0,0,0,0,1
95593.69,20,0,0,18,0,0,0,0,0
47006.21,20,0,0,36,0,0,0,0,1
5658.41,40,1,0,34,0,0,0,0,1
98996.22,0,0,0,20,0,0,0,1,1
33215.42,0,0,1,27,0,1,0,0,1
88550.0,0,0,0,40,0,0,0,0,1
43890.97,0,1,0,27,0,0,0,0,1
50576.97,0,0,0,24,0,0,0,0,0
65014.25,0,0,0,32,0,0,0,1,1
4749.92,20,0,1,33,0,0,0,0,1
7557.38,20,0,0,29,0,0,0,0,1
6698.48,0,0,0,40,0,0,0,1,0
7019.49,0,0,1,14,0,1,0,0,0
74346.18,0,1,0,31,1,0,1,0,1
92224.51,0,1,0,33,0,0,0,0,1
73782.48,0,0,0,27,0,0,0,0,1
26683.57,20,0,0,8,0,1,0,1,0
46003.46,20,0,0,7,0,0,0,0,0
16217.62,0,0,0,35,0,1,0,0,0
70241.71,0,0,0,33,0,0,0,1,0
12677.2,0,0,0,15,0,1,0,0,0
12623.85,20,1,0,28,0,0,0,1,1
10125.86,0,0,0,4,0,0,0,0,0
47225.89,0,0,0,34,0,0,0,0,0
19330.33,0,0,1,39,0,1,0,0,1
58006.19,0,1,0,9,0,0,0,0,1
71498.02,0,1,0,15,0,0,0,0,1
6739.83,0,1,1,35,0,0,0,0,1
59170.92,0,0,1,32,0,0,0,0,1
23726.1,0,1,0,18,1,1,0,0,1
21787.79,0,0,0,12,0,0,0,0,0
75843.06,0,0,0,0,0,0,0,0,0
38183.14,0,0,1,39,1,0,0,0,1
15546.25,20,0,0,27,0,1,0,0,1
88131.14,0,0,0,8,1,0,0,1,1
24526.8,0,0,0,40,0,1,0,0,0
26875.02,0,0,0,22,0,0,0,0,0
82563.87,20,0,0,2,1,0,1,0,1
6734.21,0,1,0,2,0,0,0,0,0
37484.61,20,0,0,10,0,0,0,0,0
17611.47,0,0,0,25,0,0,0,0,0
53048.44,0,1,0,29,0,0,0,0,1
50935.73,20,0,0,9,0,0,0,0,0
6430.1,20,0,1,27,0,0,0,1,1
65665.42,0,0,0,3,0,0,0,1,0
99135.78,0,0,1,7,0,0,0,0,0
36729.21,0,0,0,36,0,0,0,0,0
31086.02,0,0,0,38,0,0,0,0,0
60543.24,0,1,0,40,0,0,0,0,1
65090.87,20,0,0,15,0,0,0,0,0
80482.34,0,0,0,39,0,0,0,0,0
82221.62,20,1,1,35,0,0,0,1,1
39487.06,20,0,0,26,1,0,0,1,1
57533.07,0,0,0,17,0,0,0,0,1
32778.55,0,0,1,5,0,0,0,0,0
94373.17,0,1,0,11,0,0,0,0,1
20724.39,20,0,0,6,0,0,0,0,0
26003.97,20,0,0,31,1,0,0,0,0
19718.27,0,0,0,12,0,0,0,0,0
47741.87,0,1,0,26,0,0,0,1,1
23278.74,0,0,1,12,0,1,0,0,0
91903.28,0,0,0,3,0,0,0,0,0
22364.05,0,0,0,12,0,0,0,0,0
29068.95,20,0,1,26,0,0,0,1,1
50325.82,0,0,1,23,0,1,0,0,1
96245.82,0,0,1,12,0,0,1,0,1
94879.94,20,0,0,32,0,0,0,0,1
54513.53,0,1,0,29,0,0,0,0,1
84617.36,0,1,0,22,0,0,0,0,1
38243.76,20,1,1,26,0,0,0,0,1
3768.38,0,0,0,29,0,1,0,0,0
27577.1,0,0,0,27,0,0,0,0,0
3591.42,20,0,0,1,0,0,0,0,0
40120.97,20,0,0,37,1,0,0,1,1
63226.03,20,0,0,35,0,0,0,0,1
55855.75,20,0,0,18,0,0,0,0,1
94911.72,0,0,0,1,0,0,0,0,0
70341.41,0,0,0,10,1,0,0,0,1
75886.08,0,0,0,16,0,0,0,0,0
16341.14,0,0,0,23,0,0,0,0,0
29730.43,0,1,1,38,0,0,0,0,1
11781.13,0,1,0,11,0,0,0,1,0
98044.29,0,0,0,35,0,0,1,0,1
87975.45,0,1,0,24,0,0,1,0,1
64975.69,0,0,0,20,1,0,0,1,1
35064.24,20,1,0,6,0,0,0,0,0
60535.83,40,0,0,9,0,1,0,0,1
90959.37,40,0,0,2,0,1,0,0,1
34307.9,0,0,1,30,0,0,1,0,1
23908.0,20,1,0,2,0,0,0,0,0
83684.46,20,0,1,18,0,0,0,0,1
13099.94,0,0,0,28,0,0,0,0,0
96438.73,0,0,0,23,0,1,0,0,1
23905.62,0,0,0,35,0,1,0,0,0
89128.96,0,0,0,22,0,0,0,0,0
19271.86,0,0,1,10,0,0,0,0,0
83241.72,20,0,0,34,0,0,0,1,1
25374.6,0,0,1,16,0,1,0,0,0
67066.46,0,0,0,26,0,1,0,0,0
57560.12,20,0,0,24,0,0,1,0,1
43263.75,0,0,0,5,0,0,0,0,0
90798.39,0,0,0,3,0,0,0,0,0
33297.18,20,1,0,5,0,0,0,0,0
22999.66,0,0,0,2,1,0,0,0,0
7232.74,40,0,0,34,0,0,0,0,1
88022.22,0,0,0,4,1,0,0,0,0
76170.26,0,0,1,25,1,0,0,0,1
55239.82,20,0,0,13,0,0,0,0,1
68508.63,0,0,1,4,0,0,0,0,0
52915.25,0,1,1,20,0,0,0,0,1
44138.55,0,1,0,3,0,0,0,0,0
60674.13,0,0,1,17,0,0,0,0,0
53231.6,20,0,0,3,0,1,0,1,1
43982.15,0,0,1,23,0,0,0,1,0
24019.68,0,0,0,31,0,0,1,0,1
78393.72,0,0,0,9,0,1,0,0,0
36007.88,20,0,0,27,1,1,0,0,1
39385.92,20,0,0,8,0,0,0,0,0
43991.52,0,0,0,26,1,1,0,0,0
56450.92,0,0,0,1,0,0,0,0,0
81512.49,40,0,0,14,0,0,1,1,1
95544.74,0,0,0,25,0,0,0,0,1
7138.75,20,0,0,2,0,0,0,0,0
8811.71,40,0,0,11,0,1,0,0,1
66221.29,40,0,1,31,0,0,0,0,1
45556.09,20,0,1,40,0,1,0,0,1
7470.12,0,0,0,33,0,0,0,0,0
77771.24,20,0,0,12,0,1,0,0,1
18582.14,20,0,0,2,0,0,0,1,0
80225.53,20,0,1,7,1,0,0,0,1
7041.07,0,0,0,9,0,0,0,0,0
28490.21,0,0,0,38,0,0,0,0,0
1648.76,0,0,0,3,0,0,0,0,0
22845.4,20,0,0,10,0,0,0,0,0
26682.58,0,0,1,28,0,0,0,0,1
54066.75,0,0,1,29,0,0,0,0,1
94903.88,0,0,0,2,0,0,0,1,0
83101.3,0,0,0,25,0,0,0,0,0
85005.11,0,0,0,7,1,1,0,1,1
25075.46,0,0,0,29,0,0,0,0,0
20604.1,0,0,0,30,0,0,0,0,0
8362.51,40,0,0,18,0,1,0,0,1
70034.68,40,0,0,17,0,1,0,0,1
75025.95,20,0,1,30,1,0,0,1,1
29737.27,0,0,0,34,0,0,0,1,0
93328.57,0,1,1,32,0,0,0,0,1
53710.05,20,1,0,27,0,0,0,0,1
56598.92,0,0,0,28,0,0,0,0,0
35897.76,20,0,0,18,1,0,0,0,1
39098.33,20,0,0,2,0,0,0,0,0
57079.25,0,0,0,1,1,0,0,0,0
40873.6,40,0,0,31,1,0,0,0,1
26682.55,0,0,1,16,0,0,0,0,0
47991.4,0,0,1,4,0,1,0,1,1
73000.64,20,0,0,14,1,0,0,1,1
69757.0,0,0,0,10,0,0,1,0,0
17298.62,20,0,0,26,0,0,0,0,0
36682.84,0,1,0,8,0,0,0,0,0
31665.33,0,0,1,35,0,0,0,0,0
90965.07,0,0,0,15,0,0,0,0,1
96347.58,20,0,0,8,0,0,0,1,0
48797.15,0,0,0,12,0,0,1,0,0
99194.53,0,0,0,5,0,0,1,1,0
98633.04,20,0,1,17,0,0,0,0,1
47540.01,20,0,0,8,0,0,1,0,0
99991.72,0,0,0,29,0,0,0,0,0
56668.0,20,0,1,25,1,0,0,0,1
55378.49,20,0,1,13,0,0,0,0,1
80609.48,20,0,0,6,0,0,0,0,0
75969.27,20,0,1,32,0,0,0,0,1
45375.12,0,0,0,23,0,0,0,1,1
11254.0,20,0,1,31,0,0,0,1,1
53395.0,20,1,0,16,0,0,0,0,1
47629.81,20,0,0,14,0,0,0,0,0
99565.34,20,1,0,29,0,0,0,0,1
86233.66,0,0,0,26,0,0,0,0,0
94198.99,0,0,0,8,1,0,0,0,1
77531.63,20,0,0,12,0,0,0,0,0
86574.42,0,0,0,2,0,1,0,0,0
56851.62,0,0,1,12,0,1,1,0,1
80764.24,0,0,0,5,0,0,0,0,0
42015.73,0,1,0,34,0,0,0,0,0
87431.55,0,0,1,38,0,0,0,0,1
77761.09,0,0,0,39,0,1,0,1,1
88255.65,40,0,0,17,0,0,0,0,1
8509.17,20,0,1,21,0,0,1,0,1
86103.57,20,0,0,0,0,0,0,0,0
48450.77,20,0,0,23,0,0,0,0,0
95733.05,0,1,0,10,1,0,0,1,1
12810.51,0,0,0,28,0,0,0,1,0
96136.66,20,0,0,34,1,0,0,0,1
37993.05,0,1,0,21,0,0,1,0,0
89656.69,40,0,1,26,1,0,0,1,1
46798.32,0,0,0,31,0,0,0,1,1
57283.61,0,0,0,18,0,0,0,0,0
36865.69,20,0,0,3,1,0,0,0,1
42632.32,20,0,0,25,0,0,0,1,1
55696.19,0,1,0,29,0,0,0,0,1
40293.27,0,0,0,15,0,1,0,0,0
87108.7,20,0,0,4,0,0,0,0,1
32256.56,20,0,0,10,0,0,1,0,0
1790.32,0,0,0,37,0,0,0,0,0
20380.84,0,0,1,0,1,0,0,0,0
93445.19,0,0,1,19,0,0,0,1,1
91524.45,0,0,0,15,0,0,0,0,0
46311.74,0,0,0,2,0,1,0,0,0
34144.65,0,0,0,27,0,0,0,1,0
38003.21,20,0,1,27,0,0,0,0,1
18417.48,20,0,0,14,0,1,0,0,0
37165.05,0,0,0,4,1,0,0,0,0
15028.71,0,0,0,29,0,0,0,0,0
55767.26,20,0,1,2,0,0,1,0,1
75970.76,0,1,0,25,0,0,0,0,1
63510.35,0,1,0,13,0,0,0,1,1
31572.0,20,0,0,10,0,0,0,0,0
34956.63,0,0,1,39,1,0,0,0,1
14749.58,0,0,0,17,0,1,0,0,0
12769.26,0,0,0,29,0,0,0,0,0
12074.77,20,0,1,5,0,0,0,0,0
68580.69,20,0,0,7,1,0,0,0,0
3148.56,20,0,0,22,0,1,0,0,0
71197.3,0,0,0,0,0,0,0,1,1
32596.44,20,1,1,38,0,0,0,0,1
25461.03,0,0,0,5,0,0,0,0,0
19379.16,40,0,0,18,0,0,0,0,0
77974.01,0,0,1,25,0,0,0,0,1
41336.04,0,0,1,29,1,0,0,0,1
98665.24,0,0,1,7,0,0,0,1,1
6759.33,0,0,0,10,1,1,0,1,0
58531.79,20,1,0,11,0,0,1,0,1
41372.56,0,0,0,9,0,0,0,0,0
37835.33,0,0,0,5,1,0,0,0,0
91796.39,0,0,1,33,0,0,0,0,1
57231.98,20,0,0,10,0,0,0,0,1
45128.64,0,0,1,7,0,0,0,0,0
96816.49,0,0,1,40,0,0,0,1,1
847.59,0,0,1,35,0,0,0,0,0
40926.19,20,1,0,3,1,0,0,1,1
86041.65,0,1,0,38,0,0,0,0,1
99406.76,40,0,0,16,1,0,0,0,1
67960.25,0,0,0,23,0,0,0,0,0
88254.77,0,0,0,10,0,0,0,0,0
50762.13,20,0,1,26,0,1,0,0,1
7945.42,40,0,0,7,0,0,0,0,0
82304.62,40,0,1,38,0,0,0,0,1
22228.85,0,0,0,19,0,1,0,0,0
95469.03,0,0,0,7,0,0,0,0,0
66978.2,20,0,0,25,0,0,0,0,0
16842.92,0,0,0,27,1,0,0,1,0
4853.9,0,0,0,9,0,0,0,0,0
63967.65,0,0,0,10,0,1,0,0,0
58113.22,0,0,1,23,0,0,0,0,1
30047.33,20,1,0,18,0,1,1,0,1
68248.08,0,0,0,5,0,0,0,0,0
11739.03,0,0,0,34,0,0,0,0,0
2410.62,40,0,0,30,0,0,0,0,0
70147.72,0,1,0,30,1,1,0,1,1
41907.65,20,0,1,10,0,0,0,1,1
47841.91,0,0,0,40,0,0,0,0,0
63516.38,0,0,0,6,0,0,0,0,0
74855.46,0,0,1,19,0,0,0,0,1
39128.73,0,0,0,10,1,0,0,0,0
92980.67,0,0,0,4,0,0,0,0,0
51473.84,20,0,0,4,0,0,0,1,1
72062.31,40,1,0,35,0,1,0,0,1
5939.17,0,0,0,36,0,1,0,0,0
92142.14,0,0,0,34,0,1,0,0,1
38366.73,0,0,0,4,0,0,0,0,0
5947.03,0,0,0,37,0,1,0,0,1
35400.21,0,0,0,3,0,0,0,0,0
72304.21,0,0,0,36,0,0,0,1,1
50646.84,20,0,0,20,0,0,0,1,1
66280.66,0,0,0,11,0,0,0,0,0
15021.8,20,0,0,39,0,1,0,1,1
28894.69,20,0,0,9,0,0,0,0,0
12442.19,0,0,0,5,1,0,0,0,0
97510.99,20,1,0,18,1,0,1,0,1
37646.38,0,0,0,23,0,0,0,0,0
19640.46,0,0,0,3,0,0,0,0,0
26730.54,0,0,0,0,0,0,0,0,0
64251.69,20,0,0,20,0,0,0,0,0
2074.14,0,0,0,28,0,1,0,0,0
9519.71,40,0,0,26,0,0,0,0,1
21920.32,0,0,0,22,0,0,1,0,0
68949.79,0,0,1,28,0,0,1,0,1
71053.35,0,1,0,7,1,0,0,1,1
9123.44,40,0,1,40,0,0,0,1,1
72830.72,0,0,0,21,0,0,0,0,0
28125.02,0,0,0,17,0,0,0,1,0
56783.26,0,0,1,29,0,0,0,0,1
46711.91,20,1,0,11,0,1,0,1,1
26923.14,40,1,0,15,0,1,0,0,1
22927.06,0,0,1,26,0,0,0,0,0
74848.48,20,1,0,3,0,0,0,0,1
84338.07,0,0,0,6,0,0,0,1,1
9341.8,20,0,0,29,1,0,0,0,0
45096.68,0,0,1,5,0,1,1,0,1
39610.69,20,0,0,8,0,0,0,0,0
63786.16,40,0,1,37,1,0,0,1,1
99263.28,0,0,0,31,0,0,0,0,0
2470.31,40,0,1,39,0,0,0,0,1
85763.12,0,0,0,10,0,0,0,0,0
50610.55,0,0,0,4,0,0,0,0,0
25218.13,0,0,1,14,0,0,0,0,0
25276.86,20,0,0,19,0,0,0,1,0
14575.93,20,0,1,38,0,0,1,0,1
75942.78,0,0,0,29,1,0,0,0,1
57649.8,0,0,0,36,0,1,0,0,1
32372.77,20,0,0,3,0,0,0,0,0
65541.41,20,0,0,26,0,0,0,0,1
3020.72,0,0,0,16,0,0,0,0,0
25852.73,20,1,0,34,0,0,0,0,1
5452.97,20,0,1,5,0,0,0,0,0
72599.08,0,0,1,25,0,0,0,0,1
46655.09,0,1,0,34,1,0,1,0,1
34610.0,0,0,0,13,0,0,0,0,0
676.17,0,0,1,3,0,0,0,0,0
15067.76,20,0,0,33,0,0,0,0,1
7982.23,0,0,0,35,0,0,1,1,1
3682.09,0,0,0,34,1,0,0,0,0
55395.07,0,0,0,21,0,0,0,0,0
99592.3,0,0,1,27,0,1,0,0,1
95412.26,0,0,0,10,0,0,0,0,0
59914.91,0,0,0,17,0,0,1,0,0
37599.29,0,0,1,7,0,0,0,1,0
77349.18,0,0,0,25,0,0,0,0,0
5823.18,0,0,0,29,0,1,1,0,0
66621.24,0,0,0,34,0,0,0,0,1
44850.97,0,0,1,7,0,1,0,0,0
38931.36,0,0,0,20,0,0,0,1,1
94042.96,0,0,0,40,0,0,0,0,0
7970.22,0,1,0,20,0,0,0,1,1
96174.46,0,1,0,2,0,0,0,0,0
57847.7,20,0,0,19,1,0,0,0,1
85967.15,0,0,0,8,1,0,0,0,1
16122.4,0,0,0,40,0,1,0,0,1
74024.5,40,0,0,29,1,1,0,0,1
64890.98,40,0,0,10,1,0,0,0,1
41404.31,20,0,0,17,0,1,0,0,1
56486.93,0,1,0,9,0,0,0,0,0
59509.85,0,0,0,18,0,0,0,0,0
50420.16,0,0,0,18,0,1,0,0,1
33274.31,0,0,0,8,0,0,0,0,0
51537.49,40,0,0,1,0,0,0,0,0
19506.27,0,1,0,21,1,0,0,0,0
42513.91,20,0,1,37,0,0,0,1,1
61457.8,20,0,0,21,1,1,1,0,1
48661.78,20,0,0,17,0,0,0,0,0
5156.05,40,0,0,18,0,0,0,1,0
76076.54,20,0,0,3,0,0,0,0,1
78187.86,0,0,0,38,0,0,0,0,0
50130.61,0,0,0,30,0,0,0,0,1
12158.94,20,0,0,30,0,1,0,0,1
36423.94,20,0,0,7,0,0,1,0,0
63931.38,0,0,0,2,1,0,0,0,0
21673.06,0,0,1,28,0,0,0,0,1
844.37,0,0,1,17,0,1,0,0,0
56281.52,0,0,0,30,0,0,0,1,1
10037.17,0,0,1,23,0,0,0,0,0
69648.52,0,0,0,24,0,0,0,0,0
40107.84,0,0,0,8,0,1,0,0,0
56666.5,20,1,0,30,0,0,0,0,1
23704.2,20,0,0,22,0,1,0,0,0
77815.97,0,0,0,25,1,0,0,0,0
67898.81,0,0,0,30,1,0,0,0,1
97183.58,20,0,1,34,0,0,0,1,1
62044.86,0,0,0,24,0,0,0,0,0
54123.59,20,1,0,8,0,1,0,0,1
24224.62,20,1,0,35,0,0,0,0,1
74685.28,0,0,0,10,0,0,0,0,0
44226.6,40,1,1,37,0,1,0,0,1
40337.18,20,0,0,32,1,0,0,0,1
60647.56,0,0,0,0,1,0,0,0,0
95810.23,0,0,1,31,0,1,0,0,1
45503.29,20,0,0,30,0,0,0,1,1
64571.18,40,0,0,18,0,0,0,0,1
86529.61,0,1,1,6,1,0,0,0,1
91911.53,0,0,0,4,0,0,0,0,0
47811.27,20,0,1,9,0,0,0,0,1
71734.62,0,0,1,2,0,0,1,0,1
21686.79,0,0,0,38,0,1,0,0,0
50026.86,20,0,0,33,0,0,0,0,1
82210.29,20,0,0,10,0,0,0,0,0
4915.46,0,0,0,33,0,1,0,0,0
60828.86,0,0,0,2,0,0,1,0,0
57882.04,0,0,0,14,0,0,0,0,0
49033.69,20,0,0,24,0,1,0,0,0
97419.32,0,1,0,25,0,0,0,1,1
36118.26,0,0,0,26,0,0,1,0,0
80055.91,0,0,0,22,0,0,0,0,0
38248.82,20,1,0,11,0,0,0,0,1
6602.24,0,0,1,38,0,0,1,0,1
8814.11,20,0,0,31,0,0,0,0,0
20277.72,0,1,0,33,1,0,0,0,0
81147.36,0,1,0,39,0,0,1,1,1
63988.6,0,0,1,30,1,0,0,0,1
51502.8,0,0,0,23,1,0,1,0,1
79717.16,0,0,0,34,0,0,0,1,1
5832.27,40,0,0,15,0,0,0,0,1
25449.87,0,0,1,11,0,0,1,0,1
80763.37,0,0,1,12,1,0,0,0,1
56801.34,0,0,0,16,1,1,0,0,1
29702.25,20,0,0,27,0,0,0,0,0
20756.35,0,0,1,30,0,1,0,1,0
42889.17,0,0,0,37,1,0,0,0,1
39440.91,0,0,0,8,0,0,0,1,0
51088.66,0,0,0,15,0,1,0,1,0
97194.6,40,0,0,22,0,1,0,0,1
96041.07,20,0,0,27,0,1,0,0,1
20259.76,0,0,0,2,1,0,0,0,0
17099.16,0,0,0,11,1,0,0,0,0
49490.8,0,1,0,34,0,0,0,0,1
17689.25,0,0,0,33,0,0,0,0,0
40033.49,20,0,0,2,0,0,0,0,0
69347.0,20,0,0,28,1,0,0,0,1
21494.89,20,0,0,23,0,0,0,0,0
11326.1,20,0,0,7,1,0,0,0,0
30197.32,0,0,0,29,0,1,0,0,0
82814.35,40,0,0,31,0,0,0,1,1
52854.58,0,0,0,0,0,0,0,0,0
90691.31,20,0,0,23,1,0,0,0,1
34366.94,40,0,0,20,0,0,0,0,0
49136.43,0,1,1,18,0,0,0,1,1
98705.5,0,0,0,22,1,0,0,0,1
19768.79,20,0,0,38,1,0,1,0,1
66920.44,0,0,0,31,0,0,1,0,1
37070.59,20,0,0,38,0,0,0,0,0
89359.79,0,0,0,25,0,0,0,0,0
20462.69,0,0,0,24,0,0,0,0,0
5950.67,20,0,0,24,0,1,0,0,1
89981.57,0,0,0,22,0,0,0,0,0
96845.84,0,0,0,6,0,0,0,0,0
87004.81,0,0,0,23,0,0,0,0,0
6111.67,20,0,1,30,1,0,0,0,1
13927.32,20,0,0,35,0,0,0,0,1
27019.46,0,0,0,26,0,0,1,0,1
99734.18,20,1,0,30,0,1,1,0,1
61141.28,20,0,1,23,0,0,0,0,1
1369.0,0,0,0,6,0,0,0,0,0
48236.84,0,1,1,4,0,0,0,0,0
47313.55,0,0,1,5,0,0,0,0,0
98525.52,20,0,1,36,1,0,1,1,1
92281.36,20,1,0,34,0,0,0,0,1
93614.3,40,0,0,22,0,0,0,0,1
50950.81,0,0,0,28,0,0,0,0,0
12226.26,0,0,0,17,1,0,0,1,0
80215.48,0,0,1,36,1,0,1,0,1
11583.99,0,0,0,1,0,0,0,0,0
85167.39,0,0,0,32,0,0,0,0,0
67252.33,0,0,1,10,0,0,0,0,0
72785.01,0,0,0,19,0,0,0,0,0
42648.31,0,1,0,32,0,0,0,0,1
94653.52,20,1,0,28,1,0,1,0,1
12827.45,0,0,0,5,1,0,0,1,0
44813.22,20,0,0,16,0,0,0,0,0
82190.29,20,1,1,38,0,0,0,1,1
90642.05,0,0,0,22,0,1,0,0,1
14242.7,0,0,1,16,0,0,0,0,0
49771.97,0,0,0,1,0,0,0,0,0
9562.51,20,0,1,2,0,0,0,0,0
58801.35,40,0,0,27,0,0,0,0,1
74396.21,20,0,1,32,0,0,0,1,1
87873.58,40,0,1,34,0,0,0,0,1
98099.5,20,0,0,7,0,0,0,0,0
14782.3,0,0,1,10,0,1,0,0,0
89340.54,0,0,0,36,0,1,0,1,1
46910.25,0,0,0,37,0,0,0,0,0
70557.66,40,0,0,24,0,0,0,0,1
73534.1,20,0,1,29,0,0,0,1,1
21266.33,0,0,0,27,0,0,0,0,0
99970.23,0,0,0,7,0,0,0,0,0
41309.09,0,0,0,24,1,0,0,0,1
63617.17,20,0,0,22,0,1,0,0,1
48275.21,0,0,1,2,0,0,0,0,0
37787.4,0,0,0,33,0,0,0,0,1
60142.58,0,0,0,26,1,1,0,0,1
51284.13,0,1,1,23,0,0,0,0,1
89781.54,0,0,1,34,0,0,0,0,1
36641.6,40,1,1,39,1,1,0,0,1
78535.25,0,0,0,33,0,0,0,0,0
783.11,0,0,0,4,0,1,0,0,0
75459.5,0,0,0,40,1,0,0,0,1
89269.4,20,0,0,25,0,0,0,1,1
25350.82,0,0,0,21,0,0,0,0,0
77598.82,40,0,0,11,0,0,0,0,1
52823.92,0,0,0,6,0,0,0,0,0
96123.56,20,1,1,28,0,0,0,0,1
4473.57,20,0,0,22,0,0,0,0,0
95048.72,0,0,0,23,1,1,0,0,1
90579.95,0,0,0,3,0,1,0,1,0
66977.26,40,0,0,34,1,1,0,0,1
39564.57,20,0,1,31,0,0,0,1,1
48990.48,20,0,0,27,0,0,0,0,0
61509.2,40,0,0,34,0,0,0,0,1
30789.63,20,0,1,22,0,0,0,1,1
75120.49,20,0,0,25,1,1,0,0,1
22559.82,20,0,0,13,0,0,1,0,0
15638.8,0,0,1,40,0,1,0,0,1
2141.67,20,0,0,10,0,1,0,0,0
74592.42,0,1,0,16,0,0,1,0,1
93626.69,0,1,0,37,1,0,0,0,1
77169.84,0,0,1,40,0,1,0,0,1
94723.66,20,0,0,9,0,1,0,1,1
48534.11,0,0,1,25,0,0,1,0,1
90014.52,0,0,0,2,0,0,0,1,0
59293.22,0,0,0,30,0,0,1,0,1
32525.03,40,0,0,6,1,0,0,0,1
97808.05,0,1,0,21,0,0,0,0,1
19801.98,0,1,1,13,0,0,0,1,0
47313.75,0,0,0,40,0,0,0,0,0
66638.12,40,0,1,17,0,1,0,0,1
34402.11,0,0,0,22,1,0,0,0,0
3608.88,0,0,0,33,0,0,0,0,0
27733.15,0,1,1,32,0,1,0,0,1
64435.84,0,0,0,6,0,1,1,0,1
34700.59,20,0,1,34,0,0,0,0,1
68483.09,0,0,0,12,0,0,0,0,0
61695.36,20,0,1,22,0,0,0,1,1
51427.72,20,0,0,31,0,0,0,0,1
3468.25,20,0,0,15,0,0,0,0,0
71383.46,0,0,1,18,0,0,0,1,1
56223.92,0,0,0,14,0,0,0,0,0
25533.26,20,0,1,4,0,0,0,0,0
3810.9,0,1,1,20,0,1,0,0,1
69373.6,0,1,0,36,0,0,0,0,1
81872.37,40,0,0,8,0,0,0,0,1
52346.2,20,0,0,24,1,0,0,0,1
65697.27,40,0,0,7,1,1,0,0,1
95525.83,0,0,0,26,0,0,0,0,1
5766.58,0,0,0,4,0,0,0,1,0
38044.73,20,0,1,14,0,1,0,1,1
37903.9,0,0,0,18,0,0,0,1,0
34821.11,0,0,0,5,0,1,0,0,0
61450.56,0,0,1,32,1,0,0,1,1
99532.77,40,0,0,10,1,1,0,0,1
65924.61,0,0,0,16,1,0,0,0,0
41546.56,0,0,0,39,0,1,0,0,0
42576.93,20,0,0,27,0,0,0,0,1
50524.47,0,0,0,26,0,0,0,0,0
1574.8,0,0,0,23,0,1,0,0,0
94050.07,0,1,0,20,0,0,0,0,1
58350.89,0,0,0,38,1,0,0,0,1
36961.06,0,0,1,14,0,0,0,0,0
76318.67,20,0,0,18,0,1,1,0,1
95292.04,0,1,0,2,0,0,0,0,0
75196.92,0,0,0,2,0,0,0,0,0
56708.9,0,0,0,27,0,0,0,0,0
8532.61,0,0,0,26,0,0,0,0,0
63693.66,0,0,0,39,0,0,0,0,0
46634.0,20,0,0,13,0,1,0,0,0
90616.6,0,0,0,28,0,0,0,1,1
23800.26,0,0,0,29,0,0,0,0,0
2135.69,0,0,0,27,0,0,0,1,0
35388.63,0,0,0,10,0,0,0,1,0
97131.83,0,0,0,35,1,0,0,1,1
67313.65,20,0,0,29,1,0,0,0,1
58922.01,0,0,0,29,1,0,0,0,1
78306.7,0,0,0,9,0,0,0,0,0
40027.55,0,1,0,18,0,1,0,0,0
47803.53,0,0,0,4,1,1,0,0,0
69960.74,0,0,1,36,0,0,0,0,1
55119.26,20,1,0,3,0,0,1,0,1
67469.9,0,0,0,19,0,0,0,0,0
39768.31,0,1,0,12,0,0,0,0,0
2529.62,0,0,0,13,0,0,0,0,0
75300.13,0,0,0,28,0,0,0,1,1
82702.97,20,0,0,13,1,0,1,0,1
37507.43,40,1,0,21,0,0,0,0,1
61467.89,0,1,0,11,0,0,0,0,1
40772.37,20,0,0,30,0,0,0,0,0
95326.55,0,0,1,38,0,0,0,0,1
10256.71,0,1,1,32,0,0,0,0,1
94144.77,0,0,0,16,0,0,0,0,0
43273.17,0,0,0,25,0,1,0,0,0
3172.21,40,0,0,26,0,0,0,0,0
26658.92,0,0,0,20,0,1,0,0,0
90377.88,20,0,0,9,0,0,0,0,1
87797.98,0,0,0,13,0,0,0,0,0
58702.19,0,0,0,14,1,0,0,0,1
53722.27,40,0,0,27,0,1,0,0,1
59021.06,0,1,0,25,0,0,0,0,1
62426.99,20,0,0,32,1,0,1,0,1
56926.95,20,0,0,5,0,0,0,0,0
2516.82,0,0,0,33,0,0,0,0,0
33541.12,0,0,0,38,0,0,0,0,0
3500.21,0,0,1,35,0,0,0,0,1
3140.89,20,0,0,7,0,1,0,0,0
78210.18,0,1,0,0,0,0,0,1,0
40812.66,0,0,0,17,0,0,0,0,0
3614.16,20,0,0,38,0,0,0,0,0
42890.63,40,0,0,6,0,0,0,0,1
79870.98,20,0,0,15,0,1,1,1,1
53841.89,0,0,0,12,1,0,0,0,0
282.84,0,0,1,23,0,0,0,0,0
135.25,20,0,0,21,0,0,0,0,0
49678.88,0,1,0,10,0,0,0,0,0
26299.84,0,0,0,18,0,1,0,1,0
88236.05,0,0,0,12,1,1,0,0,1
74610.49,0,0,1,4,0,0,0,0,0
88380.2,20,0,0,8,1,0,0,0,0
89108.31,20,0,1,17,0,0,0,0,1
3368.78,20,1,0,8,0,1,0,0,0
41290.72,0,0,0,33,0,0,0,0,0
57551.25,40,0,0,13,0,0,0,0,1
83572.56,0,0,0,24,0,0,0,0,1
89832.31,20,0,1,3,1,0,0,0,1
66674.83,0,0,0,2,0,0,0,1,0
64237.99,20,0,1,27,0,0,0,1,1
61104.46,0,1,0,21,0,0,0,0,1
42236.29,20,0,1,32,0,0,0,0,1
25292.74,40,0,1,8,0,0,0,0,1
90974.89,0,0,0,22,0,0,0,0,0
40360.95,0,0,0,30,1,1,0,0,1
33721.36,20,0,0,6,0,0,0,0,0
65196.88,0,0,0,27,0,0,0,0,0
75110.29,20,0,0,31,1,0,0,0,1
56406.52,20,0,1,8,1,0,0,0,1
46399.98,0,0,0,8,0,0,0,0,0
89654.13,0,0,0,1,0,0,0,0,0
22883.69,20,0,0,35,0,0,0,0,0
98773.42,20,0,0,33,0,0,0,0,1
79403.64,0,0,0,13,0,0,0,1,1
96925.77,40,0,0,16,1,0,0,1,1
10184.11,0,0,0,20,0,0,0,0,0
99064.23,0,0,0,40,0,1,0,1,1
91766.58,0,0,0,6,1,0,0,0,1
39703.18,0,0,1,36,1,0,0,0,1
38377.81,0,0,0,17,0,0,0,0,0
24852.65,0,0,0,10,0,0,0,0,0
54312.67,0,1,1,17,0,0,0,0,1
1040.55,40,0,0,23,0,0,0,0,1
31339.78,0,0,0,3,0,1,0,0,0
10259.63,0,0,0,15,0,0,0,1,0
72485.87,40,0,1,22,0,0,0,1,1
74060.13,0,0,0,40,0,0,0,1,1
9155.66,20,0,0,30,0,0,0,0,0
53826.04,0,0,0,25,0,0,0,0,1
17872.31,0,1,0,40,0,0,0,0,0
26271.73,0,0,0,33,0,0,0,0,0
68336.86,0,0,1,14,0,0,1,0,1
93472.02,20,1,0,11,0,1,0,0,1
70326.2,0,0,0,32,1,0,0,1,1
89778.22,0,0,0,12,0,0,0,0,0
57021.44,0,0,1,3,1,0,1,0,1
22936.52,20,0,1,34,0,0,0,0,1
95362.95,0,0,1,23,0,1,0,0,1
66400.21,0,0,0,15,0,0,0,0,0
94709.81,0,0,1,38,0,0,0,0,1
45651.88,0,0,0,39,0,0,0,0,0
10318.4,20,0,0,16,0,0,0,0,0
7082.4,20,0,0,39,0,0,0,1,0
8441.73,0,1,0,37,0,0,0,1,0
29586.83,20,0,0,28,0,0,0,0,1
60305.36,0,0,0,14,0,0,0,0,0
28742.08,0,0,0,12,0,0,0,0,0
47193.16,0,0,1,5,0,0,0,0,0
28904.12,0,0,0,30,0,0,0,0,0
8857.83,20,0,0,38,1,1,0,0,1
8765.53,0,0,0,32,0,0,0,0,0
33916.23,0,0,1,36,0,0,0,1,1
68895.76,0,0,0,29,1,0,0,0,1
97955.87,0,0,0,35,0,0,0,0,0
97319.38,20,0,0,20,1,0,0,0,1
22742.57,0,0,1,17,0,0,0,0,0
51348.53,0,0,0,4,0,0,0,0,0
87737.83,40,0,0,6,1,0,0,1,1
50708.97,0,0,0,21,1,0,0,1,1
47847.17,0,0,1,18,0,0,0,0,1
25878.12,20,1,1,10,0,0,0,0,1
5718.91,0,1,0,15,0,0,0,0,0
32067.91,0,1,0,28,0,0,0,1,1
96164.87,0,1,0,19,0,0,0,0,1
25898.4,0,0,0,33,0,0,0,0,0
25976.59,0,1,0,0,0,0,0,1,0
9983.17,0,0,0,10,0,0,0,0,0
25908.58,0,0,0,39,1,0,0,0,0
33032.87,0,0,0,9,0,0,1,0,0
74010.56,0,0,0,25,0,0,0,0,0
90636.32,40,0,0,23,0,0,1,0,1
98966.31,0,0,0,11,0,0,0,0,0
8944.26,0,1,0,32,0,1,1,0,0
82927.79,0,0,0,17,1,0,0,0,0
36723.97,0,0,0,35,0,0,0,0,0
85206.17,20,0,0,26,0,0,0,0,0
39505.8,20,1,0,27,0,0,0,0,1
68135.96,0,0,0,11,0,0,0,0,0
75281.85,0,0,0,38,1,0,0,0,1
88051.85,0,0,0,7,0,0,0,1,1
87175.6,20,0,0,23,0,0,0,0,0
79638.46,20,0,0,23,0,1,0,0,1
79501.59,0,0,0,31,0,1,0,0,1
37873.1,0,0,0,36,0,0,1,0,1
89648.92,20,0,0,1,0,0,0,0,0
62878.59,0,0,0,12,0,1,0,0,0
42371.48,0,0,1,2,0,1,0,1,0
7923.62,20,0,0,34,0,0,0,0,1
57853.35,40,0,0,12,0,0,0,0,1
97842.72,20,0,0,13,0,0,0,0,1
99676.08,0,0,0,28,1,0,0,1,1
63358.43,20,0,0,2,0,0,1,0,0
39886.93,0,1,0,12,0,0,0,1,0
89884.21,0,1,0,3,0,0,0,1,1
75854.57,20,0,0,40,1,0,0,1,1
22383.76,0,0,1,21,0,0,1,0,1
41071.21,0,0,0,23,0,0,0,1,0
10991.5,0,1,0,3,0,0,0,0,0
59706.96,40,0,0,23,0,0,0,0,1
93418.83,0,0,1,29,0,1,0,0,1
69085.15,0,0,0,6,0,0,0,0,0
39052.52,20,1,0,1,1,0,0,1,1
25237.83,20,0,0,37,0,0,0,0,1
20342.97,0,0,1,7,0,0,0,1,0
33174.62,0,0,0,4,0,0,0,0,0
32062.54,40,0,1,6,0,0,0,1,1
20535.83,20,0,1,8,0,0,1,0,1
97244.51,20,0,1,33,1,0,0,0,1
92660.17,0,0,0,22,0,0,0,0,0
46830.6,40,1,1,11,0,0,1,0,1
7453.46,20,0,0,20,0,1,0,0,0
67395.71,20,0,0,5,0,0,0,0,0
21860.65,0,0,0,3,0,0,0,1,0
4019.45,0,0,0,24,1,1,0,0,0
22271.71,20,0,0,20,1,1,0,0,0
47253.99,0,0,0,1,0,0,0,0,0
51957.68,40,0,1,2,0,0,0,1,1
68835.31,0,0,0,30,0,0,0,0,0
99200.87,0,0,0,0,0,1,0,0,0
33235.09,20,0,0,6,1,1,0,0,1
98572.48,0,1,1,27,0,0,0,0,1
70311.17,0,1,0,12,0,0,0,0,1
85871.66,0,0,1,20,1,0,0,0,1
98192.55,0,0,0,6,0,0,0,0,0
86209.71,40,0,1,28,0,1,0,1,1
31847.43,0,0,0,6,1,0,0,0,0
44091.13,20,0,0,16,1,0,0,0,0
29526.82,20,0,0,25,0,0,0,1,0
28766.67,0,0,1,2,0,0,1,0,0
793.57,0,1,0,39,0,0,0,0,0
64829.93,40,0,0,31,0,0,0,0,1
31203.26,0,0,0,34,0,0,0,0,0
42839.6,0,0,1,38,0,1,0,0,1
70884.37,0,0,0,23,1,0,0,0,1
8505.96,0,1,0,6,0,1,0,0,0
27545.75,20,0,0,7,0,0,0,0,0
91033.19,0,0,0,8,1,0,1,0,1
50740.13,20,1,1,21,0,1,0,0,1
13378.44,0,0,0,2,0,0,0,1,0
78755.24,0,0,0,2,1,0,0,1,1
80425.97,20,0,1,2,0,0,0,1,1
7828.42,0,0,0,16,0,0,1,1,0
45178.36,0,1,0,28,0,0,0,0,0
9523.14,0,0,0,10,0,0,0,0,0
89912.74,40,1,0,8,0,0,0,0,1
11026.94,0,0,0,33,0,0,0,0,0
49710.59,0,0,0,29,0,0,1,0,0
68390.22,20,0,0,38,0,1,0,0,1
63972.23,0,0,0,35,0,0,0,0,0
90181.0,40,0,1,37,0,0,0,0,1
57567.41,0,0,1,5,0,0,0,0,0
7762.87,0,0,1,24,0,0,0,1,0
5917.36,40,1,0,25,0,0,0,0,1
48459.9,0,0,0,28,1,0,0,1,1
55975.97,0,0,0,7,1,0,0,0,0
40618.66,0,0,1,23,0,0,1,0,1
47759.59,0,0,0,31,0,0,0,0,0
35162.02,0,0,0,23,0,0,0,0,0
88656.85,0,0,0,2,0,0,0,1,0
21927.1,0,0,0,8,0,0,0,0,0
22994.73,0,0,0,12,0,0,0,0,0
85629.86,0,0,0,5,1,1,1,0,1
56659.75,0,0,0,27,0,0,0,0,0
97694.02,0,0,0,4,0,0,0,0,0
65999.22,0,0,0,22,0,0,0,0,1
31724.63,20,1,0,18,0,0,0,0,0
63825.94,0,0,0,22,1,1,0,1,1
64717.44,0,0,0,19,0,0,0,0,0
51222.4,20,1,0,9,0,0,0,0,1
1247.88,0,0,0,36,0,0,1,0,0
14456.69,20,0,0,36,0,0,0,0,1
39698.18,40,0,0,22,0,0,0,0,0
20922.84,20,0,1,34,0,0,0,0,1
85797.9,0,0,0,3,1,0,0,0,0
49213.35,20,1,0,22,0,0,0,0,0
68442.11,0,0,0,0,0,0,0,0,0
76212.7,20,0,1,11,0,1,0,1,1
8480.92,0,0,0,13,0,0,0,0,0
83332.2,0,0,0,28,0,0,1,0,1
79354.36,0,0,0,19,0,0,0,1,1
83699.4,20,0,0,21,0,0,0,0,0
83454.79,0,0,1,4,1,0,0,0,0
64791.96,0,0,0,27,0,0,0,0,0
95254.12,0,0,0,1,0,0,1,0,0
97921.18,0,1,1,32,0,0,0,1,1
70254.77,0,0,0,17,0,0,0,1,0
4686.11,40,0,0,25,0,0,0,0,1
9468.28,40,0,1,29,0,0,0,0,1
34350.12,0,0,0,1,0,0,0,0,0
57945.49,0,0,1,11,0,0,1,1,1
31683.33,0,0,1,22,0,0,1,1,1
46181.34,20,0,0,16,0,1,0,1,1
89777.08,0,0,0,24,0,0,0,0,1
78192.87,20,0,1,19,0,0,0,0,1
71768.05,0,0,0,39,0,0,0,1,1
86675.31,0,0,0,31,1,0,0,0,1
48486.25,0,0,1,16,0,1,0,0,1
45990.0,0,0,0,15,0,0,0,0,0
22121.31,0,0,1,6,0,1,0,0,0
92742.6,0,0,0,18,1,0,0,1,1
12502.97,20,0,1,34,0,0,0,0,0
46271.11,20,0,1,4,0,0,0,0,0
85699.17,0,0,0,17,0,0,1,0,1
77287.1,0,0,0,25,0,0,0,0,0
90674.94,40,0,0,15,0,1,0,1,1
26360.05,0,0,0,22,1,0,0,0,0
15176.97,0,0,0,33,0,0,0,0,0
42911.93,0,1,1,35,0,0,0,0,1
81132.4,40,1,0,18,1,1,0,0,1
32099.9,40,1,0,16,1,0,0,0,1
46529.84,0,0,0,31,1,0,0,0,0
84863.23,0,0,0,40,0,0,0,0,1
32017.36,0,0,0,20,1,0,0,0,0
57121.3,0,0,0,10,0,0,0,0,0
20379.06,20,0,0,24,0,0,0,0,0
93075.14,20,0,0,38,0,0,0,0,1
52404.95,0,1,0,7,0,0,0,1,1
57908.06,20,0,0,35,0,0,0,0,1
59314.35,20,0,0,3,0,0,0,0,0
75179.23,20,0,0,27,1,1,0,0,1
45975.78,0,0,0,34,0,0,0,0,0
97418.17,0,0,0,12,1,0,0,0,0
18459.0,0,0,0,8,0,0,0,1,0
15990.03,0,0,0,22,0,0,0,0,0
44215.25,0,1,1,34,0,1,0,0,1
26940.79,0,0,1,3,0,0,0,1,0
33273.31,20,0,0,13,0,1,0,1,0
52661.67,0,0,0,6,0,0,0,0,0
65553.55,0,1,0,16,0,1,0,1,1
72029.67,20,1,0,35,0,0,0,0,1
48356.98,0,0,0,38,0,1,0,0,0
83471.36,0,0,1,35,0,0,1,0,1
33127.38,20,0,0,8,1,0,0,1,1
35561.2,0,0,0,15,0,0,0,0,0
98731.1,0,0,0,13,0,0,0,0,1
98538.57,0,0,0,19,0,1,0,0,0
50421.93,20,0,0,35,0,0,1,0,1
26048.34,0,0,0,8,0,1,0,0,0
26698.57,0,0,1,6,0,1,0,1,0
60516.24,20,0,0,21,0,0,0,1,1
46369.06,0,0,0,25,1,1,0,0,0
2816.36,0,0,0,23,0,1,0,1,0
63404.59,20,0,1,14,1,0,0,0,1
20137.83,0,0,1,22,0,0,0,0,0
77261.57,20,0,0,29,0,0,0,0,1
24269.97,0,0,0,26,0,0,1,1,0
69009.53,40,0,0,27,0,0,0,0,1
85909.59,0,0,0,16,0,1,0,0,0
69122.67,20,0,0,30,1,0,0,0,1
42113.72,0,0,0,39,0,0,0,0,0
85380.66,20,0,0,36,0,0,0,0,1
23625.39,0,0,0,4,0,0,0,1,0
53447.32,0,1,1,16,0,0,0,0,1
55787.7,20,0,0,1,0,0,0,0,1
78729.58,20,0,0,5,0,0,1,0,1
64017.37,20,0,0,35,0,0,1,0,1
65956.14,0,0,0,30,0,0,0,0,0
62438.52,40,0,0,29,0,0,0,1,1
75392.2,0,0,0,21,0,0,1,0,1
41433.14,0,0,1,38,0,0,0,0,1
88664.29,0,0,0,39,0,1,0,0,1
53131.66,20,0,0,21,0,0,0,0,1
65890.69,0,0,0,19,0,1,1,0,1
2346.52,0,0,0,14,1,0,0,1,1
18941.01,0,0,1,26,0,1,0,0,1
95096.99,0,0,1,1,0,0,0,0,0
24929.31,0,1,1,34,1,0,0,0,1
15012.32,20,0,1,13,0,0,0,0,0
25197.99,40,0,0,38,0,0,0,0,0
89027.71,20,0,0,11,0,0,0,0,1
83283.1,0,0,1,2,1,0,0,0,1
66134.27,0,0,0,39,0,1,0,0,1
26141.54,0,0,0,11,0,0,0,1,0
61896.63,0,0,1,7,0,1,0,0,1
21846.02,0,0,0,27,0,0,0,0,0
59635.92,0,0,0,10,0,1,1,0,1
66971.48,0,0,0,39,0,1,0,0,1
91427.79,20,0,0,19,0,0,0,1,1
76231.75,0,0,1,18,0,0,0,0,0
30802.97,0,0,0,33,0,0,0,0,0
76451.64,0,0,1,1,0,0,0,0,0
29685.33,0,0,0,28,1,0,0,1,0
79053.52,0,0,1,16,0,1,0,0,1
40303.97,0,0,0,14,0,0,0,0,0
15037.04,20,0,1,31,0,0,1,0,1
65265.07,0,1,0,1,0,0,0,0,0
18268.75,0,0,0,25,0,0,0,0,0
50566.32,0,0,0,34,0,1,1,1,1
71896.42,0,0,0,32,0,0,0,0,0
93660.81,0,0,1,22,0,0,0,0,0
33904.72,0,0,0,9,0,0,0,0,0
15071.31,0,0,1,18,1,0,0,1,1
17370.31,0,0,0,19,0,0,0,0,0
72136.67,0,0,0,38,1,0,0,0,1
76162.87,20,1,0,1,0,0,0,0,1
533.07,20,1,0,27,0,0,1,1,1
48113.6,0,0,0,35,0,0,0,0,0
35541.0,0,1,0,6,0,0,0,0,0
17788.06,20,0,0,32,0,0,0,1,1
42742.75,0,0,0,14,0,0,0,0,0
33581.78,20,0,0,21,0,0,0,0,0
81377.61,0,0,1,14,0,1,0,0,1
25529.33,20,0,1,22,1,0,1,0,1
41941.0,0,1,0,20,0,0,0,0,0
90270.17,0,0,0,36,0,0,0,0,1
90534.93,40,0,0,4,0,0,0,0,1
18088.76,0,0,0,26,0,0,0,0,0
17673.16,20,0,0,37,0,1,0,0,0
57924.62,20,0,0,3,1,0,0,0,0
72163.88,0,0,0,38,0,0,0,0,1
24750.12,0,0,0,37,0,0,0,0,0
5277.76,0,0,0,11,0,0,0,0,0
32212.01,20,1,0,31,0,0,0,1,1
2786.89,0,0,0,31,1,0,0,0,0
75758.15,0,1,0,32,0,0,0,1,1
26644.62,0,0,0,12,0,0,0,0,0
1779.71,0,0,0,36,0,0,0,0,0
62178.43,20,0,1,3,0,1,0,0,1
64467.5,0,0,0,38,1,0,0,0,1
13947.6,0,0,0,36,1,1,0,0,1
15687.43,20,0,0,17,0,0,0,0,0
19857.65,0,0,0,24,1,0,0,0,0
14992.09,40,0,0,24,0,0,0,1,1
39876.91,20,0,0,6,0,0,0,0,0
15411.14,20,0,0,4,0,1,0,0,0
59799.43,0,0,0,34,1,0,0,1,1
26483.02,0,0,0,26,0,0,0,0,0
19486.08,0,0,0,1,0,0,0,0,0
79486.71,0,0,0,20,0,0,0,0,0
37980.75,40,0,0,27,0,0,0,0,1
79773.93,0,0,0,1,0,0,0,0,0
48854.52,0,0,0,37,0,1,0,0,1
47616.35,0,0,0,1,0,0,0,0,0
90052.18,0,0,1,40,0,0,0,0,1
57397.71,0,0,0,23,0,0,0,0,0
69494.58,40,0,0,27,0,0,0,1,1
49477.8,0,0,0,7,0,0,0,1,0
36849.34,0,0,0,40,0,0,0,0,0
63791.7,0,0,0,27,0,0,1,1,1
13110.74,0,1,1,27,0,0,0,0,0
18462.71,0,0,1,17,0,1,1,0,1
25835.26,0,0,1,0,0,0,0,0,0
76754.9,0,0,1,37,0,0,1,0,1
91094.66,0,1,0,15,1,0,0,0,1
64658.62,20,1,0,27,1,0,0,0,1
20504.63,20,0,0,38,0,0,0,0,0
4555.93,0,0,0,34,0,0,0,0,0
54433.3,40,0,0,0,0,0,0,0,1
91793.29,0,0,0,24,0,0,0,0,0
13226.12,0,0,0,31,0,0,0,0,0
1754.61,0,0,0,23,0,0,1,0,0
53632.87,0,0,0,36,1,0,1,0,1
18269.16,20,0,1,33,0,1,0,0,1
55978.11,0,1,0,5,1,1,0,0,1
42502.39,0,0,1,6,0,0,0,0,0
83974.94,20,0,1,20,0,0,0,0,1
24922.98,40,0,0,31,1,0,0,0,1
84138.66,0,1,0,14,0,0,0,0,1
94371.85,40,0,0,3,0,0,0,0,0
9730.66,0,0,0,4,1,0,0,0,0
43648.29,0,0,0,36,0,0,0,0,0
67784.77,0,0,0,28,1,0,0,0,0
69662.56,0,0,0,11,0,0,0,0,0
30456.49,0,0,0,19,0,0,0,0,0
96464.35,20,0,0,1,0,0,0,0,1
63116.73,20,0,0,3,0,0,0,0,0
23006.58,0,0,0,23,1,0,0,0,0
90699.03,0,0,0,2,0,0,0,0,0
38016.5,0,0,0,12,0,0,0,0,0
53621.42,0,0,0,30,0,1,0,0,1
74160.98,0,1,0,9,0,0,1,0,1
57645.31,0,0,0,7,0,0,1,0,0
62766.82,0,0,0,6,0,0,0,0,0
7107.06,0,0,0,6,1,1,0,0,0
32096.92,0,1,0,32,0,0,0,0,0
33253.34,0,0,1,33,0,1,0,0,1
16042.23,0,0,0,3,0,0,0,1,0
71168.55,20,1,1,38,1,0,0,0,1
32223.29,0,0,0,31,0,0,1,0,0
45879.93,0,0,0,13,0,0,0,0,0
79967.02,0,0,0,19,0,0,0,0,0
30444.23,0,0,1,22,0,0,1,0,1
31863.83,20,0,0,37,1,0,0,1,1
91189.61,0,0,0,11,0,0,0,0,1
92090.96,0,1,0,28,0,0,0,0,1
80689.04,0,0,0,38,0,0,0,0,1
75242.26,0,0,1,11,0,1,1,0,1
16367.45,20,0,0,13,1,0,0,0,1
62963.23,40,1,0,24,0,0,0,0,1
51720.74,0,1,0,24,0,0,0,0,1
57444.49,0,0,1,2,1,0,0,1,1
84820.79,20,0,0,26,0,0,1,0,1
39912.95,20,0,0,35,1,0,0,0,1
24029.27,0,0,0,38,0,1,0,0,0
92338.59,20,0,0,38,0,0,0,0,1
33467.57,0,0,1,35,1,0,0,0,1
62498.65,0,0,0,15,0,0,0,0,0
78388.64,0,0,1,5,0,0,0,0,0
17075.41,0,0,1,13,0,0,0,0,0
19505.45,0,0,0,13,0,0,1,0,0
6784.74,0,0,0,33,1,0,0,0,0
42824.46,0,0,1,37,0,0,0,0,1
11512.34,0,1,0,37,0,1,0,0,1
47889.8,0,0,1,19,1,0,0,0,0
58566.4,0,1,0,25,1,0,0,1,1
51813.86,0,0,1,35,1,1,0,0,1
64463.43,0,0,1,29,0,1,0,1,1
90427.11,20,0,0,11,1,0,0,0,1
98716.09,0,0,0,7,0,0,0,0,0
38395.98,0,0,0,27,0,0,0,0,0
64119.9,0,0,0,30,0,0,0,0,1
26965.31,0,0,0,15,0,0,0,0,0
58125.26,0,0,0,31,0,1,1,0,1
92958.08,0,0,0,22,0,0,0,0,1
53043.12,0,1,1,1,1,1,0,0,1
40129.54,0,0,1,21,0,0,1,0,1
13760.48,0,0,0,6,0,0,0,0,0
37583.37,0,0,0,39,0,1,0,0,1
65946.77,20,0,0,35,1,0,0,1,1
60415.86,0,0,0,32,0,0,0,1,1
29683.17,20,0,0,24,0,0,0,0,0
83961.18,0,0,0,15,0,0,0,1,0
643.06,0,0,1,38,0,0,0,0,1
72025.52,0,0,0,21,0,0,1,0,0
80624.31,20,0,1,19,0,0,0,0,1
77804.71,0,0,0,21,0,0,0,0,1
52349.92,0,0,0,27,0,0,0,1,0
83930.32,0,0,0,29,0,0,0,0,1
67941.43,0,1,0,17,1,0,1,0,1
75396.32,0,0,0,12,0,0,0,0,0
62571.66,0,0,0,28,1,0,0,1,1
91096.79,0,0,0,20,0,0,0,0,0
25903.58,0,0,1,40,1,0,0,0,1
40658.17,0,0,0,22,0,0,0,0,0
24861.44,0,0,0,15,0,0,0,0,0
26661.82,0,0,0,3,1,0,1,0,0
53200.69,0,0,0,26,1,0,0,0,1
52184.17,0,0,0,0,0,1,0,0,1
35698.95,0,0,0,4,0,0,0,0,0
57469.24,0,0,1,33,0,0,0,0,1
96729.15,20,0,0,28,0,0,0,0,1
71138.6,0,0,0,29,1,0,0,0,0
15433.08,0,0,1,39,0,0,0,0,1
95871.08,20,0,0,39,1,0,0,1,1
99274.13,0,1,0,40,0,0,0,1,1
53005.6,0,0,0,10,0,0,0,1,1
14110.94,40,0,0,2,0,0,0,1,1
78624.62,0,0,0,10,1,0,0,0,1
66947.9,0,0,1,35,0,1,0,0,1
37308.56,0,0,0,18,1,0,0,0,0
99128.4,20,0,0,38,0,0,0,0,1
98867.68,20,1,0,12,0,0,0,1,1
99050.62,0,0,0,7,0,1,0,0,1
5105.34,0,0,0,28,0,0,0,0,0
41721.17,0,0,0,8,0,0,0,0,0
97059.92,0,0,0,26,0,0,0,1,0
34615.29,20,0,0,36,1,1,1,0,1
28182.44,0,0,0,13,0,0,0,0,0
92879.15,40,0,0,39,0,0,0,0,1
82524.52,0,0,1,21,1,0,0,0,1
56158.07,0,0,0,38,0,1,0,0,1
40339.56,0,0,0,1,0,1,1,0,1
56286.54,0,0,1,39,0,1,0,1,1
42566.48,0,0,0,1,0,0,0,0,0
41465.56,20,0,0,14,0,1,0,0,0
24285.59,20,1,0,22,0,0,0,0,1
72454.65,0,1,0,34,1,1,0,0,1
74398.29,40,1,0,23,0,0,0,0,1
18496.74,0,1,0,22,0,0,0,0,0
14051.25,0,0,1,25,0,1,0,0,1
28359.47,40,0,0,12,1,0,0,0,1
88257.27,0,1,0,8,0,0,0,0,1
94400.82,0,0,1,6,1,0,0,0,1
38763.77,40,0,0,34,1,1,0,0,1
14055.46,0,0,0,37,1,1,0,0,1
11836.02,0,0,1,31,0,1,0,0,0
83388.91,0,1,0,25,0,0,1,0,1
35514.01,0,0,0,19,0,1,0,0,0
63562.66,20,0,0,37,0,0,0,0,1
58425.31,0,1,1,16,0,1,0,0,1
85576.22,0,0,1,20,0,0,0,0,1
74670.9,20,0,0,0,1,0,0,0,1
70936.88,0,0,1,4,1,1,0,0,1
4007.42,0,1,1,9,0,1,0,1,0
65250.45,20,1,0,38,0,0,0,0,1
38441.83,0,1,0,31,0,1,0,0,1
21910.9,0,0,1,9,0,1,0,1,0
30262.67,20,0,0,36,0,0,0,0,0
77715.63,20,0,1,23,0,0,0,1,1
15882.11,0,0,0,37,0,0,0,0,0
33702.83,0,0,0,10,1,0,0,1,0
69604.09,0,0,0,40,0,1,0,0,1
52704.94,40,0,0,39,0,0,0,0,1
35873.89,40,1,0,38,0,0,0,0,1
51522.53,40,0,0,33,0,1,0,1,1
36666.07,0,0,1,34,1,0,0,0,0
7306.62,20,0,1,29,0,1,0,0,1
73450.26,0,0,0,18,0,0,1,0,1
96975.07,0,1,1,8,0,0,0,0,1
11985.06,0,1,0,21,0,0,0,0,0
89685.96,20,1,0,11,0,0,0,0,1
80338.75,40,0,0,28,0,0,0,0,1
63993.88,20,0,0,9,0,1,0,0,0
97287.9,0,1,0,17,0,0,1,0,1
17526.77,0,0,1,14,1,0,0,0,0
40583.81,20,0,0,2,0,0,0,0,0
58505.87,40,1,0,6,0,0,0,1,1
65968.94,0,1,1,4,0,0,0,0,1
32141.63,0,0,0,22,0,0,0,0,0
31145.12,0,0,0,10,0,0,0,0,0
91964.68,0,1,1,30,0,1,0,0,1
36699.81,20,0,0,13,1,0,0,0,0
41577.88,0,0,0,38,0,1,0,0,0
44184.46,40,0,0,1,0,1,0,0,0
74770.84,0,0,1,26,0,0,1,0,1
24133.36,0,1,1,12,1,0,0,1,1
25463.33,0,0,0,10,0,0,1,0,0
59587.51,20,0,0,18,0,0,0,0,0
67292.34,0,0,0,28,0,0,1,0,1
30036.57,0,0,1,35,0,0,0,0,0
43974.49,0,0,0,12,1,0,0,0,0
31345.23,20,0,1,32,0,0,0,0,1
86746.16,20,0,0,38,0,0,0,0,1
14990.92,0,1,0,33,0,0,0,0,0
30175.66,20,0,0,26,0,1,0,0,0
53490.62,0,0,0,39,0,0,0,0,1
12413.32,0,0,0,23,0,0,0,0,0
70812.52,0,0,0,22,1,0,0,1,1
78397.75,0,1,0,29,0,0,0,1,1
39385.98,20,0,0,11,0,1,0,0,0
42155.32,40,0,0,10,0,0,0,0,0
27328.65,40,1,0,10,0,1,1,0,1
51190.55,0,0,0,23,1,0,0,0,1
3323.31,20,1,1,10,1,0,0,0,1
74036.69,0,0,0,16,0,0,1,0,0
2886.18,20,1,0,25,0,0,0,0,0
92486.02,0,0,0,14,0,0,0,1,1
48222.01,0,0,0,18,0,0,0,1,0
56429.8,0,1,0,7,0,1,0,0,1
27595.94,40,0,0,6,0,0,0,0,0
76950.12,20,0,0,17,0,0,0,0,0
3741.99,0,0,0,1,0,1,0,0,0
3362.56,40,0,0,15,0,1,0,0,1
26678.82,0,0,0,5,0,1,0,1,0
78696.21,0,0,0,26,0,0,0,0,0
55482.11,40,1,0,2,0,0,0,0,1
14143.31,40,0,0,13,0,0,0,1,1
49910.42,0,0,0,5,1,0,1,0,0
22625.95,20,1,1,37,0,0,0,0,1
45927.36,20,0,0,29,1,0,1,0,1
5147.19,40,0,0,27,0,0,0,1,1
45155.96,0,0,0,1,0,0,0,0,0
38334.11,0,0,0,5,0,0,0,0,0
94965.46,20,0,0,4,0,0,0,0,0
81482.92,0,0,0,34,0,0,0,1,1
14075.16,0,0,0,5,0,1,0,0,0
27236.51,20,1,1,31,0,1,0,1,1
99500.16,0,0,0,35,0,0,1,0,1
37041.33,0,0,0,17,0,0,0,0,0
59270.53,20,0,0,26,0,0,0,1,1
94206.47,0,0,0,3,0,0,0,1,0
97421.46,20,0,0,8,1,0,0,1,1
30711.76,0,0,0,27,0,0,0,0,0
44998.76,20,0,1,25,0,0,1,0,1
32655.29,0,0,0,24,0,0,0,0,0
14531.92,0,0,0,38,0,1,0,0,1
83073.31,0,0,0,37,0,0,1,0,1
51378.34,0,0,0,8,0,0,0,0,0
20228.86,0,0,0,29,0,0,0,1,0
99988.44,0,0,0,22,0,1,0,1,1
43381.75,0,0,0,21,1,0,0,1,0
7893.78,20,0,0,13,0,0,0,0,0
12629.27,20,0,0,21,0,0,0,0,0
44804.74,40,0,0,38,0,0,0,0,1
15196.89,0,0,0,5,0,0,0,1,0
14794.26,0,0,0,16,1,0,0,0,0
73431.48,0,0,0,4,1,0,0,0,0
54651.96,0,0,0,21,0,1,0,0,1
63698.1,0,0,0,30,0,0,0,0,0
91591.7,40,0,0,22,0,0,0,1,1
88618.48,20,0,0,15,0,0,0,1,1
69080.81,20,0,0,1,1,0,0,0,1
16841.25,0,1,0,34,0,0,0,1,1
29974.86,0,0,1,25,0,1,1,0,1
21280.72,0,0,0,29,0,0,1,0,0
10995.5,0,1,1,12,0,0,0,0,1
28058.67,0,0,0,29,0,0,0,0,0
81504.56,40,0,1,29,0,0,0,1,1
75736.4,40,0,0,26,0,0,1,1,1
65652.53,0,0,0,7,0,1,1,0,1
92578.69,0,0,0,27,0,0,0,1,1
1142.6,20,0,1,12,0,0,0,0,1
85971.59,40,0,1,29,0,0,0,0,1
95095.15,20,0,0,2,1,0,0,0,1
66202.24,0,0,0,13,0,1,0,1,0
64970.61,0,0,0,8,0,0,0,0,0
13429.34,0,0,0,36,1,0,0,0,0
12972.87,0,0,0,17,1,0,0,1,1
3064.2,0,0,0,15,0,0,0,0,0
33803.13,0,0,1,38,0,0,0,0,0
50201.03,0,0,0,37,0,0,0,0,1
61650.38,0,0,0,37,0,0,0,0,0
29917.41,20,0,0,37,1,0,0,0,0
15338.19,20,0,0,14,0,1,0,0,0
56887.81,40,0,0,22,1,0,0,0,1
95664.84,40,0,0,31,0,0,0,0,1
72818.09,0,0,0,32,0,0,0,1,0
42633.4,0,1,1,23,1,1,1,1,1
95980.36,0,1,1,25,1,1,0,0,1
22511.34,0,0,1,25,0,0,0,0,0
43232.35,0,0,1,39,0,0,1,0,1
42582.85,20,0,0,32,1,0,0,0,1
40346.25,0,1,0,24,0,1,0,0,0
98103.32,20,0,0,10,0,0,0,0,0
73587.19,0,0,0,9,0,0,0,0,1
57716.62,20,0,0,33,0,0,1,0,1
21986.66,40,0,0,23,1,0,0,0,1
63711.12,0,0,0,34,1,0,0,0,1
2413.04,20,0,0,5,0,0,0,0,0
94013.98,20,0,0,38,0,0,0,1,1
3907.32,0,1,0,14,0,0,0,0,0
51490.13,0,1,0,23,0,0,0,0,1
96138.33,0,0,1,5,0,0,0,1,0
90693.54,0,0,1,1,0,0,0,1,1
81808.95,20,0,0,21,0,1,0,0,1
24868.54,20,0,0,32,0,0,0,0,0
44220.0,0,0,0,14,0,0,0,0,0
64965.76,20,1,0,26,0,0,0,0,1
48791.79,0,0,0,7,0,1,0,0,0
11769.12,0,0,1,8,1,0,0,0,0
18618.18,0,0,0,8,1,0,0,0,0
34700.0,0,0,1,8,0,1,0,0,0
31862.51,20,0,0,1,0,0,0,0,0
45603.24,0,0,0,38,1,0,1,0,0
79356.69,20,0,0,24,0,0,0,1,1
44390.78,0,1,1,17,0,0,0,0,1
21472.18,0,0,0,29,1,0,0,0,0
86529.81,20,1,1,31,0,0,0,1,1
65926.0,0,0,0,39,0,0,0,0,1
46600.03,0,0,0,3,0,0,0,1,0
81075.0,20,0,0,6,0,0,1,0,1
85991.22,20,0,0,12,0,0,0,0,1
28982.83,20,0,0,17,0,1,1,0,0
85774.82,0,0,1,40,0,1,0,0,1
84474.6,20,0,0,37,0,0,0,0,1
60216.95,0,1,0,24,0,0,0,1,1
75153.83,40,1,1,9,0,0,0,0,1
77772.15,20,0,1,16,0,0,0,0,1
43126.0,40,0,0,27,0,0,0,1,1
80058.18,0,0,0,20,1,0,0,0,0
36249.83,20,0,0,16,0,0,0,0,0
98278.95,0,0,0,4,0,0,0,0,0
29235.83,20,0,0,18,0,0,0,0,0
94189.36,0,1,0,9,1,0,0,0,1
71615.74,40,0,0,6,0,0,0,0,1
43786.57,0,0,0,14,0,0,0,0,0
87928.81,0,0,0,3,0,1,0,0,0
41678.31,0,0,0,12,0,0,0,1,0
23260.58,40,0,0,29,0,0,0,0,0
77559.47,0,1,0,21,0,0,0,0,1
73137.79,0,1,1,40,0,1,0,0,1
40314.67,0,0,0,4,1,0,0,0,0
1937.93,20,0,0,9,0,0,0,0,0
76968.84,0,0,1,22,0,1,1,0,1
97930.61,40,0,0,38,0,0,0,1,1
83062.08,20,0,0,34,0,0,0,0,1
16963.5,0,0,0,37,0,1,0,0,0
22773.28,0,0,1,22,0,0,0,0,1
54635.13,20,0,0,1,0,0,0,0,0
93313.84,20,0,0,25,0,0,0,1,1
43014.75,20,0,0,37,1,0,0,0,1
33004.59,0,0,1,34,0,0,0,0,0
9350.48,0,0,0,2,0,0,0,0,0
49883.29,0,1,0,15,0,0,0,0,0
21094.17,20,0,1,31,1,0,0,0,1
39452.89,0,0,0,35,0,0,0,1,1
52319.6,0,1,0,18,0,0,0,0,1
81327.66,0,0,0,0,1,1,0,0,1
82501.21,0,0,0,28,0,0,0,1,0
47235.03,20,0,1,22,0,0,0,0,1
42818.19,20,0,0,23,0,1,0,0,1
41777.02,0,0,0,37,1,1,0,1,1
90760.33,20,1,1,11,1,0,0,0,1
24421.45,20,1,0,20,0,0,1,0,1
88137.06,0,0,0,6,0,0,0,0,0
9351.23,40,0,0,1,1,0,0,0,0
74125.02,0,0,0,26,1,0,0,0,1
16684.58,0,0,0,12,0,0,0,0,0
3193.67,20,0,0,35,1,1,0,0,1
2740.05,0,0,0,14,0,0,0,0,0
15897.02,0,1,0,9,0,0,0,0,0
8236.58,0,0,0,26,1,0,0,1,1
53501.97,0,0,0,19,0,0,0,0,0
16355.88,0,0,0,25,0,0,0,1,0
49933.62,0,0,0,25,0,1,1,1,1
29624.95,20,0,0,36,0,1,0,0,1
41564.22,20,1,0,37,0,1,1,0,1
40181.29,0,0,1,16,0,0,0,0,0
28725.28,0,1,0,25,0,1,0,0,1
15384.07,0,0,0,21,0,0,0,0,0
97456.61,0,0,0,29,0,0,0,0,0
30028.38,20,0,1,39,0,0,0,0,1
63831.97,0,0,0,23,0,0,0,0,1
68921.32,40,0,0,25,0,1,0,0,1
32757.25,0,1,0,32,0,0,0,0,0
93153.32,20,0,0,6,1,0,0,0,1
25109.36,20,0,0,18,1,0,0,0,0
53341.17,20,0,0,29,0,0,0,0,1
77732.55,0,0,0,7,0,0,0,0,0
42163.61,40,0,0,30,0,0,0,1,1
91910.36,20,0,1,30,0,0,0,0,1
46216.53,0,1,0,30,0,0,0,0,0
78747.62,40,0,0,10,1,0,0,1,1
6132.35,40,0,0,37,0,0,0,1,1
87581.3,0,0,1,36,1,0,0,0,1
1864.15,0,0,0,33,1,0,0,0,1
5546.26,20,0,0,0,0,0,0,0,0
50651.15,20,0,0,18,0,0,0,0,1
61549.67,20,0,0,13,0,1,0,0,1
83888.81,20,0,0,0,0,1,0,0,1
59119.34,20,0,1,21,0,0,0,0,1
1572.64,0,0,0,18,0,0,0,1,0
79872.23,20,1,0,0,0,0,0,0,1
19473.12,0,0,0,3,1,0,0,0,0
30544.1,0,0,0,38,0,0,0,0,0
25259.9,0,0,1,24,0,0,0,0,0
45166.84,0,1,0,13,0,0,0,1,1
78518.6,0,0,0,19,0,1,0,0,0
45285.0,0,1,1,7,0,0,0,0,1
62671.16,0,0,0,27,1,1,1,0,1
51273.66,0,1,1,1,0,0,0,1,1
3804.63,0,0,1,5,0,0,0,0,0
90477.83,0,0,0,33,1,0,0,1,1
71229.3,0,0,0,15,1,0,1,0,1
61894.23,0,0,0,16,0,0,0,0,0
62307.95,20,0,0,9,0,0,0,1,0
94716.97,0,0,0,17,0,0,0,0,0
27929.47,0,0,0,23,1,1,0,1,0
23360.71,0,1,0,32,0,0,0,0,1
89505.91,20,0,0,7,0,0,0,0,1
41493.41,0,0,0,11,0,0,0,0,0
82512.27,0,0,0,13,0,0,0,0,0
77497.72,0,0,1,21,0,1,0,0,1
804.51,0,0,0,20,0,0,0,0,0
38250.92,0,0,0,1,0,0,1,1,0
36302.65,40,0,0,31,1,0,0,0,1
68823.16,40,0,0,6,0,0,0,0,0
92920.31,20,1,0,5,0,0,0,0,1
35452.37,0,0,0,37,0,0,0,0,0
46758.17,20,0,0,40,0,0,0,0,1
23130.82,0,0,0,25,0,0,0,0,0
59402.18,0,0,0,14,0,0,0,0,1
43935.18,0,0,0,25,1,0,0,0,0
65735.78,0,1,0,28,0,0,0,0,1
67449.94,20,0,0,14,0,0,0,0,0
10346.94,0,0,0,20,0,0,0,0,0
64942.2,0,0,0,11,0,0,1,0,1
70352.75,0,0,0,25,1,0,0,0,1
30919.75,0,0,0,35,0,0,0,0,0
67928.15,0,0,0,8,0,0,0,1,0
25246.65,20,0,0,3,0,1,0,1,0
38546.23,0,0,1,20,0,0,1,1,1
71905.26,40,0,0,1,1,0,0,0,1
81148.89,0,0,0,1,0,0,0,0,0
79259.69,0,1,0,2,1,0,0,0,1
6162.08,20,0,0,18,0,0,0,1,0
39321.58,40,0,0,37,0,0,0,0,1
61501.96,0,0,1,17,0,0,1,1,1
37351.48,0,0,0,4,0,0,0,0,0
24715.92,20,0,0,16,1,0,0,1,0
86225.77,0,0,0,13,1,1,0,1,1
46742.57,0,0,0,31,0,0,0,1,1
59111.64,20,0,0,4,0,1,0,0,1
75046.46,20,0,1,2,1,0,1,0,1
66115.93,40,0,1,29,0,0,0,0,1
33174.75,0,1,0,37,0,0,0,1,1
88350.42,0,1,0,38,0,0,0,0,1
37824.36,0,0,0,5,0,1,0,0,0
38707.54,0,1,0,34,0,0,0,1,1
83534.18,20,0,0,34,1,0,0,1,1
66060.79,0,0,0,13,0,0,0,0,1
99413.78,0,0,0,33,1,0,0,1,1
17284.14,0,0,0,11,1,0,0,0,0
76394.65,20,0,0,11,0,0,0,0,0
67827.13,20,1,0,28,0,0,0,0,1
73141.43,0,1,0,11,0,1,0,1,1
59588.85,0,0,0,1,0,0,0,0,0
15357.19,0,1,0,14,1,0,0,0,0
54553.18,0,1,0,30,1,1,0,0,1
26241.55,20,0,0,34,0,0,0,0,0
66708.61,0,0,0,19,1,0,0,1,1
80659.81,0,0,0,26,0,0,0,1,1
65702.33,0,0,1,37,0,0,1,1,1
64629.91,20,1,0,9,0,0,0,0,1
40958.34,0,0,1,7,0,1,1,0,1
87617.91,0,0,1,30,0,0,0,0,1
55337.89,0,0,0,38,0,1,1,0,1
94930.2,0,0,0,40,0,1,0,0,1
57163.4,20,0,1,13,0,0,0,1,1
80248.5,20,0,1,19,0,0,1,0,1
86583.12,20,0,0,9,0,1,0,0,1
97672.99,20,0,1,1,0,0,0,0,0
77551.73,40,1,0,35,1,0,0,1,1
25617.98,0,0,1,4,1,0,0,0,0
90438.75,20,0,0,4,0,0,1,0,1
18451.17,20,0,0,17,0,0,0,0,0
66609.71,0,0,0,20,0,0,0,0,0
95417.78,0,0,0,24,0,1,0,0,1
23471.35,40,1,1,30,0,0,0,1,1
75169.53,0,0,0,12,0,0,0,1,0
92779.93,20,1,0,19,1,0,0,0,1
84495.74,40,1,0,29,0,0,0,0,1
54300.9,0,1,0,21,0,1,0,1,1
64853.59,20,0,1,13,1,0,0,1,1
37427.82,20,0,0,39,0,0,0,0,1
36947.12,20,0,0,13,0,0,0,0,0
53725.3,0,0,1,31,0,0,0,1,1
76510.83,0,0,0,19,0,0,0,0,0
68903.26,0,0,0,3,0,0,0,0,0
15073.1,0,0,0,2,0,0,0,1,0
14231.28,0,1,0,38,0,0,0,0,1
79162.93,20,0,0,32,0,0,0,0,1
54936.4,20,0,0,32,0,1,0,0,1
87377.4,40,0,0,37,0,0,0,0,1
41849.36,40,0,0,21,1,0,0,0,1
65609.53,20,0,1,1,0,0,0,0,1
77831.69,0,0,0,38,1,0,0,0,1
64912.39,20,1,0,23,0,0,1,1,1
63675.61,20,0,0,25,0,0,0,0,0
41327.58,0,0,0,1,0,1,0,1,0
41692.08,0,0,0,26,0,0,0,0,0
81720.1,0,0,1,22,0,0,0,0,0
93905.04,0,0,1,27,0,0,0,1,1
26919.8,0,0,1,10,0,0,0,1,0
62600.99,0,0,0,0,0,0,1,0,0
94734.99,0,0,0,40,0,0,0,0,0
24841.58,40,1,0,27,0,0,1,0,1
68724.08,20,0,0,5,0,1,0,1,1
84539.07,0,1,0,33,0,0,1,0,1
78192.1,0,1,0,6,0,0,0,0,1
11579.34,0,1,0,8,1,0,0,1,0
65711.29,0,0,0,26,0,1,0,0,1
56848.72,20,1,0,35,0,0,0,0,1
59147.27,40,0,0,18,0,0,0,0,1
99366.68,20,0,0,21,1,0,0,0,1
85202.16,20,0,0,7,0,0,0,0,0
90578.06,0,0,0,21,0,0,0,1,1
77299.81,0,0,0,35,0,0,0,0,1
87823.36,0,0,1,30,0,0,0,1,1
64854.2,40,0,0,16,1,0,0,0,1
18339.73,0,0,1,16,0,0,0,0,0
86183.06,20,0,0,0,0,1,0,0,0
5814.76,20,1,0,38,1,0,0,0,1
89890.99,0,0,0,22,0,0,0,1,0
77918.54,0,0,0,22,0,0,0,0,0
47080.71,0,0,0,8,0,0,0,0,0
71977.95,20,0,0,4,1,1,0,0,1
15086.97,20,1,0,37,0,1,0,0,1
13862.02,0,0,0,21,0,1,0,0,0
61987.97,0,0,0,8,1,0,0,0,0
62209.28,0,0,0,24,1,0,0,0,0
66932.72,0,0,0,13,0,0,0,0,0
220.02,20,1,0,5,0,0,0,0,0
15748.03,20,0,0,13,0,0,0,0,0
84202.48,0,0,0,12,0,0,1,1,0
5054.1,20,0,0,31,0,0,0,0,1
12818.8,0,0,0,1,0,0,0,0,0
23137.98,0,1,0,14,0,1,0,1,1
3914.05,40,0,0,8,1,0,0,0,0
80207.32,0,0,0,26,0,1,0,0,1
3947.41,0,0,0,7,0,0,0,0,0
48547.93,0,0,0,14,0,0,0,0,0
88030.93,0,0,0,10,0,0,0,0,0
8851.26,0,0,0,17,0,0,1,1,0
15938.93,0,0,0,15,0,0,0,0,0
43812.94,0,1,1,33,0,0,0,1,1
82479.3,0,0,0,19,0,0,0,0,0
97784.92,20,0,0,36,0,1,0,0,1
58085.33,0,0,0,33,0,0,0,0,0
51868.62,40,0,0,31,0,0,0,0,1
18809.18,40,0,1,10,0,0,0,0,0
29738.92,0,0,1,8,0,1,0,0,0
51219.85,20,0,0,36,0,0,0,0,1
59628.67,0,0,0,28,0,1,0,0,1
75802.12,20,0,0,14,0,0,0,0,0
35477.57,0,0,0,40,0,0,0,0,1
39426.01,0,0,0,1,0,0,0,1,0
18031.48,0,0,0,29,0,0,0,0,0
4900.18,20,0,0,16,0,0,0,0,0
95850.89,0,0,0,29,1,1,0,0,1
45551.53,0,0,0,34,0,0,0,1,1
20993.26,0,0,0,13,0,0,0,0,0
14506.2,0,0,0,19,0,0,0,0,0
19861.54,0,0,0,11,0,0,0,1,0
31067.25,40,0,0,5,0,1,0,0,1
79949.87,0,1,0,10,0,0,0,0,1
52843.98,0,0,1,2,0,1,0,0,1
93622.95,0,0,0,29,0,1,0,1,1
6590.63,40,1,1,17,0,1,0,1,1
45115.25,20,1,1,6,1,0,0,0,1
215.01,0,0,0,26,0,0,0,0,0
20694.71,40,1,1,4,0,0,0,0,1
7467.98,0,0,0,33,0,0,0,1,0
35830.14,0,0,0,16,1,0,0,0,0
84607.27,0,0,1,0,1,0,0,0,1
10012.52,0,0,0,32,0,1,0,0,1
80706.4,20,1,0,16,0,0,0,0,1
94472.11,0,0,1,12,0,0,0,0,0
55568.24,20,0,0,32,0,1,0,0,1
72780.38,40,0,0,28,0,1,0,1,1
83232.22,0,0,0,4,1,0,0,0,1
84654.25,20,0,0,6,0,0,0,0,0
18497.91,0,1,0,26,0,0,0,1,1
49782.41,0,0,0,11,0,0,0,1,0
26342.7,0,0,1,28,0,1,0,0,1
11820.5,0,0,0,23,1,0,0,1,1
57389.99,0,1,0,21,0,0,1,0,1
30512.72,40,0,0,21,0,0,0,0,1
33932.0,0,1,1,28,0,0,0,0,1
96853.31,0,1,1,26,1,0,0,0,1
32538.73,0,0,0,4,0,0,0,0,0
16238.0,0,0,0,6,1,0,0,0,0
58760.58,0,0,0,32,0,0,0,0,0
25697.36,0,1,0,39,0,0,0,0,1
16072.36,0,0,0,17,1,0,0,0,0
35566.77,20,0,0,27,0,1,0,0,0
61552.25,20,1,0,6,1,0,0,1,1
30541.81,0,1,0,5,0,0,0,0,0
10898.53,0,0,1,14,0,0,0,0,0
76680.4,20,0,1,36,0,1,0,0,1
43757.9,20,0,0,34,0,0,0,0,1
5340.33,40,0,1,38,0,0,1,0,1
61776.87,0,0,0,15,0,0,0,0,0
34365.23,20,1,0,40,0,1,0,1,1
68959.69,0,0,0,20,0,1,0,0,0
63671.18,20,0,0,36,0,0,0,0,1
96827.17,40,0,0,16,0,0,0,0,1
67228.64,0,0,0,11,0,0,0,0,0
21277.68,0,0,1,31,0,0,1,0,1
2352.49,0,0,0,32,0,0,0,0,0
37519.06,20,0,1,21,0,0,0,0,1
38608.01,40,0,0,3,0,0,0,0,0
68141.94,20,0,0,22,0,0,0,0,1
70512.12,40,0,0,38,0,1,0,0,1
236.22,0,0,1,0,0,0,0,0,0
3993.48,20,0,0,2,0,0,0,0,0
46630.12,0,1,0,2,0,0,0,0,0
19287.57,20,0,0,37,1,0,0,0,1
84583.42,40,0,0,4,0,0,1,0,1
94915.97,0,1,0,17,0,0,0,0,1
94444.58,0,1,1,35,0,0,1,0,1
76497.28,20,1,0,11,0,0,0,0,1
3988.72,0,0,0,0,0,0,0,0,0
43563.86,0,0,0,1,0,0,0,0,0
70357.45,20,1,0,31,1,0,0,0,1
33261.82,0,0,1,14,0,0,0,0,0
72981.03,0,0,0,39,1,0,0,0,1
6810.2,0,0,0,8,0,0,0,0,0
3145.79,20,1,0,0,1,0,0,0,0
90222.84,0,0,0,7,0,0,0,0,0
61042.21,0,1,0,8,0,0,0,0,1
81237.08,20,1,0,21,1,0,0,0,1
43149.15,20,0,0,20,0,0,0,0,0
81023.29,20,1,0,29,0,0,0,0,1
51415.9,0,1,0,29,0,0,0,0,1
28072.39,0,1,0,23,0,1,0,0,0
30280.35,0,0,1,0,0,0,0,0,0
2308.37,0,0,1,26,0,0,0,0,1
44541.96,0,0,1,18,1,0,0,1,1
22872.35,0,1,0,35,0,1,0,0,1
2870.68,0,0,0,2,1,0,0,0,0
85726.24,0,0,0,0,0,0,0,0,0
67027.54,20,0,1,13,1,0,0,1,1
16073.4,0,0,0,5,0,1,0,0,0
35476.86,20,0,0,1,0,0,0,0,0
84158.79,20,0,0,28,0,0,0,0,1
13190.18,20,0,0,5,0,0,0,1,0
40165.4,0,0,0,7,1,0,0,0,0
29112.13,0,0,0,11,0,0,0,0,0
60857.3,0,1,0,20,0,0,0,1,1
55927.55,0,0,0,3,0,0,0,0,0
78028.94,40,1,0,11,0,0,0,0,1
94535.57,40,0,0,25,0,0,0,0,1
1053.84,20,0,1,1,0,0,0,0,0
77592.19,0,0,0,9,0,0,0,0,0
7078.54,0,0,0,2,0,1,0,0,0
68942.39,0,0,0,21,0,0,0,0,0
22890.16,20,0,1,20,0,0,0,1,1
26001.32,0,0,1,24,0,0,0,0,1
96376.08,0,1,0,14,0,0,0,1,1
88605.57,40,0,0,29,0,0,0,0,1
92680.52,0,0,0,21,0,0,0,0,1
12238.04,0,0,0,35,0,0,0,0,0
77036.28,0,0,0,35,0,0,0,0,0
60856.07,0,0,1,22,0,0,0,0,1
80759.38,0,0,0,38,0,0,0,0,1
255.95,0,0,0,17,1,0,0,0,0
63293.76,0,1,0,1,0,0,0,0,1
48638.09,0,0,1,39,0,0,0,0,0
56858.44,0,1,0,6,1,0,0,0,1
48506.37,20,0,0,27,0,0,0,1,1
13865.74,20,0,0,7,0,0,0,0,0
50444.94,0,1,0,21,0,0,0,0,1
72446.75,0,0,1,12,1,1,0,0,1
16309.48,20,0,0,38,0,0,0,0,0
18484.9,20,0,0,5,0,0,0,0,0
13519.67,0,0,0,35,0,0,1,0,0
57708.62,0,0,0,38,0,1,0,0,1
46414.29,0,0,0,10,0,0,1,0,0
80675.83,0,1,0,0,0,0,0,0,0
21195.18,20,0,0,34,1,0,0,0,0
7739.73,0,0,0,23,0,0,0,1,0
79829.19,0,0,0,25,0,0,0,0,0
13752.65,0,0,0,0,0,0,0,1,0
73198.27,0,0,0,28,0,1,0,0,0
72546.06,0,0,0,22,0,0,0,0,0
78406.26,20,0,0,2,0,0,0,1,0
83473.68,0,0,0,16,0,0,0,0,0
39740.91,20,0,1,24,0,1,1,1,1
71307.49,0,0,0,18,0,0,0,0,0
38226.89,40,0,0,26,0,0,0,0,1
97454.41,0,0,0,16,1,0,0,0,0
76645.06,20,0,1,3,0,0,0,0,1
17264.98,0,0,0,32,1,0,0,0,0
99192.65,0,0,0,16,1,0,0,0,0
1076.3,20,0,1,3,0,0,0,0,0
52746.59,0,0,0,5,1,1,0,0,1
95687.33,0,1,0,2,1,0,0,0,1
60044.23,20,0,0,10,0,0,0,0,1
19755.08,20,0,0,32,0,0,0,0,0
77198.33,0,0,1,34,1,0,0,1,1
94779.04,20,0,1,16,1,0,0,0,1
65216.23,0,0,0,13,0,0,0,1,1
11191.32,40,0,1,40,1,0,0,0,1
77056.57,0,1,1,18,0,0,0,1,1
69175.46,0,0,0,29,0,0,0,1,0
86636.63,0,0,0,19,0,0,0,0,1
22633.64,0,0,0,24,0,1,0,0,0
7853.17,0,0,1,10,0,0,0,1,1
84217.85,0,0,0,3,0,0,0,0,0
45661.49,40,0,0,4,1,0,0,0,1
55407.89,0,0,1,10,0,0,0,0,1
37093.19,0,0,0,36,0,0,0,0,0
50000.13,0,1,0,26,0,0,0,0,1
44313.49,0,0,0,3,0,0,0,0,0
70005.07,20,0,0,24,1,0,0,0,1
37406.46,20,0,0,25,0,0,0,0,1
85236.19,0,0,0,36,1,0,0,0,1
343.5,0,0,1,29,0,0,0,0,0
23236.98,0,0,0,12,0,0,0,0,0
64070.36,0,1,0,33,0,0,0,1,1
67674.33,20,0,0,11,0,1,0,0,1
50665.66,40,0,1,32,0,0,0,0,1
83978.19,0,0,0,5,0,0,0,0,0
51120.88,0,0,0,33,0,0,0,0,0
46814.81,0,1,1,35,0,0,0,0,1
77959.44,0,0,1,11,0,0,0,0,1
47192.83,0,0,1,8,0,0,0,1,0
82237.27,0,0,0,27,0,0,0,0,0
80730.04,0,0,0,31,0,1,0,0,1
76668.58,20,0,0,3,0,0,0,1,0
29997.97,40,1,0,5,0,0,0,0,0
49907.0,0,0,1,22,0,0,0,1,1
42640.88,0,0,0,3,1,0,0,0,0
48473.25,0,0,0,16,0,0,0,0,0
69653.3,0,0,0,35,0,0,0,0,0
84195.34,20,0,1,29,0,0,0,1,1
51912.69,20,0,0,3,1,0,0,0,1
24591.97,20,0,0,22,1,0,0,1,1
15740.89,0,0,0,18,1,1,0,0,0
96179.56,0,0,0,31,0,0,0,0,1
60374.93,20,0,1,14,0,0,1,0,1
22144.11,20,1,0,9,0,0,1,0,1
92552.35,20,1,1,32,1,1,0,0,1
94964.92,0,1,0,9,1,1,0,0,1
58136.24,20,0,1,9,0,1,0,1,1
85055.8,0,0,0,3,0,1,0,0,1
28832.76,0,0,1,24,0,1,1,0,1
36332.96,0,1,0,8,0,0,0,1,0
58661.59,0,0,0,19,0,0,0,0,1
24109.09,0,1,0,36,0,0,0,0,1
50512.77,0,0,1,8,0,0,1,0,1
16479.23,0,0,0,34,0,0,0,0,0
16096.25,0,1,0,36,0,1,0,0,1
48962.96,0,0,0,33,0,0,0,0,0
84582.72,0,0,0,8,0,0,0,0,0
24507.88,0,0,1,16,0,0,0,0,0
54799.66,0,0,0,29,0,0,0,0,1
15692.32,20,0,0,8,0,0,0,0,0
9729.03,0,0,0,2,1,0,0,0,0
80641.23,0,0,0,5,0,0,0,0,0
83952.31,0,0,0,5,1,0,0,0,0
73396.68,0,0,0,20,0,0,1,0,0
83736.82,0,0,0,0,0,0,0,0,0
6170.84,0,0,1,10,0,0,0,0,0
22914.09,0,0,0,26,1,1,0,0,1
53223.69,0,1,0,5,0,0,0,0,1
17139.32,0,0,0,2,0,0,1,0,0
95269.0,0,0,0,0,0,0,1,0,0
68147.73,0,1,0,35,1,0,0,1,1
87050.51,0,0,0,7,1,1,0,1,1
63623.71,0,1,0,19,0,1,0,0,1
70171.31,0,1,0,1,0,0,0,0,0
24391.65,20,1,0,4,0,0,0,1,1
78141.6,0,0,1,6,0,1,0,0,1
89658.97,20,0,0,5,0,1,0,1,1
44860.26,20,0,1,21,1,0,0,1,1
40371.58,0,1,0,28,0,0,0,0,0
92899.2,0,0,0,19,0,0,0,0,0
53687.83,0,0,0,28,0,0,0,0,1
70385.04,0,0,0,6,0,1,0,0,0
76558.43,0,1,0,21,0,0,1,0,1
99399.33,0,0,0,21,0,0,0,1,0
82433.97,20,0,0,15,0,0,0,0,0
24854.85,20,0,1,36,0,1,0,1,1
14202.91,0,1,0,35,1,0,0,0,0
38810.73,0,0,0,31,0,0,0,1,0
80880.9,0,0,1,4,0,0,0,0,0
93215.17,0,1,0,1,0,1,1,0,1
92455.66,0,0,1,19,1,0,0,0,1
49241.79,0,0,0,27,1,0,0,0,0
89041.4,0,0,0,6,0,0,1,0,0
6255.13,0,0,0,33,1,1,0,0,0
69018.62,0,1,0,39,0,0,0,0,1
13850.98,40,0,0,38,1,0,0,0,1
47767.53,0,0,0,20,1,0,0,0,0
49029.9,0,0,0,22,0,0,1,1,0
57676.61,0,0,0,7,1,0,0,0,0
22392.56,0,0,0,36,0,0,0,0,0
84030.6,0,0,1,10,0,0,0,0,1
85396.88,0,0,0,30,0,0,0,0,0
71041.16,0,0,1,13,1,1,0,0,1
85766.09,0,0,0,38,0,0,0,0,0
53899.95,40,0,0,9,0,0,0,0,1
5601.28,0,0,0,9,0,0,0,0,0
21105.2,40,0,1,36,0,0,0,0,1
91338.4,0,0,0,25,0,0,0,0,0
94752.7,0,0,0,9,0,0,0,1,0
40191.28,20,0,0,30,1,1,0,0,1
4315.66,0,0,0,34,0,0,1,0,0
98916.67,0,0,0,11,0,0,0,0,0
89046.08,0,0,0,28,0,0,0,0,0
37518.77,0,1,1,3,0,0,1,0,1
45141.33,0,0,0,21,0,0,1,1,1
75418.93,0,0,0,10,0,0,0,0,0
35202.65,0,0,0,29,0,1,0,1,0
29394.28,20,0,0,2,0,0,0,0,0
32621.98,0,0,0,20,0,0,0,0,0
92855.55,40,0,0,0,1,0,0,1,1
31129.6,0,1,0,23,0,0,0,0,0
43336.1,20,0,0,31,0,0,0,0,0
14699.32,0,0,0,5,1,0,0,0,0
99598.49,0,0,0,10,0,0,0,0,0
77510.25,0,1,0,15,1,1,0,0,1
25300.15,20,0,0,3,0,0,0,0,0
40970.44,0,1,0,21,0,0,0,0,0
40005.84,20,0,0,28,0,0,0,1,1
15563.16,0,0,0,23,1,0,0,0,0
4497.46,0,0,0,18,0,0,0,0,0
88172.39,0,0,0,38,1,0,1,1,1
1617.51,20,0,0,28,0,0,0,0,0
89017.28,0,0,1,16,0,0,0,0,1
86409.18,0,0,0,25,0,1,1,0,1
74227.21,0,0,1,21,0,0,0,0,1
17780.41,20,0,0,33,0,0,0,1,0
99447.61,0,0,1,3,0,0,0,0,0
5671.1,0,0,0,10,0,0,1,0,0
46998.42,40,0,0,9,0,1,0,0,1
47103.29,20,0,0,16,0,0,0,1,0
43973.35,0,0,0,25,0,0,0,0,0
22113.09,0,0,0,40,0,1,0,0,0
44009.34,0,0,1,8,0,0,0,0,0
30689.58,0,0,0,1,1,0,0,0,0
10674.78,40,0,1,36,1,0,0,1,1
95745.19,0,0,0,16,1,1,0,0,1
16305.29,40,0,1,37,0,0,0,1,1
90055.45,20,1,0,34,0,1,0,1,1
29049.76,0,0,0,16,0,0,0,1,0
99931.4,0,0,0,40,0,0,0,1,1
12834.42,0,0,0,32,0,0,1,0,0
36638.64,40,1,1,6,0,0,0,0,1
90623.7,0,0,1,7,0,0,0,0,1
30251.49,0,0,0,1,0,1,0,1,0
15516.2,0,0,0,28,0,0,0,0,0
58968.76,20,0,0,11,1,0,0,0,1
8048.6,0,0,0,15,0,0,0,0,0
45429.56,0,1,0,25,0,0,0,0,1
24932.15,0,0,0,7,0,0,0,0,0
95696.44,0,0,1,14,0,0,1,1,1
72962.01,0,0,0,23,0,0,0,0,1
12226.74,20,0,0,37,0,1,0,0,0
38764.09,20,0,0,26,0,0,0,1,1
66577.22,0,0,1,12,1,0,0,0,1
25228.83,0,0,1,4,0,0,0,0,0
15692.23,0,0,0,10,0,0,0,0,0
6563.33,40,0,0,27,0,1,0,0,1
30870.45,40,0,1,15,0,0,0,0,1
40444.7,20,0,1,26,0,0,0,0,1
95024.69,0,0,0,36,0,0,0,0,0
71185.83,0,0,0,32,0,0,0,0,1
57930.03,0,0,1,36,0,0,0,1,1
99008.0,0,0,0,16,0,0,0,0,0
89583.73,0,0,0,22,0,0,1,1,0
88283.24,0,0,0,14,0,0,0,0,1
78634.3,0,0,0,38,0,0,0,0,0
23444.66,0,0,0,34,0,0,0,1,0
27433.95,0,0,0,29,0,1,0,1,0
6058.36,0,0,1,10,0,1,0,0,0
74948.21,20,0,1,11,0,0,0,0,1
50453.88,0,0,0,30,0,0,0,0,0
68677.31,0,1,0,21,1,0,0,1,1
53647.35,20,0,1,0,0,0,0,0,1
52499.62,0,0,0,1,1,0,0,0,0
32543.54,0,0,0,12,1,0,0,0,0
6311.38,40,0,1,1,0,0,0,0,1
56031.03,20,1,1,23,0,1,0,0,1
35600.91,20,0,1,30,0,0,0,0,1
67320.29,0,1,0,3,0,0,0,1,0
31155.08,20,0,0,19,0,0,0,0,0
76117.14,0,0,0,18,1,0,0,0,1
65108.23,20,0,0,24,0,0,0,1,1
59902.75,0,0,0,36,0,0,0,0,1
83761.36,0,1,0,38,0,0,0,0,1
32602.55,0,0,0,15,0,0,0,0,0
6256.93,20,0,0,26,1,0,0,0,0
57303.44,40,0,0,25,0,1,0,0,1
72427.76,0,0,1,23,0,0,0,0,1
2906.17,0,0,1,33,0,1,0,0,0
63078.63,0,0,0,10,1,1,0,0,1
91187.4,0,0,0,32,0,1,0,0,0
5115.0,0,1,0,29,0,0,0,1,0
29653.85,0,0,0,4,0,0,0,1,0
62525.41,0,1,1,0,0,0,0,1,1
37011.97,0,0,1,13,0,0,1,0,1
21452.07,40,0,1,11,0,1,0,0,1
99568.34,0,0,0,13,0,0,0,1,0
70800.96,20,0,0,23,0,1,0,0,1
1856.35,0,0,0,31,0,0,0,0,0
95880.76,0,0,1,3,0,0,0,0,1
41250.49,20,0,0,35,1,0,0,0,1
8692.42,0,0,0,31,1,0,0,0,1
77418.24,0,0,0,10,0,0,0,0,0
35897.29,0,0,0,34,1,0,0,0,1
80744.49,0,0,0,34,0,1,0,0,1
81675.0,20,0,0,15,1,1,0,1,1
25010.33,0,0,0,1,1,0,1,1,0
99902.76,40,0,0,10,0,1,0,0,1
94933.4,20,0,0,3,1,0,0,0,1
97024.32,20,0,0,10,0,1,0,0,0
39350.33,40,1,0,17,0,0,0,0,1
35225.05,20,0,1,37,0,0,0,0,1
15697.79,0,1,1,13,0,0,0,0,0
45342.14,0,0,0,20,0,0,0,0,0
61998.36,0,0,0,18,1,0,0,0,0
42056.64,0,0,0,0,0,0,0,0,0
81124.35,0,0,0,29,0,0,0,0,1
88053.35,0,0,1,0,0,0,0,0,1
92289.74,0,1,0,5,0,0,0,0,0
72909.67,20,1,0,34,0,0,0,0,1
57440.24,20,0,0,10,0,0,0,0,0
20317.59,0,0,0,30,0,0,0,1,0
41427.43,40,0,0,14,1,0,0,0,1
67210.53,0,0,1,38,0,0,0,0,1
64289.1,40,0,0,17,0,0,0,0,1
14585.45,20,1,0,25,1,0,0,0,1
64530.78,0,0,0,39,0,0,0,0,0
80797.75,0,0,0,6,1,0,1,0,1
13727.33,40,1,0,16,0,0,0,0,1
60878.71,0,0,0,19,0,0,0,0,1
82846.23,0,0,0,28,0,0,0,0,0
81769.0,20,0,0,34,0,0,0,0,1
57044.81,0,0,0,22,0,0,0,1,0
81857.26,40,1,0,3,0,0,0,0,1
68220.46,0,0,0,15,0,0,0,0,0
78648.66,0,0,1,20,0,0,0,0,1
27931.66,0,0,1,9,0,0,0,0,0
59503.94,20,0,0,12,0,0,0,0,1
15160.26,0,0,0,5,0,0,0,0,0
40133.95,0,0,0,21,0,0,0,0,0
43523.85,0,1,0,3,0,1,0,0,0
29479.63,0,0,0,22,0,0,0,1,0
33201.47,20,0,0,37,0,0,0,0,1
3113.2,0,0,0,28,0,0,0,1,0
54982.04,0,0,0,40,0,0,0,0,0
96613.92,0,0,0,30,0,1,0,0,1
61746.58,0,1,1,12,0,0,0,0,1
42242.1,0,0,0,11,1,0,1,0,0
97229.26,0,1,0,14,1,0,1,1,1
34761.42,0,0,0,0,0,0,0,0,0
98828.99,20,0,0,2,0,0,0,0,0
76967.74,0,0,1,10,0,0,0,0,0
86367.19,0,0,0,2,1,0,0,0,1
36239.42,20,0,0,22,0,0,0,1,1
33047.41,20,1,0,10,0,1,0,1,1
78903.42,0,0,0,28,0,0,0,0,0
23311.21,0,0,0,3,0,0,0,0,0
99358.72,40,0,0,9,0,0,1,0,1
10375.99,40,0,0,40,1,0,0,1,1
94735.16,0,0,0,31,0,0,0,1,1
33275.17,20,0,0,17,0,0,0,0,0
41099.27,20,0,0,12,0,0,0,0,1
72804.39,0,0,0,28,0,1,0,0,1
17599.58,40,0,0,24,0,0,0,0,1
94898.76,0,0,0,21,0,0,0,0,0
93874.65,0,0,0,6,0,0,0,0,0
52207.0,0,0,1,36,0,0,0,0,1
57476.37,0,0,0,12,0,0,0,1,0
45207.75,0,0,1,17,1,0,0,0,1
61906.75,20,0,0,26,0,0,0,1,1
592.09,20,1,0,5,0,0,0,0,0
18466.1,0,0,0,11,1,1,0,0,0
55346.73,0,0,1,25,0,0,0,0,1
90138.2,0,0,0,38,0,0,0,0,0
70743.74,40,0,0,28,0,0,0,1,1
47395.0,40,0,0,16,0,0,0,0,1
92235.97,0,0,0,39,0,0,0,0,1
87043.96,0,0,1,37,0,0,0,0,1
69033.0,20,0,0,17,0,0,0,0,0
76376.32,0,1,0,15,0,1,0,0,1
90939.7,0,0,0,20,0,1,0,0,1
3753.29,0,1,0,22,1,0,1,0,1
2596.7,20,1,0,29,0,0,0,0,0
13948.94,0,1,0,40,0,0,0,0,1
27756.84,0,1,1,29,1,0,0,0,1
44010.2,40,1,0,18,0,0,0,0,1
90706.0,0,0,1,40,1,0,0,0,1
86911.43,20,0,0,10,0,1,0,0,1
5965.04,0,0,0,3,0,0,0,0,0
19516.62,0,1,0,7,0,0,0,1,0
55033.62,0,0,1,39,0,1,0,0,1
42210.56,20,1,1,16,0,0,0,0,1
53645.73,0,0,0,15,1,0,0,0,1
87598.51,20,0,1,12,0,0,0,0,1
74058.92,0,0,0,34,0,0,0,1,0
67264.78,0,0,0,12,0,0,0,0,0
21980.94,40,0,0,16,0,0,0,0,0
53482.85,0,0,0,34,0,0,0,0,0
87239.0,0,0,1,24,0,1,0,0,1
76756.87,0,1,0,37,0,0,0,0,1
44850.46,0,0,0,11,0,0,0,1,0
71420.09,0,1,1,1,0,0,0,0,1
52844.58,0,0,0,14,0,0,1,1,1
52819.19,0,0,1,15,0,0,0,0,0
73118.86,0,0,0,25,0,1,0,1,1
62076.3,0,1,1,15,0,0,0,0,1
27805.06,20,0,0,16,0,1,0,0,1
93953.7,20,0,0,16,0,1,0,0,1
121.04,0,0,0,1,0,0,0,0,0
72007.17,0,0,0,13,1,1,0,0,1
81099.2,20,0,0,8,0,0,0,0,1
77760.42,0,0,0,15,0,0,0,0,0
21816.17,0,0,0,11,0,0,0,0,0
78482.2,0,0,0,18,0,0,0,1,0
30803.07,0,0,0,39,1,0,0,0,0
77437.64,0,0,0,20,0,0,0,0,1
49655.92,0,0,0,4,0,1,0,1,0
19006.44,0,0,1,14,1,0,0,0,0
89056.43,0,0,0,10,1,0,0,0,0
87565.7,0,1,0,3,0,0,1,0,1
66318.49,20,0,0,10,0,0,0,0,0
95638.29,0,0,0,36,0,0,0,0,1
48061.29,0,0,0,14,0,0,0,1,0
61877.4,20,0,1,36,0,0,0,1,1
42963.05,20,0,0,1,0,0,0,0,0
27284.97,0,0,0,28,0,0,0,0,0
64161.59,0,0,1,13,0,1,0,0,1
72928.05,0,0,1,5,0,0,0,0,1
16955.07,20,0,0,37,0,1,0,0,0
82432.38,20,0,1,17,0,0,0,0,1
73237.23,20,0,1,24,0,1,0,0,1
17181.72,20,0,0,5,1,0,0,0,0
49136.83,0,1,0,4,0,0,0,1,1
74557.49,0,0,0,23,0,1,0,0,0
42665.78,20,0,1,12,0,1,1,0,1
4107.5,0,0,0,39,0,0,0,0,0
56139.61,20,1,0,20,0,0,0,0,1
28523.79,40,1,0,6,0,1,0,0,1
52536.93,20,0,0,37,0,0,0,0,1
924.7,0,0,0,26,0,0,0,0,0
79180.34,0,0,0,14,0,0,0,0,1
3695.87,0,0,0,7,0,0,0,1,0
33695.28,0,0,0,0,0,0,0,0,0
92341.31,40,0,0,14,0,0,0,0,1
38513.41,40,0,0,24,0,0,1,1,1
79370.35,20,0,0,21,0,0,0,0,0
50416.19,0,1,0,35,0,0,0,0,1
33385.25,0,0,0,13,0,0,0,0,0
70237.39,0,0,0,2,1,0,0,0,0
70530.04,0,0,0,10,0,0,0,1,0
91042.16,0,0,0,32,0,0,0,0,1
42097.14,0,0,1,19,0,0,0,0,1
93484.53,0,1,1,16,0,0,0,1,1
7742.07,40,0,0,24,0,0,0,0,0
52544.83,0,0,0,33,0,0,1,0,1
88541.35,0,0,0,13,0,0,0,0,0
26079.66,0,0,1,22,0,1,0,0,0
50851.13,0,0,0,33,0,0,0,0,0
14291.16,0,0,0,8,1,0,0,0,0
33228.75,0,1,0,3,1,0,0,0,0
64245.73,0,0,0,26,0,0,0,0,0
10226.81,0,0,1,16,0,0,0,1,1
70140.78,20,0,0,13,0,0,0,0,0
37480.65,0,1,0,14,0,0,0,0,0
62758.7,0,0,1,0,0,0,0,0,0
10804.73,20,0,0,39,0,0,0,0,0
5843.93,0,1,0,11,0,0,0,0,0
36613.28,0,0,1,21,0,0,0,1,0
16858.41,20,0,0,0,1,1,0,0,0
5309.96,40,0,0,20,0,0,0,0,0
4127.31,20,0,0,36,1,1,0,0,0
98590.89,0,0,1,3,0,0,0,0,0
71061.48,0,1,1,36,1,0,0,0,1
83367.07,0,0,0,35,0,0,0,0,0
70140.92,0,1,0,6,0,0,0,0,1
69827.13,0,1,1,23,0,0,0,1,1
10271.79,0,0,0,34,0,0,0,0,0
76255.29,20,0,0,8,0,0,0,1,0
2943.45,0,0,0,11,0,0,0,0,0
38609.98,40,0,0,6,0,1,0,0,1
31781.96,0,0,0,5,1,0,0,0,0
97767.71,0,0,0,8,0,1,1,0,1
47318.47,20,0,1,25,0,0,0,0,1
82993.85,0,0,0,28,0,0,0,1,0
59061.16,0,0,1,7,0,0,0,1,1
16829.24,0,0,0,28,0,1,0,0,0
14818.16,0,1,0,35,1,0,0,0,0
28605.72,0,0,0,18,0,0,0,0,0
48051.23,0,1,0,23,0,1,0,1,0
54469.65,0,0,0,30,0,1,0,0,1
25313.32,40,0,0,39,0,0,0,0,0
3871.7,40,0,0,40,0,1,0,1,1
31185.98,0,0,1,16,0,1,0,1,1
49636.95,0,1,0,26,0,0,0,0,1
86536.39,20,1,1,23,0,0,0,1,1
95672.55,40,0,0,7,0,0,0,1,1
47236.17,20,0,1,24,1,0,0,1,1
93759.18,0,0,0,39,0,0,0,0,1
91366.57,20,0,0,39,0,0,0,0,1
50192.86,20,0,0,24,0,0,0,0,1
33433.82,20,0,1,36,0,0,0,0,1
60710.8,20,0,0,30,0,1,1,0,1
79410.26,0,0,0,32,0,0,1,0,1
79212.71,0,0,1,25,0,1,0,0,1
87655.54,0,0,0,12,0,1,0,1,0
30210.05,0,1,0,18,0,0,0,0,0
90501.16,0,0,0,15,1,1,0,0,1
35348.56,40,0,1,31,0,0,0,0,1
57098.45,40,0,0,20,0,0,0,0,1
20526.15,0,0,0,32,0,0,0,1,1
7197.92,0,0,1,0,0,1,0,1,0
4486.87,40,0,0,20,0,0,1,0,1
67441.85,20,0,1,4,0,0,0,0,0
35421.02,20,0,0,4,0,0,0,0,0
44159.38,20,0,0,10,0,0,0,0,0
72477.54,0,0,0,19,0,0,0,0,1
73211.84,0,1,0,15,0,0,0,1,1
47847.33,0,0,0,24,0,0,1,0,0
35764.95,0,0,1,8,1,0,0,0,0
85625.85,0,0,0,21,0,0,0,1,0
24392.47,0,0,0,1,0,0,1,0,0
31727.87,0,0,1,23,0,0,0,0,0
88892.11,0,0,0,11,0,0,0,0,0
22225.47,20,0,0,14,0,0,0,0,0
6270.41,0,1,1,19,0,0,0,0,0
36212.77,0,0,0,1,1,0,0,0,0
12851.34,20,1,0,20,1,0,0,0,0
31050.8,0,0,0,22,1,0,0,1,1
55394.89,20,0,1,8,0,0,0,0,1
33551.92,20,0,0,15,1,0,0,0,1
72173.03,0,1,0,15,1,0,0,0,1
9108.83,0,0,0,7,0,0,0,1,0
80121.2,0,0,0,31,0,1,0,0,1
53648.37,20,0,0,1,0,1,0,0,1
35817.4,40,0,0,30,0,0,0,0,1
41828.24,0,1,1,11,0,0,0,0,0
76490.25,0,0,0,19,0,0,0,0,0
76420.66,0,0,0,38,0,0,0,0,1
1491.51,20,0,0,39,0,0,0,0,1
752.2,0,0,0,33,0,0,0,0,0
11214.48,0,0,1,2,0,1,0,1,0
15115.3,0,0,0,35,0,0,1,1,1
5791.37,0,0,0,38,0,0,0,1,0
12695.58,0,0,0,3,0,0,0,0,0
78266.32,0,0,0,14,0,0,0,0,0
6557.08,0,0,0,33,0,0,0,0,0
48819.49,0,0,1,33,0,0,0,0,0
38973.88,20,0,0,19,0,1,0,0,0
45038.67,0,0,0,13,0,0,0,0,0
11577.32,20,0,1,29,0,1,0,0,1
76167.65,0,0,0,19,0,0,0,0,0
72355.13,20,0,0,28,0,0,0,0,1
61698.91,0,0,1,3,0,0,1,0,1
37917.23,0,0,1,10,0,0,1,0,0
37697.19,40,0,0,31,0,0,1,0,1
53406.52,20,0,0,26,0,0,0,0,1
29820.95,0,0,0,20,1,0,1,0,0
95391.07,40,0,0,26,0,0,0,0,1
58214.69,0,0,0,31,0,0,0,0,1
85755.99,0,0,0,37,1,0,0,0,1
92721.48,20,1,0,35,0,0,0,0,1
81854.96,0,0,0,35,0,0,0,1,1
32934.82,0,0,0,32,0,0,0,0,0
91775.19,0,0,0,24,0,0,0,0,0
31806.84,40,0,0,39,0,0,0,0,1
3762.82,40,0,1,15,0,1,0,1,1
55347.4,0,0,0,28,0,1,0,0,1
34275.23,0,0,0,4,0,0,0,0,0
18225.8,20,0,1,20,0,0,0,0,1
5954.9,0,0,0,34,1,0,0,1,1
12122.04,0,0,0,15,0,0,0,0,0
24304.67,0,0,0,24,0,1,0,0,0
61340.77,0,0,1,28,0,0,0,0,1
86207.92,20,0,0,7,0,0,0,1,1
1673.53,20,0,0,16,0,0,0,0,0
5382.21,20,0,1,0,0,0,0,0,0
25799.29,20,1,0,1,0,0,0,1,0
87182.63,0,0,0,2,0,1,1,0,1
81840.23,0,0,0,1,0,0,0,0,0
44415.79,0,0,0,36,0,0,0,0,0
93066.01,0,1,1,9,0,0,0,0,1
90637.26,0,0,0,20,0,0,0,0,0
893.32,20,1,0,24,1,0,0,0,1
69850.95,0,1,0,3,0,0,0,0,0
71529.37,0,0,0,31,1,0,0,1,1
24713.36,0,0,1,25,0,0,0,0,1
30826.19,0,0,1,20,0,0,0,0,1
45211.54,0,0,0,11,0,0,0,1,0
53139.89,20,0,0,4,0,0,0,1,0
74734.48,40,0,0,11,0,0,0,0,1
42201.41,0,1,0,28,0,0,0,0,0
77710.77,0,1,0,33,1,1,0,0,1
63515.56,0,0,0,19,0,0,0,0,0
87492.11,0,0,1,23,0,0,0,0,0
25183.29,0,0,0,3,0,0,0,0,0
46600.4,0,0,0,13,0,0,0,0,0
46329.84,20,0,0,22,0,1,1,0,1
50828.53,40,0,0,31,1,0,0,0,1
35606.7,40,1,0,11,0,0,1,0,1
70146.3,20,0,0,35,0,0,0,0,1
54814.23,0,0,0,4,1,0,0,1,1
36706.97,20,0,0,15,0,0,0,0,0
83362.98,0,0,1,6,0,0,0,0,0
42357.92,0,0,0,25,0,0,0,0,0
17293.57,20,0,1,39,0,0,0,0,1
1660.2,20,1,0,14,0,0,0,0,0
74526.73,0,0,0,36,0,0,0,0,1
77022.1,0,0,0,19,1,0,0,0,1
8164.39,40,0,0,30,0,0,0,0,1
47183.1,0,0,0,20,0,0,0,0,0
30107.54,0,0,1,21,1,0,0,0,0
94064.62,0,0,1,40,0,0,0,0,1
81319.46,0,0,0,8,0,1,0,1,0
40271.12,40,0,0,7,0,0,1,0,0
96259.35,0,0,0,1,0,0,0,0,0
30829.0,20,0,0,9,0,0,0,0,0
36047.05,0,0,1,30,0,0,0,0,1
28548.78,0,0,0,0,0,0,1,0,0
79362.71,20,1,1,31,0,0,0,0,1
14740.98,0,0,1,14,0,0,0,1,1
13362.17,40,0,0,22,0,0,0,0,1
82634.85,0,1,0,30,0,0,0,0,1
98668.56,0,1,0,23,0,0,0,0,1
21110.05,0,1,1,26,0,0,0,0,1
84114.76,20,0,0,40,0,0,0,1,1
74088.52,0,0,1,32,1,0,0,0,1
75898.06,0,0,0,13,0,0,0,1,0
49540.23,0,0,1,8,0,0,0,1,0
25416.44,20,1,0,26,0,0,0,0,0
48340.52,0,0,0,26,0,0,1,1,0
17127.46,0,0,0,30,0,0,0,0,0
72824.09,0,0,1,14,1,1,0,1,1
14281.43,40,0,0,12,0,0,0,1,0
74292.39,40,1,0,35,0,1,0,0,1
96787.86,20,1,0,38,0,0,0,0,1
36097.78,40,0,0,7,0,1,1,0,1
27246.14,40,0,1,18,0,1,0,0,1
77221.38,0,0,0,9,0,0,0,1,1
94806.21,0,0,0,4,0,0,0,0,0
77917.8,0,0,0,27,1,1,0,0,1
70713.26,0,0,1,11,1,0,0,0,1
84328.43,40,0,0,15,0,0,0,0,1
25425.83,0,0,0,9,1,0,0,0,0
42429.28,20,0,0,31,0,0,0,0,1
27874.25,0,0,0,18,0,0,0,1,0
9250.12,40,0,0,40,0,0,0,0,0
67762.23,0,0,0,39,0,0,0,1,1
99050.8,0,0,0,14,1,0,0,1,1
89953.5,0,0,0,9,0,0,0,0,0
63836.92,20,0,1,6,0,0,0,1,1
53270.16,0,1,1,18,0,0,0,1,1
62663.68,0,0,0,6,0,0,0,0,0
42003.92,0,0,0,12,0,0,0,0,0
10952.01,40,0,1,26,0,0,0,0,1
12296.07,0,0,0,20,0,0,0,1,0
3678.49,0,0,0,8,0,0,0,0,0
88898.21,20,0,1,26,0,0,0,0,1
69462.92,0,0,0,16,0,0,0,0,0
49834.13,0,1,0,30,0,0,0,0,0
60809.64,0,0,0,27,0,0,0,0,0
26353.03,0,0,0,2,0,0,0,0,0
91696.41,0,1,1,38,0,1,1,0,1
67265.43,0,0,0,36,0,0,0,0,1
85540.31,0,1,0,2,0,0,0,0,0
76371.11,20,0,1,25,0,0,0,0,1
4049.45,0,0,0,32,0,0,0,0,0
17804.03,0,0,0,23,0,0,0,0,0
43682.85,20,0,0,2,0,1,0,0,0
76444.19,0,0,0,16,0,0,0,1,1
58694.04,0,0,0,21,1,0,0,0,1
73726.99,40,0,1,8,1,0,0,0,1
55554.61,0,0,1,4,0,0,0,1,0
43676.36,0,0,0,2,1,0,0,0,0
16476.77,0,0,0,34,1,0,0,0,1
1970.31,0,0,1,12,0,1,0,1,0
92893.81,0,1,0,9,1,1,0,0,1
13040.57,0,1,0,27,1,0,0,0,0
7975.26,0,0,0,17,0,0,0,0,0
46630.71,20,0,0,28,1,1,0,0,1
60273.65,40,0,0,40,0,0,0,0,1
40979.36,20,0,0,25,0,0,0,1,0
54217.5,20,0,0,1,0,0,0,0,0
63296.98,0,0,1,1,0,0,1,1,1
19177.3,0,0,0,39,0,1,0,0,1
52121.69,20,0,0,38,0,1,0,0,1
63618.47,0,0,0,28,1,0,0,0,1
1415.85,40,0,0,9,1,1,0,0,1
55099.96,20,1,0,37,0,0,0,0,1
35226.68,20,0,0,32,0,0,0,0,0
46311.04,0,0,0,10,0,0,0,0,0
39219.11,0,1,1,29,0,0,0,1,1
92607.79,20,0,0,24,0,0,1,1,1
84372.59,0,0,1,7,0,1,0,0,1
58577.27,0,0,0,36,0,0,1,0,1
28735.44,20,0,1,38,0,0,0,1,1
95266.86,0,0,1,1,0,0,0,1,0
48169.04,0,1,0,22,0,0,0,1,0
7865.33,0,0,0,36,0,1,0,1,0
88583.2,0,1,0,30,0,0,0,0,1
34398.4,20,0,0,11,0,0,0,1,1
87713.59,20,0,1,6,0,0,1,0,1
77517.99,0,1,0,22,0,0,0,1,1
31117.97,0,0,0,2,0,0,0,0,0
89791.97,0,0,1,39,0,0,0,0,1
93135.7,0,0,1,40,0,1,0,0,1
81665.61,0,0,1,34,0,0,0,0,1
92479.03,20,0,1,15,0,0,0,0,1
23078.36,0,0,0,28,0,0,0,1,0
61530.21,20,0,0,9,0,0,0,1,1
97466.89,0,0,0,26,0,0,0,0,1
13090.58,0,0,0,23,1,0,0,1,0
3411.98,0,0,0,7,0,0,0,0,0
4437.93,0,0,0,14,0,0,0,0,0
48336.25,0,1,0,6,0,0,1,0,0
9889.71,0,0,0,9,0,1,0,0,0
10459.06,20,0,0,6,1,0,0,0,0
31415.95,40,1,0,27,0,0,0,0,1
53146.3,0,0,0,2,0,0,0,0,0
67826.42,0,0,0,13,0,0,0,0,1
393.32,0,0,0,9,0,0,0,0,0
92412.34,20,0,0,40,0,0,0,0,1
91189.73,0,0,0,36,0,0,0,0,0
97195.48,0,0,0,9,0,1,1,0,1
68611.74,0,0,0,29,0,1,0,0,1
18046.64,0,1,1,21,1,0,0,0,0
57276.29,20,0,0,15,1,0,0,0,1
87229.88,0,1,0,23,0,0,0,1,1
34407.12,20,0,0,34,0,0,0,0,0
46247.6,0,0,0,34,0,0,0,0,0
67375.37,0,1,1,9,1,0,0,0,1
32969.92,20,0,0,10,0,0,0,1,0
59690.09,0,1,0,40,1,1,0,0,1
43917.94,0,0,0,16,1,0,0,0,0
80791.15,40,0,0,23,0,0,0,1,1
58287.91,0,0,0,18,0,1,0,1,1
19112.57,0,0,0,18,1,0,0,0,0
54991.63,0,0,0,1,0,0,0,0,0
35001.26,20,0,0,38,0,0,0,0,0
84291.53,0,0,0,24,0,0,1,0,0
74106.09,0,0,0,26,0,0,0,0,1
27101.22,0,0,0,40,0,0,0,0,0
39002.14,40,0,0,16,1,0,0,1,1
96753.28,40,0,0,4,1,0,0,1,1
14900.47,40,1,0,33,0,0,1,0,1
8695.38,0,1,0,13,0,0,0,0,0
4866.83,0,0,0,9,0,0,0,0,0
40854.03,0,0,0,34,0,0,0,1,0
64949.25,0,1,0,8,1,1,0,0,1
83246.32,0,0,0,14,0,0,0,0,0
15085.33,0,0,0,0,0,0,0,0,0
14552.88,0,0,0,6,0,0,0,0,0
83123.04,0,0,1,12,0,0,0,1,1
2068.9,20,0,1,24,1,0,0,0,1
81332.93,0,1,1,19,1,0,0,0,1
72793.8,0,0,0,1,0,0,0,0,0
41917.82,0,1,0,3,0,1,1,0,0
22276.05,0,0,1,18,0,0,0,0,0
46138.02,0,0,1,13,0,0,0,0,0
2106.44,20,0,0,25,1,0,0,0,0
45799.47,0,0,1,30,0,1,0,0,0
37518.09,40,0,0,21,0,0,0,0,0
87661.23,0,0,0,40,1,0,0,0,1
19545.16,0,0,0,13,0,0,0,1,0
81774.32,20,0,0,34,0,0,1,1,1
43370.34,0,0,0,32,0,0,0,0,0
11849.83,0,1,0,33,0,0,1,0,1
30768.63,0,0,1,12,0,0,0,0,0
41552.1,20,0,0,27,1,0,0,0,1
97485.47,20,0,0,37,0,0,0,0,1
12217.72,0,0,1,17,0,0,1,1,1
58257.34,0,0,0,13,0,0,0,0,0
19198.56,0,0,0,15,1,0,1,0,0
519.13,40,1,0,24,0,0,0,0,1
90868.27,0,0,0,28,0,0,0,0,0
29898.28,0,1,0,11,0,0,0,0,0
22363.03,0,0,0,9,1,0,0,0,0
24085.58,20,0,0,30,0,0,1,0,1
47110.91,20,0,0,39,0,0,1,0,1
9586.87,0,1,1,27,0,0,0,0,0
69821.33,0,0,0,27,0,0,0,1,0
16692.84,20,0,0,5,1,0,0,0,0
1473.53,0,0,0,18,0,1,0,0,0
3297.07,40,0,0,36,1,0,0,0,1
78550.36,0,0,0,18,0,0,0,0,1
65480.93,0,0,0,9,0,0,0,0,0
50670.93,20,0,0,23,0,1,0,0,1
92135.98,20,0,1,27,0,1,1,0,1
50289.48,0,0,0,36,0,0,0,0,0
26912.14,0,0,0,4,0,0,0,0,0
66908.25,20,0,0,19,0,1,0,0,1
67109.45,20,0,1,17,0,1,0,1,1
6947.85,0,0,1,28,0,0,1,1,1
5487.45,0,0,0,9,0,0,0,0,0
56146.16,0,0,1,16,0,0,1,0,1
92955.75,20,1,0,5,0,0,0,0,1
40722.72,0,1,0,33,0,0,1,0,1
20912.36,0,0,1,5,0,0,0,0,0
63469.9,20,0,0,14,0,0,0,0,1
4955.49,20,0,0,31,0,0,0,1,1
22693.64,0,1,0,24,0,0,1,1,1
66622.89,0,0,0,21,0,0,0,0,0
15150.66,20,0,1,5,0,1,0,0,1
28627.48,0,0,0,2,0,0,0,0,0
58569.53,0,0,0,17,0,1,0,0,0
11127.33,0,0,0,1,0,0,0,0,0
69994.58,20,0,1,33,0,0,0,0,1
15974.36,0,0,0,31,0,0,0,0,0
39974.54,0,0,0,15,0,0,0,0,0
48655.72,0,0,0,34,0,0,0,0,0
13742.85,0,0,1,22,0,0,0,1,1
3433.11,0,1,0,20,0,0,0,0,0
4446.81,0,0,0,6,0,1,0,0,0
88776.02,0,1,0,28,1,0,0,0,1
21038.33,40,0,0,20,0,0,0,0,1
74090.11,40,1,0,19,0,0,0,0,1
56356.51,20,0,0,14,0,0,1,0,1
5230.67,0,0,0,6,0,0,0,0,0
30867.61,20,0,0,11,0,0,0,0,0
49191.74,0,1,0,21,0,1,0,0,0
1484.1,20,0,0,3,0,0,0,0,0
46718.01,0,0,0,9,0,0,0,1,0
11003.7,20,0,0,10,0,0,0,0,0
91814.26,20,0,0,24,0,0,0,0,1
47349.14,0,0,0,35,0,0,0,0,0
71559.53,0,0,0,16,0,0,0,0,0
89569.04,20,0,0,36,0,0,0,0,1
24566.55,0,1,0,30,0,0,0,0,0
65962.01,0,1,0,10,0,0,0,0,1
9143.72,20,0,0,11,0,0,0,1,0
18085.87,20,0,0,26,1,1,0,0,0
62829.82,0,0,1,13,1,0,0,0,1
56023.39,20,0,0,38,0,0,0,0,1
75519.01,20,1,1,40,0,0,0,0,1
39172.62,20,0,1,30,1,0,0,0,1
15738.04,40,0,0,29,0,0,0,0,0
67113.05,0,1,0,19,0,0,0,0,1
72748.83,0,1,0,9,0,0,0,0,0
63991.81,20,0,1,22,0,0,0,0,1
93356.34,20,0,0,40,0,0,0,1,1
39747.8,20,0,0,3,0,0,0,0,0
12857.85,40,1,0,21,1,0,0,0,1
44216.17,0,0,0,29,0,0,0,0,0
25652.14,0,0,0,4,0,0,0,0,0
38158.72,20,1,0,21,1,0,0,1,1
94622.83,0,0,0,5,0,0,0,0,0
53640.49,0,0,0,0,1,1,0,0,0
27251.27,0,0,0,25,0,0,0,0,0
75204.47,0,0,0,36,1,0,0,1,1
35610.38,0,1,0,25,0,0,0,0,0
60980.67,20,0,0,8,0,0,0,0,0
42828.16,20,0,1,36,0,0,1,0,1
92898.06,0,0,0,29,1,0,1,0,1
54820.87,20,0,0,14,1,0,0,0,1
75357.85,20,0,0,13,0,0,0,0,0
37469.22,20,0,0,37,0,1,0,0,1
72066.9,0,0,0,26,0,0,0,0,0
6722.76,20,0,0,1,0,0,0,0,0
56071.77,0,0,0,20,1,1,0,1,1
60324.98,40,0,0,4,0,0,1,0,1
56745.01,0,0,1,32,0,0,0,0,1
77127.14,20,1,0,0,0,0,0,0,1
98884.99,40,0,0,1,0,0,0,1,0
3039.55,0,0,0,25,0,0,0,0,0
97098.37,0,0,0,16,0,0,0,1,0
11060.83,0,0,0,31,0,0,0,0,0
4875.44,0,0,1,0,1,0,1,0,1
68486.07,0,1,0,6,0,0,0,0,0
36928.36,0,0,0,36,0,0,0,0,0
21595.19,20,0,0,6,0,1,0,0,0
44613.18,0,0,0,3,0,1,0,1,0
60455.19,0,1,0,0,0,0,0,1,1
64445.09,0,0,0,12,0,1,0,0,1
66613.76,0,1,1,35,0,0,0,0,1
30329.67,0,0,1,39,0,0,0,0,1
77524.07,0,1,0,32,0,0,0,0,1
32230.62,0,1,0,3,0,1,0,0,1
93513.4,0,0,0,4,1,0,0,0,1
14585.6,20,0,0,23,0,0,0,0,0
20206.85,40,0,0,1,1,0,0,0,0
19535.22,20,0,0,1,0,0,0,0,0
72691.62,0,0,0,12,0,0,0,0,1
13109.5,0,0,1,35,0,0,0,0,0
64244.77,20,0,0,12,0,0,0,0,0
99417.82,20,0,0,20,0,0,0,0,1
37940.47,0,0,0,7,0,0,0,1,0
1890.88,0,0,1,10,0,0,0,0,0
23903.61,0,0,0,17,0,0,0,0,0
39423.97,0,0,0,7,0,1,1,0,1
27943.0,0,0,0,37,0,1,0,0,0
25881.49,0,1,0,30,1,1,0,0,0
74473.26,0,0,0,11,0,0,0,0,0
32926.58,40,0,0,1,0,0,0,0,0
50720.96,0,0,0,0,1,0,0,0,0
11310.42,0,0,0,4,0,0,0,0,0
15710.07,0,0,0,24,0,0,0,0,0
93816.92,0,1,0,20,1,0,0,0,1
26406.27,0,0,0,4,0,1,0,0,0
90226.05,20,0,1,23,0,1,0,0,1
77553.74,20,0,1,27,0,1,0,0,1
43305.1,0,0,0,19,1,0,0,0,0
81481.77,0,0,0,10,0,0,0,1,0
69871.56,20,0,0,5,0,0,0,0,0
25947.94,0,1,0,17,0,0,0,0,0
455.86,0,1,1,14,0,0,0,0,1
99973.94,0,0,1,23,0,0,0,0,0
55101.19,0,1,0,39,0,0,1,1,1
20699.53,20,0,0,32,0,0,0,0,0
5755.13,20,1,0,5,0,0,1,0,0
57886.82,0,0,0,4,0,0,0,1,0
38707.86,40,0,0,28,0,0,1,0,1
84529.57,0,1,0,7,0,0,0,0,0
29306.73,20,0,0,35,0,1,0,0,0
7152.66,40,1,0,25,0,0,0,0,1
32733.09,20,0,1,19,1,0,0,0,1
7685.49,20,0,1,26,0,0,0,0,0
6784.79,0,0,0,26,0,0,0,0,0
8074.9,0,0,1,18,0,0,0,1,0
11068.44,0,0,0,32,0,0,1,0,1
31435.58,0,0,0,3,0,0,0,1,0
49432.89,20,1,0,15,1,0,0,0,1
81475.68,0,0,0,5,0,0,1,1,1
39650.85,0,0,0,32,0,0,0,0,0
91378.75,20,0,0,8,0,0,0,0,1
87604.45,0,1,0,5,0,1,0,0,1
58216.12,20,1,0,23,0,0,0,1,1
8898.71,0,0,0,15,0,0,0,0,0
25044.25,0,1,1,12,0,1,0,0,1
73575.63,0,1,0,12,0,0,0,0,0
16830.33,20,0,0,20,0,1,0,1,0
25670.17,0,0,0,38,0,0,0,0,0
48917.23,20,0,0,16,0,0,0,1,0
16055.25,40,0,0,33,0,0,0,1,1
42823.75,0,0,0,33,0,0,0,0,0
39280.6,0,0,1,4,0,0,1,0,1
46944.22,0,0,0,17,0,0,0,1,0
80235.46,20,0,0,38,1,0,0,0,1
13050.5,20,0,0,5,0,1,0,0,0
16306.58,0,0,0,13,0,0,0,0,0
77844.28,20,0,1,33,1,0,0,0,1
20453.87,0,0,0,23,0,1,0,0,0
99865.13,0,1,1,21,0,0,1,1,1
5005.16,0,0,1,35,1,1,1,1,1
66307.55,0,0,0,16,0,0,0,1,1
71182.65,0,0,0,32,0,0,0,0,0
34083.74,40,0,0,13,0,1,0,1,1
36001.17,0,1,1,11,0,0,0,0,1
87868.96,20,0,0,25,0,0,0,1,1
57827.17,0,0,0,3,0,1,1,1,1
1368.03,0,0,1,23,1,0,1,0,1
18885.57,0,0,0,39,0,0,0,0,0
28205.54,0,0,0,40,0,0,0,0,0
47963.41,0,1,1,20,1,1,0,1,1
77955.85,0,0,0,17,0,0,0,0,1
96326.41,0,0,0,6,0,0,0,0,0
63029.32,0,0,1,10,0,0,0,1,1
94165.54,0,0,0,40,0,0,0,0,0
30546.93,0,0,0,40,0,0,0,0,1
1208.62,0,1,1,19,1,0,1,0,1
28760.33,20,0,0,31,0,0,0,0,0
18030.64,0,0,0,25,0,0,1,0,1
88124.09,20,0,0,34,1,0,0,0,1
81034.71,0,1,0,22,0,0,0,0,1
49694.84,20,1,0,6,0,0,0,0,0
24449.09,0,0,0,15,0,0,0,0,0
20173.23,20,1,0,16,0,0,0,0,1
26911.83,0,0,0,34,0,0,1,1,1
54120.79,0,0,0,28,0,1,0,1,1
44019.31,20,0,0,40,1,0,0,0,0
11992.26,20,0,1,0,0,0,0,0,0
33534.38,0,0,1,17,0,1,0,0,0
97014.95,20,1,0,32,0,0,0,0,1
71144.54,0,0,1,29,0,0,1,0,1
78364.37,40,0,0,35,0,1,0,0,1
27880.09,20,0,0,21,0,0,1,0,0
87532.69,20,1,0,5,0,0,0,1,1
26893.55,0,0,0,24,0,0,1,0,1
47814.02,20,1,0,29,0,0,0,0,1
34192.81,0,0,0,19,0,0,0,0,0
32345.53,20,1,0,16,0,0,0,0,0
97295.58,0,0,0,29,0,0,0,0,1
84108.65,20,0,0,37,0,0,0,1,1
79744.16,0,0,0,9,0,1,0,0,0
67054.79,0,0,0,32,0,0,1,1,1
46082.63,20,0,0,38,0,0,0,0,0
87479.51,0,0,0,16,0,0,1,0,0
32810.58,0,0,0,20,0,0,0,0,0
69895.91,0,0,0,9,0,1,0,0,0
99312.71,0,0,0,33,0,0,0,0,0
24613.43,0,0,1,9,0,0,0,0,0
92479.48,40,0,0,24,0,1,1,1,1
89925.65,0,0,0,23,0,0,0,0,1
85261.14,0,0,0,34,0,0,0,0,1
37872.93,0,0,1,21,0,1,0,0,1
2225.5,0,0,0,4,0,0,0,0,0
31058.35,0,0,0,3,1,0,0,0,0
72836.47,0,0,1,21,0,0,0,1,1
51155.42,0,0,0,23,0,0,0,0,0
28483.05,0,0,0,17,1,1,0,0,0
67491.04,0,0,1,36,0,0,0,0,1
37233.96,0,0,0,27,0,0,0,1,1
83770.44,0,0,0,40,0,0,0,0,1
13583.16,40,0,0,14,0,1,0,0,1
41354.24,20,0,0,17,1,0,0,0,0
34575.33,0,0,0,19,0,0,0,1,0
87504.28,0,0,0,31,0,0,1,0,1
52300.51,0,0,0,5,1,1,0,0,1
57211.06,0,0,0,17,0,0,0,0,0
46536.27,0,1,0,32,1,0,0,0,1
26575.39,20,0,1,34,0,0,0,0,1
14566.22,20,0,0,9,0,0,0,0,0
99762.07,0,0,0,29,0,0,0,1,0
80810.92,0,1,0,0,0,0,0,0,0
44456.78,0,0,0,14,0,1,0,0,0
53699.71,0,0,0,30,0,0,0,1,1
24024.77,20,0,0,31,1,0,0,0,1
63355.66,20,0,0,25,0,0,0,0,1
51205.96,40,0,0,33,0,0,0,0,1
96240.46,0,0,1,9,0,0,0,0,1
69216.86,0,1,0,32,0,0,0,0,1
29335.49,0,0,0,21,0,0,0,0,0
48372.58,0,0,0,21,0,0,0,1,0
53730.68,0,1,0,0,0,0,0,0,0
37549.25,0,0,0,34,0,0,1,0,0
83517.37,0,0,0,36,0,0,0,1,1
91663.72,0,0,0,26,0,0,0,0,1
18123.55,0,0,0,24,1,0,0,0,0
12053.8,40,0,1,0,1,0,0,0,1
32451.49,0,0,0,12,0,0,1,0,0
9545.52,0,0,0,23,0,1,0,0,0
5755.93,20,0,0,2,0,0,0,0,0
60801.64,20,0,0,12,0,0,0,0,0
68082.33,0,0,0,40,0,0,0,0,0
99679.5,0,1,0,20,0,1,0,1,1
25624.74,0,0,0,9,0,0,0,0,0
16860.02,40,1,0,24,1,1,0,0,1
48874.01,40,0,0,3,0,0,0,0,1
29364.4,0,0,0,17,0,0,0,0,0
64679.98,0,0,0,33,0,0,1,0,1
41804.02,20,0,1,30,0,1,0,1,1
59698.92,40,1,0,38,1,0,0,0,1
35022.68,0,0,0,9,1,0,0,0,0
24735.56,40,0,0,19,0,0,0,0,1
83186.1,40,1,1,16,0,0,0,0,1
31842.14,0,0,0,7,0,0,0,0,0
46774.32,40,0,0,32,1,0,0,0,1
58934.43,0,0,0,2,0,0,0,0,0
1708.63,40,0,0,10,1,0,0,0,1
84354.98,0,0,0,31,0,0,0,0,0
71914.79,20,0,0,11,0,0,0,0,0
34556.62,0,1,0,10,0,0,0,1,0
63702.32,0,1,0,30,0,0,0,0,1
80361.98,20,0,0,26,1,0,0,0,1
7652.03,0,0,0,26,0,0,0,0,0
69968.12,40,0,0,38,0,0,0,0,1
38687.03,0,0,1,8,0,0,0,0,0
19803.23,20,0,1,40,0,0,0,0,1
37854.49,0,0,0,11,1,0,0,0,0
92584.25,20,0,0,9,0,0,0,1,1
35984.94,40,0,0,17,0,0,0,0,0
93344.82,0,1,1,24,0,0,0,0,1
95157.3,20,0,1,34,0,1,1,0,1
15408.38,0,0,1,11,0,0,0,1,0
42285.16,20,0,0,3,0,0,0,1,1
23455.93,40,1,1,8,1,1,0,0,1
28534.26,0,0,0,34,0,0,0,0,0
43265.08,20,1,0,7,0,0,0,0,0
59505.76,0,0,0,26,0,0,0,0,0
45823.67,20,0,1,10,0,0,0,0,1
27225.18,0,0,1,26,0,0,0,1,0
33282.45,0,0,0,24,0,1,0,1,1
20792.43,0,1,0,25,0,0,0,0,1
10874.61,0,1,0,12,1,0,0,0,0
1787.66,0,0,0,33,0,0,0,0,0
13885.23,0,0,1,35,0,1,0,0,1
43896.88,0,0,0,21,1,0,0,0,1
31055.99,0,0,1,27,0,0,0,0,0
67802.03,0,1,0,22,0,0,0,1,1
66937.47,40,0,0,14,0,0,1,0,1
83719.16,0,0,0,26,0,0,0,0,1
97485.05,40,1,0,12,1,0,0,0,1
98024.35,20,0,0,12,1,0,0,0,1
79204.11,0,0,0,33,0,0,0,0,1
56737.69,0,0,0,32,0,1,1,0,1
62465.32,0,1,1,34,0,1,0,0,1
19884.5,0,0,0,38,0,0,0,0,0
45095.92,0,0,0,8,0,0,0,0,0
75437.79,0,0,0,4,0,0,1,0,1
52299.08,0,1,0,0,0,0,0,0,0
67003.98,40,0,1,36,0,0,0,0,1
86248.8,40,0,0,15,0,0,0,0,1
34852.48,0,0,0,21,0,0,0,0,0
84012.27,20,0,0,14,0,0,1,0,1
42729.86,0,0,0,38,0,1,0,0,1
58395.39,40,0,0,10,0,0,0,0,1
33677.19,0,1,0,29,0,0,0,0,1
86081.11,20,0,0,11,0,1,0,1,1
59066.23,20,0,0,14,0,0,0,0,1
90327.36,20,0,1,2,0,0,0,1,1
52395.04,0,0,0,28,0,0,0,0,1
63815.94,20,1,0,38,0,0,0,0,1
79711.34,40,1,0,30,0,0,0,0,1
36684.52,20,0,1,29,1,0,1,0,1
11107.49,0,0,0,14,0,1,0,0,0
65401.76,0,0,1,14,1,0,0,0,1
70940.75,0,0,0,17,0,0,0,0,0
70191.96,40,1,1,34,0,0,1,0,1
90023.65,40,1,0,37,1,1,0,0,1
18673.63,20,1,0,38,0,0,1,0,1
26687.62,40,0,0,28,1,0,0,0,1
77217.64,20,0,0,16,1,0,0,1,1
18524.95,0,0,1,22,1,0,0,0,0
71148.48,0,0,0,5,0,0,0,0,0
1529.97,0,0,0,32,0,0,0,1,0
84725.36,20,0,1,8,0,0,0,0,1
87072.8,0,0,0,37,0,0,0,0,0
28208.77,20,0,0,35,0,0,1,0,0
5105.88,0,0,0,15,0,0,0,0,0
77242.21,0,0,0,32,0,0,0,0,0
53581.21,0,0,1,19,0,0,0,0,1
51329.03,0,0,0,6,0,0,0,0,0
42654.02,0,0,0,6,1,0,0,0,0
90529.93,40,1,0,27,0,0,1,0,1
7859.41,0,0,0,20,1,0,0,0,0
92930.05,0,0,0,40,0,1,0,0,1
54790.88,0,0,0,13,0,1,0,0,1
38931.48,0,1,0,19,0,0,1,0,0
88230.97,40,0,0,30,1,0,0,0,1
61258.13,0,1,0,0,0,0,0,0,0
3697.52,40,0,1,23,1,0,0,0,1
56840.96,20,0,0,18,0,0,0,0,0
3394.21,0,1,1,25,1,0,0,0,1
79171.8,40,0,0,9,0,0,0,0,1
16873.15,0,0,0,18,0,0,0,0,0
4291.27,20,0,0,24,0,0,0,1,1
89279.36,20,1,0,32,0,0,0,1,1
97372.28,0,0,0,8,0,0,0,1,0
86760.45,0,0,0,22,0,1,0,0,1
75830.29,20,0,0,1,0,1,0,0,1
76994.26,0,0,0,9,0,0,1,0,0
96447.57,0,0,1,8,0,1,0,1,1
39141.76,20,0,0,3,0,0,0,0,0
92922.98,40,1,0,40,0,0,0,0,1
81647.69,40,0,0,7,0,1,0,0,1
63154.04,20,0,0,11,0,0,0,0,0
28976.06,0,0,0,0,0,0,0,1,0
56322.34,0,0,0,9,0,0,0,0,0
15740.17,0,0,0,40,0,0,0,0,0
79519.54,0,0,1,20,0,0,0,1,1
31477.85,0,0,1,39,0,0,0,0,1
69707.63,40,0,1,29,0,1,0,0,1
34374.4,20,0,0,26,0,0,0,0,0
82233.93,0,0,0,9,0,0,0,0,0
24406.94,0,0,0,28,0,0,0,0,0
2438.58,40,0,0,22,0,0,0,0,0
61911.57,0,0,0,15,1,1,0,0,1
41317.13,40,0,1,5,0,0,0,0,1
83161.28,20,0,1,12,0,1,0,1,1
20321.98,0,0,0,0,0,0,0,1,0
51077.42,20,0,0,6,0,0,1,0,1
61948.16,0,0,0,30,1,0,0,0,1
10791.93,0,0,0,29,1,0,0,0,0
23522.02,20,0,1,11,1,0,0,0,0
62755.32,0,0,0,24,0,0,0,0,1
43272.4,20,0,0,1,0,0,0,0,0
92747.14,40,0,1,34,0,0,0,1,1
82147.22,0,0,0,38,0,0,0,0,1
17312.8,20,0,0,38,0,0,0,0,1
54828.55,40,0,0,10,0,0,0,0,1
62776.42,20,0,0,10,0,1,0,0,1
15160.6,0,0,0,30,0,0,0,1,1
84931.64,0,0,0,38,0,0,0,1,1
23495.87,20,0,0,10,0,0,0,0,0
80228.31,0,0,0,9,1,0,0,0,0
59505.93,20,0,1,39,1,0,0,1,1
31153.34,0,0,0,9,0,0,0,0,0
41498.71,0,0,0,20,0,0,0,0,0
47130.76,20,0,0,24,0,0,0,0,0
72428.31,0,0,0,11,1,1,0,1,1
55449.16,0,0,1,23,0,1,0,0,1
28532.05,20,0,1,17,0,0,0,0,0
63870.49,0,0,1,7,0,1,1,1,1
40375.78,0,0,0,0,1,0,0,0,0
94968.02,20,0,0,18,1,0,0,0,1
60461.68,0,0,1,16,0,0,0,0,1
46555.32,40,0,0,28,0,1,1,1,1
29947.29,20,0,0,35,0,0,1,0,1
80415.01,0,0,1,35,0,0,0,0,1
92583.78,0,0,1,8,0,0,0,0,0
18182.4,0,1,1,13,0,0,0,0,0
56673.57,20,0,0,0,0,0,0,0,1
24332.52,20,1,1,33,0,0,1,0,1
98875.25,20,0,0,28,0,0,0,0,1
5432.43,0,0,1,7,0,0,0,1,0
99443.88,0,0,0,16,0,0,1,0,1
85480.89,0,1,0,40,0,0,0,1,1
95468.49,0,0,1,29,0,0,0,0,1
59949.11,20,1,1,16,1,0,0,0,1
16111.59,0,1,0,38,0,0,0,0,0
99306.63,0,0,1,15,0,1,0,1,1
23276.08,0,0,1,27,1,0,0,0,0
4584.25,0,0,0,2,0,0,0,0,0
33194.67,40,0,0,19,1,0,0,1,1
11607.76,0,0,0,25,0,1,0,1,1
33315.35,0,0,1,7,0,0,0,0,0
58952.27,0,0,0,20,0,0,0,0,1
74127.42,0,0,0,29,0,0,1,0,1
67042.12,0,0,0,24,0,0,0,0,1
50923.2,40,0,0,15,0,0,0,0,1
11734.52,0,0,1,4,0,0,0,0,0
42346.47,0,0,1,10,0,0,0,0,0
24639.39,20,0,0,30,0,0,0,0,0
89380.91,0,0,0,30,0,0,0,0,0
90900.69,0,0,0,8,1,0,0,0,0
75734.61,40,0,0,22,0,0,0,1,1
40763.45,0,0,0,6,0,1,1,0,1
88442.44,0,0,0,25,1,1,0,0,1
35297.22,20,0,1,39,0,1,0,0,1
46718.06,0,0,0,24,1,1,0,0,0
30874.64,0,1,0,22,0,0,0,0,0
28020.08,0,0,0,23,0,0,0,0,0
72359.25,0,0,1,10,0,0,0,0,0
26305.73,0,1,0,7,0,0,0,0,0
48440.53,20,0,0,20,1,0,0,1,0
65220.23,0,1,0,21,0,0,0,0,1
85319.51,40,1,0,24,1,0,0,0,1
30218.08,20,0,0,30,0,0,0,1,1
90123.15,20,0,1,1,0,0,1,1,1
63488.42,20,0,0,21,0,0,0,0,1
77264.6,0,1,0,7,0,0,0,0,1
42236.92,0,0,0,26,1,0,0,1,1
89384.27,0,0,0,23,0,0,0,0,0
43807.45,0,0,0,15,1,0,1,0,0
57550.2,0,0,0,6,1,0,0,0,0
6002.94,0,1,1,8,0,0,0,0,0
40575.55,0,0,1,38,0,0,0,0,0
74171.68,20,1,0,36,0,0,0,1,1
90913.96,20,0,0,5,0,0,0,1,0
65044.44,20,0,0,19,0,0,0,0,0
32522.23,20,0,1,30,0,0,0,0,1
23208.65,0,0,0,19,1,0,0,0,0
81616.6,0,0,0,13,0,0,0,1,1
88714.09,0,0,1,36,0,0,0,0,1
36136.82,0,0,1,18,0,1,0,0,1
18438.96,0,0,1,8,0,0,0,0,0
18589.69,20,0,1,31,0,0,0,0,1
17332.4,20,1,0,3,1,0,0,0,1
55041.79,20,1,1,19,0,0,0,0,1
60680.95,40,0,0,40,0,0,0,0,1
31962.6,0,0,0,14,0,0,0,1,0
36188.65,0,0,0,23,0,0,0,0,0
33680.38,20,0,0,25,1,0,0,0,1
70521.43,20,0,1,33,0,0,0,0,1
67920.4,0,0,0,14,0,0,0,0,0
13375.12,0,1,1,0,0,0,0,0,1
21752.55,0,0,0,21,0,1,0,0,0
42875.86,40,0,0,30,0,0,0,0,1
70616.57,40,0,0,38,0,0,0,0,1
56863.44,0,0,0,7,1,0,0,0,1
63825.77,0,0,0,0,0,0,0,0,0
1535.24,0,0,1,1,1,0,0,0,0
85407.22,20,0,0,0,1,1,0,0,1
13528.09,40,0,0,0,0,0,0,0,0
46186.52,40,0,0,8,1,1,0,0,1
27454.69,20,0,0,33,0,0,0,0,0
6774.19,0,0,1,9,1,0,0,1,1
70175.39,0,0,0,31,0,0,0,0,1
35104.4,0,0,0,35,0,0,0,0,0
55805.55,0,0,1,38,0,0,1,0,1
75240.95,0,0,0,10,0,1,0,0,0
61321.0,20,0,1,28,0,0,0,0,1
19943.09,0,0,0,0,0,0,0,0,0
84227.68,0,1,0,28,0,0,0,0,1
70337.47,0,1,0,2,0,1,1,0,1
39773.59,0,1,0,7,0,0,0,1,1
82223.42,20,1,0,29,0,1,1,0,1
3713.33,40,1,1,10,1,1,0,0,1
36753.04,20,0,0,13,0,1,1,1,1
99411.98,0,0,0,1,0,0,0,1,0
54911.76,0,0,0,15,1,1,0,0,1
46965.12,0,0,0,19,0,0,1,0,0
51867.59,0,0,1,31,0,0,0,1,1
55711.45,0,0,0,38,0,0,0,0,1
25435.51,0,0,1,14,1,0,0,1,1
53379.7,0,1,0,5,1,0,0,0,1
32452.93,20,0,0,18,0,0,0,0,0
38502.51,0,0,0,22,0,1,0,0,0
74199.59,20,0,0,9,0,0,0,0,0
71263.37,0,0,0,17,0,0,1,0,0
75398.0,20,0,0,39,0,1,0,0,1
56515.62,0,0,0,13,0,0,0,0,0
69744.93,20,0,0,8,0,1,0,1,1
39930.16,0,0,0,26,0,0,0,0,0
53796.2,0,0,0,11,0,0,0,0,0
21478.03,0,0,0,18,0,1,0,1,0
28618.84,20,0,0,18,0,0,0,0,0
13654.62,20,1,0,0,0,0,0,0,0
93140.59,0,0,1,7,1,0,0,0,1
34829.21,0,0,1,2,0,1,0,0,0
48513.57,20,0,1,9,1,0,0,1,1
62650.5,0,0,0,25,0,0,0,0,0
50315.42,20,0,0,5,0,0,0,0,1
90816.39,0,0,0,11,0,1,0,0,1
71976.77,20,0,0,2,1,1,0,0,1
56517.23,0,0,0,8,1,0,1,1,1
23735.32,20,1,0,22,0,1,0,1,1
2738.32,0,0,0,10,0,0,0,0,0
82939.48,0,0,0,3,0,0,0,0,0
87533.85,0,0,0,0,0,0,0,0,0
13860.85,20,1,0,27,0,0,0,0,0
39896.61,0,0,0,24,0,1,0,0,1
27188.13,0,0,0,25,0,1,0,0,0
5982.17,0,1,0,11,0,0,0,0,0
91720.79,20,1,0,2,0,0,0,1,1
78730.88,40,1,0,2,0,0,0,0,1
75643.61,0,0,0,32,0,0,0,0,1
16461.63,40,0,0,37,0,0,0,0,1
19807.75,0,0,1,11,0,0,0,0,0
8345.56,0,0,1,39,1,0,0,1,1
59864.48,20,0,1,15,1,0,0,0,1
62469.41,20,0,1,32,0,0,0,0,1
83097.46,0,0,1,1,1,0,0,0,1
41211.53,0,0,1,18,0,0,0,0,0
30468.24,0,0,0,24,0,0,1,0,1
72894.43,0,1,0,25,0,0,1,0,1
68473.46,40,1,0,39,1,0,0,0,1
81948.19,20,0,0,8,0,1,0,1,1
91338.36,20,1,0,0,1,0,0,0,1
36770.65,0,0,0,27,0,0,0,0,0
52838.9,20,1,0,34,0,0,0,0,1
28208.5,20,1,0,22,0,0,0,0,1
87826.26,40,0,1,34,0,0,0,0,1
31571.63,0,0,1,11,0,0,0,0,0
43146.57,20,0,0,21,0,0,0,0,0
34016.22,20,0,0,3,0,0,0,0,0
75830.48,0,0,0,35,0,0,1,0,1
97371.44,40,0,0,27,0,0,0,0,1
11172.27,20,0,0,11,1,0,0,1,0
7907.46,0,0,0,14,0,1,0,0,0
37907.67,0,0,1,34,0,0,0,0,0
46610.54,20,1,1,12,0,0,0,0,1
18414.93,40,0,0,17,0,0,0,0,0
20520.37,0,0,0,19,0,1,0,1,0
55442.2,0,0,0,18,0,0,0,0,0
77761.04,0,1,1,2,0,1,0,1,1
7741.86,0,0,1,2,0,0,0,0,0
92043.3,20,1,0,27,0,0,0,0,1
61482.67,20,1,0,12,0,1,1,0,1
19310.33,0,0,1,40,0,0,0,0,1
5265.25,0,1,0,29,0,0,0,0,0
94914.36,0,1,0,14,0,0,0,0,0
72708.69,20,0,1,2,0,0,0,0,0
42456.88,0,0,1,38,0,1,0,0,1
35312.9,40,0,0,17,0,0,0,0,0
75157.06,0,0,1,11,1,0,0,0,1
21053.2,0,1,0,11,1,0,0,0,0
42353.48,0,0,0,21,0,0,1,0,0
14472.49,20,0,0,29,0,0,1,0,0
83466.24,40,1,0,24,1,0,0,1,1
5853.94,0,0,1,29,0,0,0,0,1
22734.84,0,0,0,31,1,1,0,0,0
73336.3,0,1,0,17,0,1,0,0,1
53485.29,20,0,0,4,0,0,0,0,0
51338.79,0,0,1,22,0,0,0,0,1
14614.03,20,0,0,18,0,0,0,0,0
34274.75,0,0,1,15,0,0,0,1,0
3223.67,0,0,0,21,0,0,0,0,0
17121.38,20,0,0,27,1,0,0,0,1
87326.59,0,0,0,17,0,0,0,0,0
22540.92,0,0,0,1,0,0,0,0,0
97771.46,20,0,0,40,0,0,0,1,1
4455.51,40,0,1,5,0,0,0,0,1
97960.31,0,0,0,5,0,0,0,1,0
85014.88,0,0,0,33,0,0,1,0,1
17323.1,20,0,0,2,0,0,0,1,0
3325.28,0,0,0,18,0,0,0,1,0
81666.53,0,0,0,13,0,1,0,0,0
72844.63,20,0,0,13,0,0,0,0,1
6747.94,40,0,0,37,0,1,0,0,1
82578.78,0,0,0,39,1,0,0,0,1
89108.67,40,0,0,24,0,0,0,1,1
12761.25,0,0,1,0,0,0,0,0,0
71717.15,0,0,0,16,1,0,0,1,1
65303.69,40,1,1,36,0,1,0,0,1
90993.7,0,1,0,31,1,0,0,0,1
94177.99,20,0,0,39,0,0,0,1,1
97402.73,0,0,0,23,0,0,0,0,1
5813.88,20,0,0,18,0,0,0,0,0
51343.63,0,0,0,17,0,0,0,0,1
82766.15,20,0,1,24,0,0,0,0,1
26110.41,20,1,0,14,0,1,0,0,0
84334.3,0,0,0,36,0,0,0,1,1
71866.9,0,0,1,19,0,1,1,1,1
40338.14,0,0,0,0,0,1,0,0,0
68334.25,20,0,0,5,1,0,0,0,1
7856.6,0,0,0,31,1,0,0,0,0
99357.25,0,0,0,31,0,0,0,0,0
30797.08,0,0,1,33,0,0,0,0,1
4557.68,20,0,0,10,1,0,0,0,1
90258.18,0,0,0,1,0,0,0,0,0
19113.34,0,0,0,14,0,0,0,0,0
29417.13,0,0,0,15,0,0,0,0,0
26245.94,20,0,1,4,0,0,1,1,1
5213.2,0,0,0,18,0,0,0,0,0
37599.57,20,0,0,37,0,1,0,1,1
90135.75,20,0,0,19,0,0,0,0,1
1867.48,0,0,0,14,0,0,0,1,0
5447.26,20,0,0,31,0,1,0,0,0
42578.43,20,0,0,3,0,0,0,1,0
47189.22,0,1,0,4,0,0,0,0,0
81925.26,0,0,0,22,0,0,0,0,0
55929.49,20,1,0,17,0,0,0,1,1
56189.81,0,0,0,28,0,1,0,1,1
31579.76,0,0,0,39,0,0,0,1,1
84609.45,0,1,0,21,0,0,0,0,1
56496.61,0,0,0,19,0,0,0,0,0
71640.39,0,0,0,6,1,0,0,0,0
77705.05,40,0,0,13,0,0,1,0,1
64042.23,20,0,1,25,0,1,0,0,1
30644.96,0,1,0,22,0,0,0,0,0
83135.25,0,0,0,7,0,0,0,0,0
84500.61,0,0,0,25,0,1,0,0,1
95548.16,20,0,1,17,1,0,0,0,1
32255.56,0,0,1,11,0,0,0,0,1
82013.23,0,0,0,18,0,1,0,0,1
93781.64,0,0,1,5,1,0,0,0,0
97027.57,0,0,0,19,0,0,0,0,1
48743.9,0,0,0,13,0,0,0,0,0
88320.01,0,0,0,15,0,0,0,0,0
35415.98,0,0,1,4,0,0,0,0,0
64068.49,0,0,0,22,0,0,0,1,0
27161.65,0,1,0,20,0,0,0,0,0
2375.23,0,0,1,23,0,0,0,1,1
25437.04,0,1,1,28,1,0,0,0,1
88382.89,0,1,0,12,0,0,0,0,1
82236.43,20,0,1,12,1,0,0,0,1
84301.0,20,0,0,35,1,0,0,1,1
26626.79,40,0,1,25,0,1,1,0,1
63794.43,0,0,0,22,0,1,0,1,1
88425.72,20,1,1,37,1,0,0,0,1
47166.52,20,0,0,32,0,0,0,1,1
96834.18,40,0,0,25,0,0,0,0,1
82803.18,0,0,0,25,1,0,0,0,1
39811.98,20,0,1,35,1,0,0,1,1
11306.75,20,0,1,11,0,0,0,0,1
96940.64,40,0,0,21,0,0,0,0,1
44570.76,0,0,0,14,0,0,0,0,0
22803.73,40,1,0,26,0,0,0,0,1
66124.77,20,0,0,8,1,0,0,0,1
49691.81,0,0,1,15,0,0,0,0,0
87888.97,40,0,0,34,0,0,0,0,1
78269.36,0,1,0,15,0,0,0,0,1
60743.98,0,0,1,19,0,1,0,1,1
25841.87,0,0,0,16,0,0,0,0,0
23912.26,0,1,0,38,1,0,0,0,1
26254.9,0,0,0,29,1,0,1,0,0
43957.7,20,0,0,0,0,0,0,0,0
46053.19,0,0,1,11,0,0,1,1,1
55803.0,40,1,0,6,0,0,0,0,1
44739.08,20,0,0,11,1,0,0,1,1
87128.13,0,0,0,21,0,0,0,0,0
11275.88,0,0,1,13,0,0,0,0,0
19693.56,0,0,0,35,0,1,0,1,1
57431.39,0,0,0,30,0,0,0,0,0
94305.23,20,1,0,9,0,0,0,0,1
3714.24,20,1,1,32,0,0,0,0,1
95361.75,40,0,1,21,0,0,0,1,1
75123.03,0,0,0,37,0,0,0,0,0
7367.25,0,0,0,27,0,0,0,0,0
8918.81,0,0,1,9,0,0,1,0,0
75695.14,0,0,0,40,0,0,0,0,1
19093.04,0,0,0,2,0,0,0,0,0
35242.28,20,0,0,22,0,0,0,0,0
22861.05,0,0,0,3,0,0,0,1,0
94755.72,0,0,0,5,1,0,0,0,1
22891.36,40,0,0,14,1,0,0,0,1
62893.97,0,1,1,22,0,0,0,1,1
78475.97,0,0,1,11,0,0,0,0,1
31716.47,0,1,0,36,0,1,0,1,1
57258.66,0,0,1,16,0,0,0,0,0
61212.76,0,0,0,26,0,0,0,1,1
86617.7,0,1,0,37,0,0,0,1,1
53263.14,0,0,0,16,0,0,0,0,0
52128.34,0,1,0,1,0,0,1,0,1
75451.37,0,0,0,27,0,1,0,0,1
27403.01,40,1,1,17,0,0,0,1,1
13039.31,20,0,0,8,0,0,0,0,0
55919.22,0,0,0,10,0,1,0,1,1
75090.45,20,0,0,31,0,0,1,1,1
28056.15,20,0,0,19,0,1,0,1,0
99028.14,0,0,0,3,0,0,0,1,1
70313.6,20,0,0,0,0,0,1,0,0
41322.09,0,0,0,16,0,0,0,0,0
94903.88,0,0,1,5,0,0,0,0,0
25337.13,0,0,1,31,0,0,0,0,1
96191.83,0,0,1,32,0,0,0,0,1
71166.35,0,0,0,31,0,1,0,0,1
43351.38,0,0,1,38,0,0,0,0,1
42812.97,0,0,0,13,0,0,0,0,0
56503.56,0,1,0,27,0,0,0,0,1
80298.77,0,1,0,15,0,0,0,0,1
64127.9,0,0,0,39,0,0,0,0,1
93436.65,0,0,1,22,0,0,0,0,1
6273.92,40,0,0,1,1,1,0,1,1
99303.96,0,0,1,26,0,0,0,0,1
73222.19,0,0,1,22,0,0,0,0,1
59886.97,0,0,1,9,0,0,0,0,0
99945.24,0,0,0,35,0,1,0,0,1
75823.04,0,0,0,36,0,1,1,0,1
32724.07,20,0,1,4,0,0,0,0,1
16972.78,40,0,0,14,0,0,0,0,0
86269.57,0,0,0,11,0,1,0,1,1
89760.41,40,0,0,35,0,0,0,0,1
24376.99,0,0,1,20,0,0,0,0,0
81502.28,0,1,0,16,0,0,0,0,1
35885.35,0,0,1,30,0,0,0,0,0
68939.09,40,0,0,27,0,0,0,0,1
35934.1,0,0,1,25,0,0,0,1,0
43519.01,0,1,0,9,0,0,0,0,0
82347.88,20,0,0,30,1,0,0,0,1
96077.45,0,1,0,10,0,0,1,0,1
65421.82,0,0,0,24,0,0,0,0,0
54208.65,0,0,0,27,1,1,1,0,1
12273.28,20,0,0,29,0,0,0,1,1
28256.84,20,0,0,33,0,1,1,1,1
83818.03,0,0,0,11,0,0,0,0,0
39853.05,0,0,0,23,0,0,0,0,0
51514.18,0,1,1,18,0,0,0,0,1
55477.26,40,1,0,23,0,0,0,0,1
7321.43,20,0,0,29,0,0,0,0,1
27788.29,0,1,0,26,0,0,0,0,0
54587.53,20,0,1,32,0,1,0,0,1
9557.81,20,0,0,1,1,0,0,0,0
72036.67,0,1,1,37,1,0,0,0,1
37299.13,0,0,1,22,0,0,0,1,0
18141.3,40,0,0,35,0,0,0,1,1
48183.17,0,0,0,11,1,1,1,0,1
9456.19,20,0,0,7,0,0,0,0,0
56014.64,0,0,1,5,0,0,0,1,1
94177.4,0,0,1,29,0,0,0,0,1
78086.31,0,0,0,40,0,0,0,0,1
2394.41,20,1,0,3,0,0,1,0,0
61563.7,0,0,1,16,0,0,0,0,1
67728.05,40,1,1,32,0,1,0,0,1
43949.4,0,0,1,35,0,0,0,0,0
59954.45,40,0,0,19,0,0,0,0,1
57357.78,20,0,0,26,1,1,0,0,1
16376.05,0,0,0,22,0,1,0,1,0
20010.7,0,1,0,28,1,0,0,0,0
29418.69,0,0,1,11,1,0,0,0,0
56696.05,0,0,0,3,0,1,0,1,1
3011.62,40,0,1,15,0,0,1,0,1
33781.45,0,0,0,10,0,0,0,0,0
56080.11,0,0,0,23,0,0,0,1,0
64690.14,20,0,0,34,0,0,0,0,1
21588.95,0,0,0,31,1,0,0,0,0
95633.68,0,1,0,17,0,1,0,0,1
17209.86,40,0,0,16,0,0,1,0,0
37844.51,0,0,0,35,0,0,0,0,1
23304.25,0,0,1,7,0,0,1,0,0
26220.78,0,0,0,1,0,0,1,1,0
39268.91,0,1,0,13,0,0,0,0,0
94596.48,0,0,0,27,1,0,0,0,1
83031.47,0,0,0,18,0,0,1,1,0
47920.93,0,0,0,5,0,0,0,0,0
54595.68,20,0,0,3,0,0,1,0,1
8193.1,20,0,0,9,0,0,0,0,0
5142.92,0,0,0,32,0,0,1,0,0
17659.92,0,1,0,36,1,0,0,0,1
73802.43,20,0,0,13,0,0,0,0,0
39675.8,0,0,0,3,0,1,0,0,0
76656.8,0,1,0,2,0,0,0,0,1
76077.62,40,1,0,20,0,0,0,0,1
18879.78,0,0,0,19,0,0,0,1,0
44938.12,20,0,0,10,0,0,1,0,0
93992.3,0,0,0,35,0,0,0,0,0
47061.82,0,0,0,36,0,0,0,0,0
46913.15,20,0,1,39,0,0,0,1,1
55482.09,0,1,1,11,0,0,1,0,1
4535.42,0,0,0,25,0,0,0,0,0
25221.94,20,0,0,15,0,0,0,0,0
44480.22,0,0,0,2,1,0,0,0,0
63376.31,40,0,0,22,0,0,0,0,1
81619.3,0,0,0,37,0,0,0,1,1
39374.28,0,0,1,8,0,0,1,1,1
50418.02,0,1,0,18,0,0,0,0,1
28979.07,0,0,0,32,0,0,0,0,0
73218.34,20,0,0,40,0,0,0,0,1
62284.84,0,0,0,38,0,0,1,0,1
17296.33,0,0,1,34,0,0,0,0,0
43683.72,0,0,0,18,0,0,0,0,0
94043.62,20,0,1,24,0,0,0,1,1
80378.69,0,0,1,15,0,1,0,0,1
40487.93,0,0,1,19,1,1,0,0,0
44967.07,0,0,0,18,0,0,0,0,0
2673.69,0,1,0,9,1,0,0,0,0
55765.37,0,0,0,40,1,1,0,0,1
8083.52,0,0,0,18,1,1,0,0,0
4255.84,0,0,0,28,0,0,0,1,0
85782.02,40,0,0,39,1,1,0,0,1
86163.95,0,0,0,14,0,0,0,0,1
26899.73,20,0,0,30,1,0,0,0,1
43803.42,0,0,0,18,1,0,0,0,0
81957.86,0,0,1,24,1,0,0,0,1
771.25,0,0,0,23,0,0,0,0,0
78884.25,0,1,1,14,0,0,0,0,1
41113.87,0,0,1,12,0,0,1,1,1
67322.3,0,1,0,26,1,0,0,0,1
48625.28,20,0,0,28,0,0,0,0,0
11741.95,0,0,1,33,0,0,0,0,0
75324.35,0,0,0,3,0,0,0,0,0
25799.58,0,0,0,6,0,1,0,1,0
5401.73,0,0,0,11,1,1,0,0,0
36034.37,20,0,0,24,1,0,0,0,0
52605.12,0,0,0,11,0,1,0,1,0
15261.15,20,0,0,8,0,0,1,0,0
13702.94,0,0,1,3,0,0,0,0,0
19951.62,0,0,0,23,0,1,0,0,0
39858.01,0,0,1,11,0,0,0,0,0
65024.83,0,0,0,25,1,0,0,0,1
84670.64,0,0,0,30,0,0,0,0,0
85065.25,20,1,0,7,0,0,0,0,1
277.99,0,0,0,29,0,0,0,0,0
65882.34,20,0,0,30,0,0,0,1,1
42821.41,20,0,0,27,0,0,0,0,1
35008.55,0,0,0,0,0,0,0,0,0
12205.93,0,1,0,6,1,0,0,0,0
13785.93,0,0,0,32,1,0,0,0,0
88002.33,0,0,0,29,1,0,0,0,0
11410.38,40,1,0,11,0,0,0,0,0
99414.82,0,0,1,5,0,0,0,0,0
78063.73,0,0,0,7,1,0,1,0,1
30885.77,20,0,0,4,0,1,0,1,1
56501.26,0,0,0,35,0,0,0,0,0
49028.38,0,0,0,2,0,0,0,1,0
79548.47,0,0,0,40,0,1,0,0,1
91832.65,0,1,0,16,0,1,0,1,1
39384.73,0,0,0,9,0,0,0,0,0
66084.0,0,0,0,20,0,0,0,0,0
36797.45,20,0,1,7,0,0,0,0,0
55628.74,0,0,0,4,0,0,1,0,0
95177.23,40,0,0,4,1,0,0,0,1
15468.12,0,1,0,33,1,0,0,0,1
20190.49,0,0,0,36,0,1,0,1,0
96289.46,0,1,1,12,0,0,0,0,1
56610.5,0,0,0,11,0,0,0,1,0
36567.77,20,0,0,26,0,1,0,1,1
30069.96,0,0,0,14,0,0,0,0,0
23792.55,0,0,0,18,1,0,0,0,0
1793.17,0,0,0,8,0,0,0,0,0
89222.57,20,1,0,6,0,0,0,0,1
95541.76,40,1,0,30,0,0,0,0,1
22009.46,40,0,0,28,0,0,0,1,1
5890.33,0,0,0,17,0,0,0,0,0
20768.31,0,0,0,38,0,0,0,0,0
88596.23,20,0,0,37,0,0,0,0,1
76165.59,0,0,0,3,0,0,0,0,0
38930.78,0,0,0,33,0,0,0,0,0
35346.65,20,0,0,18,0,0,0,0,0
73378.08,0,0,0,21,1,0,0,0,0
57055.71,0,0,0,37,0,0,0,0,0
27282.44,20,0,0,30,0,0,0,0,1
79099.14,0,0,0,17,1,1,0,0,1
60757.26,0,0,1,37,0,1,0,0,1
75882.08,0,0,1,12,0,0,1,0,1
10130.33,0,1,1,30,0,0,0,0,1
76025.17,20,1,1,1,0,0,0,0,1
98881.21,20,0,0,18,0,0,0,0,1
94018.8,0,1,0,34,0,0,0,1,1
39733.62,0,0,0,27,0,1,0,1,1
75660.35,0,0,0,18,0,1,0,0,0
44838.54,20,0,0,32,0,0,0,0,0
9902.78,0,1,0,32,0,0,0,1,0
79070.84,0,0,0,38,0,0,0,0,1
18226.25,0,0,0,6,0,1,0,0,0
12586.49,0,0,0,37,0,0,1,0,0
8324.68,0,0,1,20,0,0,0,0,0
35656.16,0,1,0,16,0,0,0,0,0
28161.45,0,0,0,30,0,0,0,0,0
50451.31,0,0,1,37,0,0,0,0,1
44040.46,0,0,0,29,0,0,0,0,0
9467.05,0,0,0,19,0,0,0,0,0
91487.45,0,0,1,35,0,0,0,0,1
1573.66,0,0,1,22,0,0,0,1,1
25556.47,20,1,0,8,0,0,0,1,1
4858.25,0,0,0,19,0,0,1,0,0
51792.34,0,0,0,23,0,0,0,0,1
8861.75,0,0,0,38,0,0,0,1,0
64189.0,40,0,1,40,0,1,0,0,1
61948.93,0,0,0,22,0,0,0,0,1
70825.67,0,0,0,37,0,0,0,0,1
37004.83,0,1,0,10,0,1,0,0,0
63567.08,20,0,1,18,0,0,0,0,1
57439.37,0,0,0,17,0,0,0,0,0
32368.63,0,1,0,23,0,0,0,0,1
13939.12,20,0,0,31,0,0,0,0,0
3781.49,0,0,0,22,0,0,0,1,0
21571.59,20,0,1,34,0,0,0,0,1
55184.93,0,0,0,33,0,0,0,0,1
92946.06,0,0,1,6,0,0,1,0,1
98006.52,0,0,1,28,0,0,0,0,1
19550.43,0,0,0,12,0,0,1,0,0
70358.91,20,0,0,13,0,0,0,0,0
62528.03,0,0,0,34,0,1,0,0,1
78627.72,0,0,0,27,0,0,0,1,0
79359.94,20,0,1,13,0,0,1,0,1
6887.16,40,1,0,7,0,0,0,0,1
45131.56,0,0,0,37,0,1,0,0,1
83079.51,20,0,0,30,0,0,0,1,1
41409.71,40,0,0,26,1,1,0,1,1
33965.98,20,0,1,39,0,0,0,0,1
24921.75,0,0,0,6,0,0,0,0,0
74343.03,0,0,0,7,0,0,0,0,0
90011.77,20,1,0,18,0,1,0,0,1
25297.68,0,0,0,1,0,0,0,0,0
70279.84,0,0,1,31,0,0,1,0,1
27751.45,0,0,0,32,0,0,0,0,0
30628.19,0,0,0,30,0,0,0,0,0
48025.19,0,0,0,21,0,0,0,0,0
67145.82,0,0,1,7,1,0,0,1,1
23798.5,20,0,0,39,0,0,1,0,0
73817.0,0,0,1,28,1,1,0,0,1
5422.88,0,0,0,4,0,0,0,0,0
49097.03,0,0,0,18,0,0,0,0,0
89617.92,0,0,0,40,0,0,1,0,1
3540.5,0,0,0,20,0,0,0,0,0
21231.6,0,1,0,24,0,1,0,0,0
18240.74,40,0,0,17,0,0,0,1,0
44493.5,0,0,1,32,0,1,0,0,1
72809.6,40,0,1,21,1,1,0,0,1
59829.14,0,1,0,25,0,0,0,0,1
48881.59,0,1,0,12,0,0,0,0,0
90792.37,0,0,0,33,0,0,0,0,0
16302.13,0,1,1,25,0,0,0,1,1
43052.97,0,0,0,15,0,0,0,1,0
66291.91,20,1,0,22,1,0,0,0,1
22408.37,0,0,0,6,0,0,0,0,0
92110.46,0,0,0,37,0,1,0,1,1
57054.75,20,0,1,38,0,0,0,1,1
33031.49,0,0,0,12,0,0,0,0,0
14993.31,0,0,0,8,0,0,0,0,0
97950.58,40,1,1,30,0,0,0,0,1
50012.64,20,0,0,6,0,0,0,0,0
62803.06,20,0,0,6,1,0,1,0,1
82791.01,0,0,0,8,1,0,0,0,0
525.56,0,0,0,20,1,1,0,1,0
15701.33,0,1,0,2,1,0,0,0,0
21207.64,20,0,0,2,0,1,0,1,0
11515.26,20,0,0,28,0,0,0,0,0
14304.04,0,1,0,19,1,0,0,0,1
96486.41,0,0,0,25,0,0,1,0,1
51770.88,20,0,0,32,1,1,0,0,1
11770.29,0,0,0,40,0,0,1,0,1
36925.93,20,1,0,30,1,0,0,0,1
18479.7,0,1,0,20,0,0,1,0,0
4333.15,20,0,0,23,0,0,0,0,0
21311.52,0,0,0,24,0,0,0,0,0
92845.39,0,0,0,22,1,0,0,0,1
54747.68,40,0,1,15,0,0,0,0,1
10435.82,0,1,0,36,0,0,0,1,1
40818.77,0,0,0,40,0,0,0,0,0
46323.27,20,0,0,19,0,0,0,0,0
78549.54,0,0,0,27,0,0,0,0,0
66780.58,0,0,0,38,0,0,0,0,0
71272.42,0,0,1,34,1,0,0,0,1
85632.24,0,0,0,8,0,0,0,0,0
14336.87,0,0,0,33,0,1,0,0,0
1270.79,0,0,0,0,0,0,0,0,0
84514.52,40,0,0,20,1,0,0,0,1
78212.21,0,0,0,23,0,0,0,0,0
48652.99,20,1,0,9,1,0,0,0,0
31895.51,0,0,0,12,0,1,0,0,0
69752.73,20,1,0,40,0,0,0,1,1
14425.46,0,0,1,23,0,0,0,0,0
9549.74,0,0,0,26,0,0,0,0,0
93972.11,20,1,0,27,0,1,0,0,1
18651.72,0,1,0,9,0,0,0,1,0
91808.09,0,0,0,0,0,0,0,0,0
1268.84,0,0,0,13,1,0,0,0,0
68685.44,0,0,0,23,0,0,0,0,0
13469.38,40,0,0,0,0,1,0,0,1
16395.53,0,0,0,10,0,0,1,0,0
62249.05,40,0,0,29,0,0,0,0,1
25811.89,0,0,0,36,0,1,0,1,1
63164.09,0,0,1,8,0,0,0,0,0
4203.2,20,0,1,18,0,0,1,1,1
24194.95,20,0,1,14,0,0,0,1,0
10362.47,20,0,1,4,0,1,0,0,0
43001.47,0,0,0,2,0,0,0,0,0
65631.45,0,0,0,25,0,0,0,1,0
59266.79,0,0,0,30,1,1,0,1,1
35512.27,0,0,0,36,0,0,0,0,0
12505.0,0,0,0,4,0,0,0,0,0
15125.44,20,0,0,0,0,0,0,1,0
36821.66,0,0,0,36,0,0,0,1,0
73002.08,0,0,0,19,0,0,0,0,1
30731.68,0,0,1,9,0,0,0,0,0
67951.16,20,0,1,33,0,0,0,0,1
43330.64,0,0,0,4,1,1,0,0,0
37191.25,0,0,1,28,0,1,1,0,1
48447.69,0,0,0,10,0,0,0,0,0
35154.17,20,0,0,9,0,0,0,0,0
46085.36,0,0,0,26,1,0,0,1,0
44842.16,0,0,0,39,0,0,0,0,0
78283.36,20,1,1,38,0,1,1,0,1
79962.14,0,1,0,36,0,0,0,0,1
81935.73,0,0,1,19,0,0,0,0,1
28927.0,20,0,0,0,0,1,0,0,0
26574.74,0,0,0,25,0,0,0,1,0
6862.87,20,0,0,4,0,0,0,1,0
15789.36,0,0,0,34,1,0,0,0,0
34604.58,0,0,1,23,0,0,1,1,1
99547.03,0,0,0,6,0,0,0,0,0
12316.97,0,0,0,0,0,0,0,0,0
48068.33,0,1,0,3,0,0,0,0,0
92180.64,20,0,0,3,0,1,0,1,1
4595.47,0,1,0,30,0,0,0,0,1
39671.28,0,1,0,22,0,0,0,1,0
77226.34,0,0,0,5,0,0,0,0,0
65934.38,20,1,0,19,0,0,0,0,1
85925.2,0,0,1,6,0,0,0,0,0
71172.88,0,0,0,14,0,0,0,0,1
96618.96,0,0,0,11,0,0,1,0,0
74571.03,20,0,1,1,0,1,0,0,1
23955.57,40,0,0,17,0,1,0,0,1
18326.2,0,0,1,7,0,1,0,1,0
47634.9,20,0,1,20,0,0,0,0,1
14221.69,40,0,0,1,1,0,0,0,0
18360.54,20,0,0,12,0,0,0,1,0
92486.21,0,0,0,6,0,0,0,0,0
72066.39,40,0,0,14,0,0,0,1,1
23666.06,20,1,0,19,0,0,0,0,0
7571.95,20,0,0,2,0,0,0,0,0
5293.55,40,0,1,24,0,0,0,0,1
25999.7,40,1,0,31,0,0,0,0,1
46186.25,0,0,0,19,0,0,0,0,0
7723.98,0,0,0,37,1,1,0,0,0
96272.14,0,0,0,10,0,1,0,0,1
46903.76,0,0,0,36,0,0,0,0,0
41077.53,0,1,0,35,0,1,0,1,1
86118.37,0,1,0,8,0,0,0,0,1
7248.12,20,0,0,28,0,0,0,0,0
61152.55,0,0,0,28,0,0,0,0,1
87540.67,0,1,0,11,0,0,0,0,0
35545.94,0,0,1,2,1,0,0,0,0
83789.37,0,0,0,0,0,0,1,1,0
67229.8,20,0,0,35,1,0,0,1,1
28233.34,0,0,1,9,0,0,0,0,0
10024.21,40,0,0,9,0,0,0,1,1
33262.08,0,1,0,29,1,0,0,0,0
80582.3,0,0,1,15,0,0,0,0,0
99392.49,20,0,1,36,1,0,0,1,1
21650.93,0,0,1,5,0,0,0,0,0
90357.43,0,1,0,11,0,0,0,0,1
82228.38,0,0,0,3,0,0,0,0,0
33053.77,20,0,0,29,0,0,0,1,1
71898.33,0,0,0,20,1,0,0,1,1
62284.72,20,0,1,39,1,0,0,1,1
41244.69,40,0,0,13,0,0,0,0,1
18925.44,0,0,0,8,0,0,0,0,0
54780.83,0,0,0,28,0,0,0,1,0
43741.49,0,0,0,30,0,0,0,0,0
60957.01,0,0,0,4,0,0,0,1,0
54560.45,20,0,0,30,0,0,0,0,1
40286.27,20,1,0,35,0,0,0,0,1
27648.36,0,0,0,28,0,0,0,0,0
52135.16,0,0,0,22,0,0,0,0,1
64166.11,0,0,0,20,0,0,1,0,1
1108.74,0,0,0,12,1,0,0,0,0
1423.89,40,0,1,11,1,0,0,0,1
96691.84,0,0,0,18,0,0,0,0,0
63608.52,20,0,0,14,1,0,0,0,1
72256.47,20,0,0,21,0,1,0,0,1
31823.98,0,0,0,4,0,0,0,1,0
4275.4,0,1,1,22,0,0,1,0,1
22130.36,20,0,1,19,1,0,0,0,0
11244.57,20,0,0,5,0,1,0,0,0
95081.91,20,0,0,37,0,1,1,0,1
74439.16,20,0,1,39,0,0,1,0,1
33466.78,0,0,0,11,0,0,0,1,0
86047.53,20,0,0,6,0,1,0,0,1
3761.83,0,0,1,32,0,0,0,0,0
42544.61,20,0,0,11,0,0,0,0,0
56056.09,20,1,1,4,0,0,0,0,1
65690.73,20,0,0,13,0,0,0,0,0
42115.72,0,0,0,33,0,0,0,0,0
97523.55,0,0,1,30,0,1,0,0,1
97405.04,40,0,0,14,0,0,0,0,1
27494.71,0,0,0,4,0,0,0,0,0
77216.19,0,0,1,36,0,0,0,1,1
49001.47,40,0,0,7,0,0,0,0,0
55981.29,0,0,0,23,1,0,0,0,0
62090.77,0,0,0,1,0,0,0,0,0
18022.4,20,0,0,12,1,0,0,0,0
24951.47,0,1,0,10,0,0,0,0,0
52497.6,20,0,0,2,0,0,0,0,0
5079.29,20,1,0,24,0,0,1,0,1
37293.45,0,0,0,38,0,0,1,0,0
99688.98,0,1,0,37,0,0,0,0,1
88179.01,0,0,1,10,0,0,1,0,1
64940.15,0,0,0,33,1,0,0,0,1
93425.31,0,0,0,7,0,0,1,1,0
40131.96,0,0,0,22,0,0,0,0,0
27456.58,20,0,1,33,0,0,0,0,0
41510.55,0,1,0,10,0,0,1,0,0
7607.17,0,0,0,23,0,0,0,1,0
63035.09,0,0,0,19,0,0,0,0,0
87305.41,0,1,0,13,0,0,1,0,1
49507.12,0,0,0,11,0,0,0,1,0
58911.48,20,0,0,11,0,1,0,0,0
96430.27,0,0,0,38,0,0,0,0,0
68836.08,20,0,0,30,1,0,0,1,1
25759.45,0,0,0,26,0,0,0,1,0
32478.58,0,0,0,35,0,0,0,0,0
39836.41,0,0,0,40,0,0,0,0,0
2043.07,20,0,1,33,0,0,0,0,1
53903.69,0,1,0,27,0,0,0,0,1
68468.87,0,0,0,40,0,0,0,0,1
79670.16,40,0,1,32,0,1,0,0,1
39608.67,0,0,0,3,0,0,0,1,0
56246.91,20,1,0,19,0,0,0,1,1
95675.92,0,0,0,23,1,1,0,0,1
15805.53,20,0,0,10,1,0,0,0,0
48234.94,0,0,1,2,0,0,0,0,0
4200.26,20,0,0,19,1,0,0,0,0
93446.47,0,1,0,31,1,0,0,0,1
76441.81,0,0,0,14,0,0,0,0,0
73636.09,0,0,0,5,0,0,0,0,0
53041.59,20,0,0,14,0,1,0,0,1
10316.57,0,0,0,1,0,0,0,0,0
2397.65,0,0,0,15,1,0,0,0,0
40902.14,0,1,0,30,1,0,0,0,0
23834.0,0,0,0,5,0,0,0,0,0
98052.45,0,0,1,11,0,0,0,0,1
66337.61,0,1,0,30,0,0,0,0,1
16564.57,20,1,0,16,0,0,0,0,0
78679.52,40,0,0,32,1,0,0,1,1
18569.65,20,0,0,12,1,0,0,0,0
73644.03,0,0,0,21,0,0,1,0,1
18808.35,20,0,0,24,0,0,0,0,0
80499.71,0,0,0,39,0,0,0,0,0
19928.44,0,0,1,34,0,0,0,0,0
28057.31,0,1,0,10,0,0,0,0,0
12282.11,0,1,1,14,0,1,0,0,0
74467.94,0,0,0,21,0,0,0,0,0
58390.44,0,0,0,37,1,0,0,0,1
43210.68,20,1,0,26,0,0,0,0,0
54124.92,0,0,0,13,0,1,1,0,1
17772.55,0,1,0,24,1,0,0,1,1
47932.37,0,1,0,9,0,0,0,1,0
20255.96,40,1,0,0,1,0,0,0,1
5861.25,0,0,0,15,0,0,0,0,0
78468.03,0,0,0,22,0,0,0,0,1
100.98,0,0,0,29,1,0,0,1,0
2971.17,0,0,0,37,0,0,0,1,0
28010.41,20,1,0,11,1,0,0,0,0
7993.61,40,0,0,16,1,0,0,0,1
26748.81,0,0,0,29,0,0,0,0,0
55492.39,20,0,1,28,0,0,0,0,1
74557.33,0,0,0,29,0,0,0,0,0
86877.58,40,0,0,5,0,0,0,1,1
98396.86,0,0,0,40,0,0,0,0,1
45339.69,0,0,0,30,0,0,0,0,0
61511.15,20,0,1,7,0,0,0,0,1
82537.42,20,0,0,13,0,0,0,0,1
78039.56,0,0,1,29,0,0,0,0,1
8420.18,20,1,0,12,0,0,0,0,1
46091.65,40,0,0,32,0,1,0,0,1
42225.9,0,0,1,37,0,1,1,0,1
5010.46,0,0,0,31,0,0,0,1,0
26144.28,0,0,0,35,0,0,0,0,0
18949.0,40,1,0,0,0,0,0,0,0
9143.45,0,0,0,17,0,0,0,0,0
1326.29,0,0,1,33,0,1,0,0,1
31279.73,0,0,0,39,0,0,0,0,1
75330.77,20,0,1,15,0,0,1,1,1
1982.23,20,1,0,13,1,0,1,1,1
66653.62,0,0,0,17,0,0,0,1,1
99545.3,0,0,0,14,0,0,0,0,0
29045.87,20,0,0,14,0,0,0,1,0
55408.95,0,0,0,40,1,0,0,0,1
99183.43,0,0,0,31,0,0,0,0,0
99584.58,0,1,0,36,0,0,0,0,1
47279.54,20,0,0,11,0,0,0,0,0
46148.46,20,0,0,25,0,0,0,0,0
69138.29,0,0,0,19,0,0,0,0,1
46364.74,20,1,0,27,1,0,0,1,1
93882.8,0,0,0,30,0,0,0,0,0
35330.63,40,0,1,18,0,0,1,0,1
71600.58,0,0,0,24,0,0,0,1,1
98429.66,0,0,0,40,0,0,0,0,1
49727.82,0,0,0,23,0,0,0,0,0
66997.68,0,0,0,7,0,1,0,0,0
76577.13,40,1,0,4,0,1,0,1,1
90586.78,40,0,0,10,0,0,0,0,1
29457.97,0,0,0,27,0,0,0,1,0
99920.43,0,0,0,23,0,1,0,0,1
73409.85,0,0,0,21,1,0,0,0,1
92315.97,0,0,0,7,1,1,0,0,1
63801.55,40,0,1,7,0,0,0,0,1
90145.82,0,0,0,17,1,1,0,0,1
45310.68,0,0,0,13,0,0,0,0,0
41573.91,0,0,1,1,0,0,0,0,0
1759.79,0,0,0,20,0,0,0,1,0
17477.37,20,0,0,24,0,0,0,0,1
40245.68,0,0,0,31,1,0,0,0,0
87000.79,20,0,0,3,0,0,0,0,0
40137.68,0,0,0,28,1,0,0,0,0
78127.1,0,0,0,0,0,0,1,1,1
73789.17,40,0,1,3,0,0,0,0,1
99003.5,20,0,0,2,0,0,1,0,0
92847.1,0,0,0,28,0,0,0,0,1
39774.68,0,0,1,19,0,1,0,0,0
83379.65,0,0,0,19,0,0,0,1,0
49902.17,0,0,0,28,0,0,0,0,0
73566.68,0,0,1,7,0,0,0,0,1
39250.44,20,0,1,1,0,1,0,0,0
93127.55,0,1,0,37,0,0,0,1,1
2642.22,40,0,0,30,0,0,0,1,1
41292.24,20,0,1,31,0,0,0,0,1
42683.74,0,0,0,15,1,0,0,0,0
29129.84,0,0,0,25,0,0,0,0,0
81953.97,0,0,1,32,0,1,0,0,1
83878.14,20,0,0,33,0,0,0,0,1
52543.81,0,0,0,3,0,0,0,1,0
40345.76,0,0,0,0,0,0,0,0,0
13695.33,20,1,0,35,1,0,0,1,1
22121.42,0,0,0,28,1,0,0,1,0
70509.59,0,0,1,19,0,0,0,1,1
90294.38,0,0,0,0,1,1,0,0,1
8594.52,0,0,0,14,0,0,0,0,0
6654.25,0,0,0,1,0,1,0,0,0
40552.39,20,0,0,22,0,1,1,0,1
9446.76,40,0,0,25,0,0,0,0,1
4494.78,0,0,0,32,0,0,0,0,0
72583.64,20,0,0,28,0,0,1,0,1
24335.9,0,1,0,32,0,1,0,1,0
83114.5,20,0,0,34,1,0,0,0,1
89891.73,0,0,0,8,0,0,1,0,0
22960.31,0,0,0,26,0,1,0,1,0
76767.51,0,0,0,31,0,0,0,0,0
55828.27,40,0,1,17,1,0,0,0,1
19628.91,0,0,0,1,0,0,0,0,0
11339.74,20,0,0,9,0,1,0,0,0
23984.72,0,0,0,35,1,1,0,0,0
76773.6,0,0,0,27,0,0,0,0,0
46587.32,0,0,0,4,0,0,0,0,0
54287.63,0,1,1,8,0,0,0,0,1
51263.8,0,0,1,32,0,0,0,0,1
70886.84,0,0,0,12,1,0,0,0,0
76009.72,0,0,0,19,0,0,0,0,0
70213.23,0,1,0,4,0,0,0,0,1
51255.41,0,0,0,23,0,0,0,0,1
18456.54,0,0,1,1,1,0,0,0,0
78466.95,20,0,1,14,0,0,0,1,1
45680.89,0,0,0,7,1,1,1,0,0
13777.3,0,0,0,2,0,0,0,0,0
24892.0,0,0,0,27,0,0,0,0,0
61008.49,0,1,0,16,0,0,1,0,1
35033.36,0,0,0,24,0,0,1,1,0
55320.53,20,0,0,9,1,0,0,0,1
94109.5,0,1,0,10,0,0,0,0,0
65563.39,40,0,1,39,1,1,0,0,1
56630.61,0,0,0,7,0,0,0,0,0
20971.88,0,1,0,4,0,1,0,0,0
89548.57,0,0,0,21,0,0,0,0,1
88890.13,0,0,0,20,0,1,0,0,0
77897.17,0,0,0,16,0,0,0,1,1
62413.03,20,0,0,14,0,0,0,0,1
76450.17,20,0,0,6,0,1,0,0,0
20830.98,20,0,0,20,0,0,0,0,0
11958.84,0,0,0,36,0,0,0,0,0
33282.37,0,0,0,23,0,0,0,0,0
65684.11,20,0,0,39,1,0,0,0,1
48655.45,20,0,0,6,0,0,1,1,0
917.45,0,0,0,12,1,1,0,0,0
3246.17,20,1,0,1,0,0,0,0,0
54757.91,20,0,0,6,0,0,0,0,0
64925.51,0,0,1,24,1,0,0,0,1
21144.07,0,1,1,14,0,0,0,1,0
7095.9,20,0,0,1,0,0,0,0,0
44528.33,0,0,1,26,0,0,0,0,0
55899.2,0,0,0,40,0,0,0,0,0
69671.12,0,0,0,18,0,0,0,1,1
3574.98,0,0,1,29,1,0,0,0,1
75067.25,0,0,0,19,0,0,0,0,0
18988.17,0,0,1,26,0,0,0,1,0
49431.52,0,0,1,17,0,0,0,1,0
16541.35,20,0,0,30,0,0,0,0,0
31748.14,20,0,0,9,0,0,1,0,0
92490.23,0,0,0,20,0,0,0,0,1
74440.04,20,0,0,40,0,0,1,0,1
82230.25,0,0,0,36,0,0,0,0,1
29633.61,0,0,1,34,0,0,0,0,0
6474.04,0,0,1,40,0,0,0,1,1
22849.22,20,1,0,19,0,0,1,1,1
58966.31,0,1,1,0,1,0,0,1,1
68359.9,0,0,1,13,0,0,0,0,1
64046.7,0,0,0,8,0,0,0,0,0
77328.38,0,0,0,21,0,0,0,1,0
17153.44,0,0,1,19,1,0,0,1,1
7941.68,0,0,0,4,0,0,0,0,0
7316.02,0,0,1,25,0,0,0,0,1
83875.59,0,0,0,0,0,0,1,0,1
84514.0,0,0,0,26,1,0,0,1,1
67367.54,0,1,0,12,0,0,1,1,1
67664.91,20,0,0,21,0,0,0,1,1
98477.39,0,0,0,23,1,0,0,0,1
59439.71,0,0,0,14,1,1,0,0,1
3347.91,20,0,0,28,0,0,0,0,0
69348.77,0,0,0,39,1,0,0,1,1
70948.94,20,0,0,11,0,0,0,0,0
25810.43,0,0,0,40,0,0,0,1,0
54114.54,0,0,0,32,0,1,0,0,1
92935.15,0,1,0,9,1,0,1,0,1
41752.98,0,0,0,19,0,0,0,0,0
48417.09,0,0,0,27,0,0,0,0,0
81559.36,0,0,0,40,0,0,0,0,1
40996.72,0,0,0,5,0,0,0,0,0
22546.81,0,0,1,0,1,0,0,0,0
25645.49,20,1,0,6,0,1,0,0,1
11214.03,20,0,0,38,0,0,0,0,0
95945.96,0,0,0,14,1,0,1,0,1
34654.66,20,0,0,26,0,0,0,0,1
19552.0,0,0,0,16,0,0,0,0,0
16107.83,0,0,0,28,0,0,0,0,0
99578.3,0,0,0,38,0,0,0,0,0
23996.16,0,0,0,28,0,1,0,0,0
75648.24,0,0,0,26,0,0,0,1,1
33384.75,0,0,0,24,0,0,0,0,0
38367.71,0,0,0,29,0,0,0,0,0
48441.02,20,0,0,26,1,1,0,0,1
26200.41,20,0,0,19,0,0,0,0,0
11545.5,0,1,0,8,0,0,0,0,0
42863.69,40,0,0,35,0,0,0,0,1
28777.87,0,0,0,34,0,0,0,1,1
69429.84,0,1,0,20,1,0,0,1,1
56663.83,0,0,0,8,0,0,0,0,0
54854.77,20,0,1,33,0,0,1,0,1
59333.13,40,0,0,5,0,0,0,0,1
39398.48,0,1,1,9,0,1,0,0,1
88124.12,20,0,1,10,1,0,0,1,1
37187.08,20,0,1,32,0,0,0,0,1
18774.36,0,0,0,26,1,0,0,0,0
57256.62,0,0,0,4,1,0,0,0,0
20899.17,40,0,1,19,0,1,0,0,1
72184.4,0,1,1,31,0,0,0,0,1
61516.17,0,0,1,30,0,0,0,0,1
3303.37,0,0,0,17,0,1,0,1,0
82803.37,40,0,0,36,0,0,0,0,1
2205.91,0,0,0,10,0,1,0,0,0
37514.11,20,0,1,16,0,0,0,0,1
64355.25,20,0,0,27,0,0,0,0,1
93772.29,0,0,1,29,0,1,1,0,1
91272.94,0,1,0,29,1,0,0,0,1
32417.57,20,0,1,11,0,1,0,0,1
84054.71,0,0,0,1,0,0,0,1,0
95320.46,20,0,0,16,0,0,0,0,0
44944.77,20,0,0,25,0,0,0,0,1
73478.37,20,0,0,10,0,0,0,0,1
5446.13,0,0,0,30,0,0,0,0,0
36269.42,0,1,1,20,0,0,0,0,1
57550.54,0,0,0,19,0,1,0,1,0
65150.15,0,0,1,2,0,0,0,1,1
29084.44,0,0,0,31,0,0,0,0,0
20527.43,0,0,0,6,1,0,0,0,0
72133.8,0,0,1,17,0,1,0,0,1
65321.31,0,0,0,37,0,0,0,0,1
67889.79,0,0,0,6,0,0,0,0,0
6024.32,0,0,1,14,0,0,0,0,0
49666.62,40,0,0,24,1,0,0,1,1
41431.76,40,0,0,12,0,0,0,0,1
19106.6,40,1,0,32,0,0,1,1,1
21883.41,0,0,0,27,0,0,0,0,0
83414.86,0,0,0,37,0,0,0,0,1
62547.01,0,0,0,30,1,0,0,0,0
80337.34,0,1,1,25,0,0,0,0,1
15306.39,0,0,0,36,0,0,1,0,1
1907.05,0,1,0,6,0,0,0,0,0
39656.43,40,0,0,16,0,0,0,0,0
46437.03,0,1,0,11,0,1,0,0,0
58173.37,20,0,1,17,0,0,0,0,1
19890.21,0,0,0,16,0,0,0,1,0
54122.28,0,0,0,1,0,0,0,0,0
2880.18,0,0,0,9,1,0,0,0,0
66714.06,0,0,0,33,1,0,0,0,1
15727.36,20,0,0,14,0,1,0,0,0
87896.36,20,0,0,10,0,0,0,0,0
44433.45,0,0,0,20,1,0,0,0,0
79252.68,20,0,0,28,0,0,0,0,0
31887.41,40,0,1,22,1,0,0,0,1
62437.16,0,0,0,39,0,0,0,0,1
17347.41,20,0,0,18,0,0,1,0,1
6682.14,0,0,0,17,0,1,0,1,0
96577.84,20,0,0,18,0,0,0,0,1
20849.23,0,0,1,3,0,0,1,1,1
88695.96,40,0,0,4,0,0,0,1,1
10900.31,0,0,0,36,1,1,0,0,0
96309.7,0,0,0,25,0,1,0,0,1
70269.58,40,0,0,15,0,0,0,0,1
70100.41,20,0,0,39,0,0,0,0,1
98972.53,0,0,0,10,1,0,0,0,0
88996.83,20,0,0,25,0,0,0,0,1
49361.79,0,0,0,35,0,0,0,1,0
19338.27,0,0,0,25,0,0,0,0,0
11354.97,0,0,0,26,0,0,0,1,0
11419.72,0,0,0,36,0,0,0,0,0
40114.49,0,0,0,29,0,0,0,0,0
46302.28,0,0,0,34,0,0,0,1,0
2218.41,0,0,1,40,1,0,0,1,1
68076.86,0,1,0,39,0,0,1,0,1
51423.77,0,0,0,30,1,0,0,0,1
12457.79,40,0,0,16,0,0,0,0,1
93686.09,40,0,1,39,0,0,0,0,1
10286.02,40,0,0,27,0,1,0,0,1
50765.91,0,0,0,24,0,0,0,0,1
31399.06,0,0,0,12,0,0,0,1,0
85419.13,0,0,0,13,1,0,1,0,1
12714.38,40,0,0,6,0,0,0,1,1
6869.76,0,0,0,26,0,0,0,0,0
23718.06,0,0,0,39,0,0,1,0,0
80926.01,0,0,0,7,1,0,0,0,1
11929.71,40,0,0,7,0,0,0,0,0
27595.12,0,0,0,6,1,0,0,1,0
20226.92,0,0,0,33,0,0,0,0,0
15162.36,0,0,0,21,0,0,0,1,0
81295.43,0,0,0,16,1,0,0,0,1
2255.12,0,0,0,31,0,0,0,0,0
60174.19,0,0,0,37,0,0,0,0,1
13355.13,0,0,0,1,0,0,0,1,0
72726.46,20,0,1,29,0,0,0,0,1
7514.17,20,0,0,13,1,0,0,0,0
94994.52,0,0,0,24,1,0,0,0,1
38140.57,0,1,0,19,0,0,0,0,0
7716.53,0,1,0,23,1,1,0,0,0
64429.21,20,0,0,20,0,0,0,0,1
57078.78,20,1,1,8,0,0,0,0,1
56981.82,0,0,1,3,0,0,0,0,1
22559.9,20,0,0,24,1,1,0,0,1
36807.94,0,0,0,37,1,0,0,0,1
64659.26,0,0,0,15,0,0,0,1,0
72531.64,0,0,0,8,0,0,0,0,0
90559.14,0,0,0,9,0,0,0,0,0
42641.64,20,1,0,14,0,0,0,0,0
74240.08,0,0,0,26,0,0,0,1,1
15948.57,20,0,1,34,0,0,0,0,1
41841.64,0,0,0,7,1,0,0,0,0
59881.12,20,0,0,30,0,0,0,0,1
78610.25,20,0,0,13,1,0,0,0,1
88274.58,0,0,0,12,0,0,0,1,0
12747.3,0,0,0,13,0,0,1,0,0
63130.86,0,1,0,24,0,0,0,0,1
61891.74,0,0,1,1,0,0,1,0,1
80831.94,0,0,1,4,0,0,0,0,1
51354.44,0,0,0,28,0,0,0,0,0
3362.97,0,0,1,8,0,0,0,0,0
77033.96,0,0,0,1,0,0,0,0,0
44086.54,0,0,1,33,0,0,0,0,1
61476.56,20,1,0,26,0,0,0,1,1
53902.25,0,1,0,1,0,0,0,0,0
48011.89,20,0,0,4,0,0,0,0,0
83801.59,0,0,0,22,0,0,1,0,1
85685.16,20,0,0,22,1,0,0,0,1
59425.55,0,0,1,12,0,0,0,0,1
76898.21,20,0,0,21,0,1,0,0,1
36295.37,0,0,0,3,0,0,0,0,0
86996.29,0,0,0,5,0,0,0,0,0
31191.42,0,0,0,28,1,0,0,0,0
73503.37,0,0,0,20,0,0,0,0,0
27117.87,0,1,0,31,0,0,0,0,0
55417.79,20,0,0,20,0,0,1,0,1
47758.57,0,0,0,13,0,1,0,0,0
94152.59,0,0,0,37,0,0,0,0,0
67247.51,20,0,1,8,0,0,0,0,1
50105.63,0,0,1,18,0,0,0,0,1
79654.78,0,0,0,35,0,0,0,0,0
83126.07,40,0,0,23,0,0,0,0,1
87008.06,0,1,1,5,0,0,0,0,1
82616.09,0,1,0,13,0,0,0,0,1
26035.36,40,1,0,12,0,0,0,0,0
19486.38,0,0,1,34,0,0,0,0,0
32147.45,0,0,0,5,0,0,0,0,0
9258.26,20,0,0,12,1,1,0,0,0
54641.68,0,0,0,11,0,0,0,0,0
58535.11,0,0,1,28,1,0,0,0,1
58905.86,20,0,1,0,0,0,0,0,0
14268.04,0,0,0,15,0,0,0,0,0
91927.25,20,0,0,6,0,0,0,0,0
79616.65,0,1,0,12,0,1,0,0,1
37337.32,0,0,0,37,0,0,0,0,1
77078.6,20,0,0,25,0,0,0,0,0
92606.49,20,1,1,40,0,0,0,0,1
89670.31,0,0,0,14,0,0,0,0,0
39738.45,0,0,0,8,0,0,0,0,0
30697.03,0,0,0,36,0,0,0,0,1
27226.0,40,0,1,21,0,0,0,0,1
10950.27,20,0,0,28,1,0,0,0,1
15685.66,0,1,0,18,0,0,0,0,0
81823.14,20,0,0,24,0,0,0,0,1
90508.61,20,0,1,5,0,1,0,0,1
48547.44,40,0,1,6,0,0,0,0,1
16850.35,20,1,0,34,1,0,0,1,1
67067.95,0,0,1,25,0,0,0,0,1
42268.73,40,1,0,36,1,0,0,0,1
68060.53,0,0,0,19,0,0,0,0,0
55051.1,40,0,0,11,1,0,0,0,1
87887.47,0,0,0,38,0,0,0,0,0
63259.02,20,0,0,12,0,1,0,0,1
56895.01,0,0,0,29,0,1,0,1,1
19561.92,0,0,0,38,0,0,0,0,0
21507.4,0,0,0,40,0,0,0,0,0
91092.48,20,0,1,11,1,0,0,0,1
77594.56,40,0,0,33,0,0,0,0,1
32003.28,0,0,0,5,0,0,0,0,0
82167.61,0,0,0,23,0,1,0,1,1
16311.43,0,0,1,3,0,1,0,1,0
37640.44,0,0,1,4,0,0,0,0,0
96897.56,0,0,0,9,0,0,0,0,0
31919.54,0,0,0,36,0,0,0,0,0
51445.73,0,0,0,0,0,0,1,0,0
60484.48,0,0,0,32,0,0,0,0,1
73799.76,0,0,0,27,0,0,0,0,1
2222.82,0,0,0,29,1,0,0,0,0
63856.58,0,0,1,39,0,1,0,1,1
73788.99,0,1,0,27,0,0,0,1,1
58349.6,0,0,0,36,1,1,0,0,1
14457.44,20,1,0,38,0,0,0,0,1
96439.89,0,0,0,7,0,0,0,1,0
34546.93,20,0,0,4,0,0,1,0,0
90664.87,40,0,0,4,0,1,0,0,1
95990.88,0,0,0,13,0,0,1,0,0
60858.59,0,0,0,5,0,0,0,0,0
4058.83,20,0,0,22,1,0,0,0,1
68083.38,0,0,0,0,0,0,1,0,1
25393.05,0,0,1,12,0,0,0,0,0
96713.36,0,1,0,30,0,0,0,1,1
92599.86,20,0,0,26,0,0,0,1,1
41845.15,0,0,0,3,0,0,0,0,0
87949.87,40,0,0,2,1,0,0,1,1
78155.92,0,0,0,14,0,0,0,0,0
92564.89,0,0,0,28,0,0,0,0,0
17621.27,0,0,0,14,0,1,0,0,0
38883.59,20,0,0,26,1,0,0,0,1
73513.53,0,0,0,6,0,0,0,0,0
85451.14,20,0,0,7,1,0,0,1,1
69304.52,0,0,1,12,0,0,1,0,1
2260.63,0,0,1,15,0,0,0,0,0
74509.71,0,1,1,9,0,0,0,0,1
80534.1,40,1,0,22,0,0,0,0,1
6789.59,40,1,0,31,1,0,0,0,1
6752.11,0,0,0,19,0,0,0,0,0
12368.72,0,1,0,25,0,0,0,0,0
2741.38,0,0,0,32,0,0,0,0,0
65906.17,40,0,0,2,0,0,0,0,1
91495.95,20,1,0,14,0,0,0,0,1
19729.43,40,0,0,39,1,0,0,0,1
72630.25,0,0,0,14,1,1,0,0,1
95112.14,0,0,0,9,0,0,0,0,0
46686.83,0,1,1,10,0,0,0,1,0
76905.62,0,0,0,22,0,0,0,0,1
33527.65,0,0,0,22,0,1,0,1,0
78743.96,0,0,1,32,1,0,0,0,1
86024.06,20,1,0,35,0,0,0,0,1
24338.54,0,1,0,40,0,0,0,1,1
68459.95,20,0,0,18,0,1,0,0,1
45817.31,0,0,0,19,1,0,0,0,0
73037.06,40,0,0,22,1,1,0,0,1
34974.77,0,0,0,12,0,0,0,0,0
61321.43,0,0,0,23,1,1,0,0,1
61606.83,20,0,0,13,1,0,0,1,1
85988.86,20,0,0,37,0,0,0,0,1
32603.79,0,0,0,15,0,0,0,1,0
73683.88,20,1,0,30,0,0,0,0,1
57170.74,0,0,0,6,0,0,0,0,0
35760.58,20,0,0,3,1,0,0,1,1
54475.73,0,0,1,33,0,0,1,0,1
64236.18,40,1,1,12,0,0,0,0,1
91165.88,40,0,1,36,0,0,0,0,1
86326.42,0,0,0,40,0,0,0,0,0
61790.65,40,1,0,4,0,0,0,0,1
10809.44,20,0,0,2,0,0,0,0,0
67297.6,0,0,0,28,0,0,0,0,0
2930.81,0,0,1,29,1,0,0,0,0
88700.51,0,0,0,11,1,0,0,0,0
48145.97,0,0,0,39,1,0,0,0,1
2096.3,20,1,1,32,0,0,0,0,1
74316.03,20,1,0,2,0,0,0,1,1
21605.47,20,0,0,35,1,0,0,0,0
45922.22,0,0,0,28,0,0,0,0,0
86109.8,20,0,0,23,0,0,0,0,1
20959.46,0,0,0,13,0,0,0,0,0
85889.53,0,0,0,16,0,0,0,0,0
46164.86,0,0,0,28,0,1,0,1,1
52854.29,20,0,0,2,0,0,0,0,1
75260.1,0,0,0,21,1,0,0,0,0
50578.53,0,0,0,4,0,0,0,1,1
75563.91,0,0,0,38,0,1,0,0,1
17408.16,0,0,0,18,0,0,0,0,0
14023.51,0,0,0,22,0,0,0,0,0
37102.21,0,0,0,34,0,1,0,0,0
69086.28,0,0,0,22,0,0,0,1,0
14571.1,0,0,0,29,0,0,0,1,0
81157.86,20,0,1,7,1,0,0,1,1
2960.82,20,0,0,15,0,0,0,1,0
99979.27,0,0,1,36,0,0,0,0,1
83107.12,0,1,0,14,0,1,0,0,1
11271.32,0,0,0,2,0,0,0,0,0
41229.68,0,0,1,0,0,1,0,0,0
69988.87,40,1,0,18,0,0,0,1,1
86003.75,20,0,0,2,1,0,0,0,1
78645.31,0,1,0,37,0,0,0,0,1
88052.25,40,1,0,16,1,0,0,1,1
70577.79,20,0,1,28,0,0,1,0,1
70045.14,20,0,0,33,0,0,0,1,1
30165.5,0,0,1,20,0,0,0,0,0
99772.96,0,1,0,28,0,0,0,0,1
49862.81,20,1,0,9,0,1,0,0,0
92530.67,0,0,0,35,0,0,0,1,1
76031.85,20,1,0,27,0,0,0,1,1
57603.24,0,0,0,6,0,1,0,0,0
61038.33,0,0,0,26,0,0,1,1,1
29097.63,0,1,1,16,0,0,0,1,0
64486.97,40,0,0,13,0,0,0,0,1
42336.99,0,0,1,15,0,1,0,0,1
99571.83,0,0,1,16,0,0,0,1,1
87345.52,0,0,0,13,0,0,0,0,0
52245.72,0,0,0,35,0,0,0,0,1
77248.96,0,1,0,39,0,0,0,1,1
19663.49,0,1,0,26,0,0,0,0,0
66484.38,0,0,0,10,0,0,0,0,0
52230.05,0,0,0,35,0,0,0,0,1
9092.3,0,0,0,6,0,0,0,1,0
28756.05,0,1,0,11,0,1,0,0,0
54987.31,0,0,1,10,0,1,1,0,1
26860.86,0,0,0,20,0,0,0,0,0
86609.68,0,0,0,1,0,0,1,0,1
54198.77,20,1,1,40,0,0,0,1,1
27058.12,0,1,1,14,0,0,0,0,0
12763.79,0,0,0,39,0,1,0,0,0
30156.2,0,0,0,26,0,0,1,0,0
1560.79,0,0,0,27,0,0,0,0,0
8988.62,0,0,1,12,0,0,0,0,0
35775.55,0,0,1,28,0,0,0,1,0
16513.81,0,0,1,40,0,0,0,1,0
84769.68,0,0,0,16,0,0,0,1,0
72208.98,0,0,0,3,1,1,0,0,1
73219.31,0,0,0,30,0,0,0,1,1
27983.27,0,0,0,38,1,1,0,0,0
49379.29,0,0,0,40,0,0,0,0,0
32873.13,0,0,0,4,0,0,0,0,0
68046.49,0,0,1,18,0,0,0,1,1
26783.88,20,0,1,14,0,0,0,0,1
80856.25,20,0,0,25,1,1,0,0,1
60395.92,40,0,0,20,0,1,0,0,1
49891.47,0,0,0,22,0,0,0,0,0
46791.44,20,0,1,20,0,0,0,0,1
78234.63,40,0,0,27,0,0,0,0,1
94312.66,0,1,1,2,1,1,0,0,1
49694.18,0,0,0,0,0,0,0,0,0
74230.83,20,1,0,24,0,0,0,0,1
2410.68,0,0,1,7,1,0,0,1,0
56733.63,0,0,0,35,0,0,0,0,1
80137.7,0,0,1,12,0,0,0,0,1
25008.63,20,0,1,39,0,0,0,1,1
42844.24,0,0,0,36,0,0,0,1,1
18695.33,40,0,0,14,0,0,0,0,1
24262.26,20,0,0,21,1,0,0,0,0
40038.32,20,0,1,8,1,0,0,0,1
39844.76,0,0,0,14,0,0,0,1,0
90116.31,20,0,0,26,1,0,0,0,1
67625.75,0,0,0,40,0,0,0,1,1
76048.96,20,0,0,13,0,0,0,1,0
41668.41,40,0,0,6,0,0,0,0,1
6720.17,20,0,1,40,0,1,0,0,1
68880.01,0,0,1,13,0,0,0,0,0
91332.08,20,0,0,5,1,0,0,1,1
62441.54,40,0,0,38,0,0,0,1,1
50420.25,20,0,1,17,0,0,0,0,1
1959.36,0,0,0,26,0,0,0,0,0
92381.43,0,0,0,5,0,0,0,0,0
48962.21,0,0,0,36,0,0,0,1,0
89216.95,0,1,0,9,0,0,0,0,0
21477.32,0,0,0,13,0,0,0,1,0
50752.51,0,0,0,12,0,0,0,0,0
82189.7,0,1,0,20,0,0,0,0,1
96228.61,0,1,0,19,0,0,0,0,1
76413.16,0,0,1,0,0,0,0,0,0
68805.02,0,0,0,33,0,0,0,0,0
75498.93,40,0,0,11,0,0,0,0,1
7336.87,20,0,0,36,1,0,1,0,1
86953.63,0,0,1,14,0,0,0,0,1
85467.54,0,0,0,7,1,0,0,0,0
70139.73,20,0,0,39,0,0,0,1,1
67864.73,40,0,0,11,0,1,0,0,1
45950.8,40,0,1,21,0,0,0,0,1
67317.16,0,0,0,17,0,0,0,0,0
12632.28,0,1,0,9,0,0,0,0,0
82614.72,0,0,0,4,0,0,0,0,0
32347.19,0,0,0,9,0,0,0,1,0
72472.28,40,0,0,7,0,1,0,1,1
55142.89,20,0,0,32,0,1,0,1,1
81741.08,40,0,0,26,0,1,0,0,1
8099.65,0,0,0,13,0,0,0,0,0
2479.1,20,1,0,15,0,0,1,0,1
73492.34,0,1,1,14,0,0,0,0,1
22518.63,20,0,0,7,0,0,0,0,0
80205.71,0,0,0,17,0,0,0,0,1
96507.39,0,0,1,2,0,0,1,1,1
65611.2,20,0,0,0,0,0,0,0,0
99178.31,0,1,0,23,0,0,0,0,1
60859.29,0,1,0,20,0,0,0,0,1
39563.61,20,0,0,28,0,1,0,0,0
36150.66,0,0,0,3,1,0,0,1,0
89067.04,20,0,0,22,1,1,1,0,1
69752.28,0,0,0,3,1,1,0,0,1
94484.24,0,1,1,37,0,0,1,0,1
95168.91,20,0,0,28,0,0,1,0,1
96689.15,0,0,0,15,0,0,0,1,0
32976.09,0,1,0,20,1,0,0,1,1
2722.02,0,0,1,14,0,0,0,0,0
51915.35,0,0,0,13,0,0,0,0,1
87493.42,0,0,1,22,0,0,0,0,0
37458.48,0,1,1,18,0,0,0,1,1
1541.61,20,0,0,18,0,0,0,0,0
82125.68,0,0,0,37,0,0,0,0,0
99249.69,0,0,1,27,0,1,0,0,1
40691.61,0,1,0,24,0,0,0,1,0
21396.08,20,0,0,32,0,0,0,0,0
90267.75,40,1,0,39,0,0,0,0,1
45158.22,0,1,0,11,0,1,0,1,0
93123.34,0,0,0,12,0,0,0,0,0
72036.32,20,1,0,31,0,0,1,0,1
78975.09,0,0,0,18,0,0,0,0,0
20673.42,20,0,1,12,0,1,0,0,0
3504.43,0,0,0,9,0,1,1,0,0
85933.1,0,1,0,0,0,0,1,0,1
67233.25,20,0,0,1,0,0,0,0,0
85118.44,0,0,1,28,0,0,0,0,1
69060.01,0,0,0,27,0,0,0,0,1
34882.09,0,0,1,12,0,1,0,0,1
80212.82,0,0,0,20,0,0,0,1,0
87114.8,40,1,0,18,0,0,0,1,1
99580.08,20,0,1,20,0,1,0,0,1
42285.39,0,0,0,29,0,0,0,0,0
78534.31,0,0,0,37,0,0,0,0,0
17842.36,20,0,0,19,0,0,0,0,0
41146.3,20,1,0,0,0,0,0,1,0
64201.0,0,0,0,27,1,1,0,1,1
95903.66,20,1,0,14,1,1,1,1,1
98916.16,40,0,0,29,0,0,0,0,1
98008.11,0,0,1,40,0,0,0,1,1
8077.52,0,0,0,19,0,0,0,0,0
72906.81,0,0,0,10,0,0,1,0,1
72942.17,20,1,1,16,0,0,0,0,1
35131.44,0,0,0,19,0,0,0,0,0
55296.9,0,0,0,15,1,1,0,0,1
40730.6,40,0,0,1,1,0,0,0,1
55159.64,20,0,0,11,0,1,0,0,1
87995.12,20,0,0,34,0,0,0,0,1
32260.7,20,0,0,13,1,0,1,0,1
44828.26,0,0,0,0,0,0,0,1,0
90434.43,0,0,0,4,0,0,0,0,0
64498.02,0,1,0,9,0,0,0,0,0
51696.3,0,0,0,7,0,0,0,0,0
45428.2,40,0,1,21,0,0,0,0,1
99881.5,40,1,0,22,0,0,0,0,1
35701.01,0,0,0,40,0,0,0,0,1
34367.8,20,0,0,21,0,0,0,0,0
37972.5,20,0,0,9,0,0,0,0,0
16512.26,40,0,0,17,0,1,0,0,1
67149.84,20,0,0,37,1,0,1,0,1
74048.6,0,0,0,15,0,0,0,0,0
26363.27,20,0,0,16,0,0,0,0,0
25998.82,0,0,1,7,0,1,0,0,0
4667.23,0,1,0,5,0,0,0,1,0
20280.42,20,0,1,33,1,0,1,0,1
59766.41,0,0,1,23,0,0,0,1,1
9847.73,0,1,0,1,0,0,0,0,0
11895.47,20,0,1,39,0,0,0,0,1
49504.01,20,0,1,30,0,1,0,0,1
41984.08,0,0,0,30,0,1,0,0,1
89766.12,0,0,0,32,0,0,0,1,1
73543.47,0,0,1,32,0,0,0,0,1
40915.16,0,0,1,19,0,1,0,0,1
17634.43,0,1,0,31,0,0,0,0,0
67030.65,0,1,0,32,0,0,0,0,1
93640.59,20,0,0,25,0,0,0,0,1
3013.12,40,0,0,7,0,0,0,1,0
76168.24,0,0,0,11,0,0,0,0,0
17755.69,20,0,0,0,1,0,0,0,0
15636.36,0,0,1,4,0,1,0,0,0
10771.04,20,0,0,39,0,0,0,0,0
81311.87,0,0,0,9,0,0,0,1,0
41257.26,0,0,0,17,0,0,0,1,0
86411.06,0,0,0,25,0,0,0,0,1
47162.04,0,0,1,3,0,0,0,0,0
1210.45,20,0,1,16,0,0,0,0,1
76812.94,0,1,1,37,1,0,0,0,1
59396.32,0,0,0,2,0,0,0,1,0
93469.39,0,0,0,34,0,1,0,0,1
56750.05,0,0,0,37,0,0,0,0,0
86051.37,0,0,0,34,0,1,0,0,1
74837.48,0,0,1,25,0,0,1,1,1
76969.3,0,0,1,4,0,0,0,0,0
40431.68,0,0,0,3,0,0,0,1,0
944.37,0,0,0,39,0,1,0,0,0
59384.89,0,0,0,31,1,0,0,0,1
42743.36,0,0,1,22,0,0,1,0,1
76534.69,20,0,0,21,0,1,0,0,1
67522.59,0,0,0,23,0,0,0,0,0
92566.6,0,0,0,5,0,0,0,0,0
90636.75,20,0,1,10,0,1,0,1,1
26810.69,40,0,1,34,0,1,0,0,1
94884.91,0,0,0,34,0,0,1,0,1
37654.78,20,0,1,31,0,1,0,1,1
91262.84,20,0,0,12,1,1,0,0,1
94762.27,20,0,0,14,0,0,1,0,1
47989.78,20,0,0,12,0,0,1,0,1
31383.02,0,0,0,9,0,0,0,0,0
37957.76,40,0,0,21,0,1,0,1,1
5898.07,0,1,1,0,0,0,0,0,1
29584.21,0,0,0,19,0,0,0,0,0
77813.67,0,0,0,36,0,0,0,1,1
14738.41,40,0,0,33,1,0,0,0,1
24264.2,0,0,0,0,1,0,0,0,0
36580.61,20,0,0,7,0,1,0,0,0
31846.9,0,0,0,4,0,0,0,0,0
20265.08,0,0,0,38,0,1,0,0,0
52102.52,0,0,0,33,0,0,0,0,0
10734.17,20,0,1,28,0,0,0,0,0
81596.41,0,0,1,21,0,0,0,0,1
2389.36,0,0,0,36,1,0,0,0,0
89063.83,40,0,0,32,0,0,0,1,1
64268.88,20,1,0,28,0,0,0,0,1
85581.25,0,0,0,13,0,0,0,0,0
711.2,0,0,0,3,1,1,0,0,0
82053.18,20,1,0,12,0,0,0,0,1
8174.55,0,0,0,40,0,0,0,0,0
40427.75,20,0,0,34,0,0,0,0,0
56240.32,20,0,1,13,0,0,0,0,1
87206.99,0,0,0,26,0,1,0,0,1
68516.96,0,0,0,7,0,0,0,1,1
69348.34,0,0,0,20,0,0,0,0,1
8213.31,0,1,0,19,0,0,0,0,0
97678.47,20,1,1,26,1,1,0,0,1
39870.9,20,0,0,7,0,0,0,0,0
18384.97,20,0,0,30,1,0,0,1,1
2241.81,20,0,0,24,1,1,0,1,1
31241.56,0,0,0,38,0,0,0,0,1
17951.35,0,1,1,29,0,0,0,0,1
78987.62,0,0,0,35,0,0,0,0,0
5097.69,0,0,1,31,0,0,0,0,0
58369.07,0,1,0,7,0,0,0,0,1
64101.25,20,0,1,34,0,0,0,1,1
94933.34,0,0,0,25,0,0,0,0,0
89629.13,0,0,0,18,0,0,0,0,0
26827.52,0,0,0,7,1,0,0,1,0
60257.35,20,0,0,8,0,0,1,0,1
45086.14,0,0,0,2,0,0,0,0,0
43111.07,20,1,0,32,0,0,0,1,1
47673.62,0,0,0,4,0,1,0,0,0
16281.26,0,0,0,15,1,0,0,0,0
504.71,0,1,0,26,0,0,0,0,1
65973.24,0,0,1,6,0,0,0,0,0
77582.34,0,0,0,13,0,0,0,0,0
13531.22,20,0,0,25,1,0,0,0,0
25811.56,20,0,0,6,0,0,0,0,0
46381.83,20,0,0,3,0,1,0,0,0
1732.07,0,0,0,18,0,0,0,0,0
18657.28,0,0,1,26,0,0,0,0,0
40386.76,0,0,0,38,0,0,0,1,0
88630.47,0,0,0,37,0,0,0,0,0
24098.92,20,0,0,25,0,0,0,1,0
74915.86,0,0,0,12,1,1,0,0,1
25372.76,0,1,1,5,0,0,1,0,1
16812.05,20,0,0,39,0,0,0,0,1
85309.71,20,1,0,27,0,0,0,1,1
92942.89,0,1,0,0,0,0,0,1,1
13954.61,20,0,0,21,0,0,0,0,0
86534.48,0,0,0,37,0,0,0,1,1
97413.37,0,1,0,36,1,0,1,0,1
39471.42,40,0,0,21,0,0,0,0,1
38027.32,0,0,0,32,0,0,0,0,0
89944.6,20,0,0,20,0,0,0,0,0
43788.63,0,1,1,2,0,0,0,1,0
84956.45,0,0,0,18,0,0,0,0,0
6326.08,20,0,1,3,1,0,0,0,0
20107.97,0,1,0,34,0,1,0,1,1
40767.21,20,0,0,1,0,0,0,0,0
55254.23,0,0,1,20,0,0,0,1,1
67627.29,0,0,0,20,0,0,1,0,0
72485.77,0,0,0,17,0,0,1,1,1
57427.14,0,0,0,15,0,0,0,1,0
45699.99,0,0,0,39,0,0,0,0,0
21200.07,20,0,1,23,0,0,1,0,1
15100.84,20,0,0,2,0,0,0,0,0
12447.2,20,0,0,7,0,0,0,0,0
45484.73,20,0,0,9,0,0,0,1,1
18703.86,20,0,0,14,1,0,0,0,0
79534.67,20,1,0,32,0,0,0,1,1
77841.25,0,1,1,10,0,0,0,0,1
18629.85,40,0,0,13,0,0,0,0,1
8805.38,0,0,0,24,0,0,0,0,0
21135.36,20,0,0,25,1,0,0,0,0
37257.16,0,0,0,5,0,1,1,0,0
73005.64,0,0,0,5,0,0,0,0,0
122.8,40,1,0,25,0,1,0,0,1
28074.81,20,0,0,27,0,0,0,0,1
54890.38,20,0,1,0,0,0,0,0,1
8050.01,0,0,1,12,0,1,1,0,1
96755.62,0,0,0,31,0,1,0,0,1
23513.55,20,0,0,13,0,1,0,0,0
31450.42,20,0,0,31,0,0,0,0,0
56491.55,0,0,0,6,0,0,0,0,0
65556.99,0,1,1,14,0,0,0,0,1
94542.29,20,0,0,20,0,1,0,1,1
90098.37,0,0,1,12,1,0,1,0,1
9664.52,20,0,0,23,0,0,0,0,0
48169.59,20,0,0,33,0,1,0,0,1
10682.29,20,0,0,5,1,0,0,0,0
24718.55,20,0,0,22,0,0,0,1,0
11800.84,0,0,0,31,0,0,0,1,0
96342.68,0,0,1,37,1,0,0,0,1
19827.17,0,0,0,15,0,1,0,0,0
76594.41,0,1,0,24,0,0,0,1,1
38796.06,40,0,1,26,0,0,0,1,1
55440.52,20,0,1,9,0,0,0,1,1
74140.59,0,1,0,35,0,1,0,0,1
22373.25,0,0,0,35,1,0,0,0,0
65861.15,0,0,0,32,0,0,0,0,1
62872.08,0,1,0,18,0,0,0,0,1
98766.0,0,0,0,28,0,0,0,0,0
96281.23,40,0,0,8,0,0,0,0,1
39696.97,0,0,0,5,0,0,0,0,0
32428.78,0,0,1,6,0,1,0,0,1
54437.98,0,0,0,40,1,0,0,1,1
30249.31,20,0,0,38,0,0,0,0,1
94420.14,0,0,0,6,0,0,1,0,1
86706.96,0,0,0,11,1,0,0,0,0
4303.11,0,0,0,20,0,0,0,0,0
8673.51,0,0,0,13,1,1,0,0,0
83395.09,0,0,0,7,0,0,0,0,0
51204.66,0,0,0,24,0,0,0,0,1
44730.92,0,0,1,27,0,0,0,0,0
70750.83,0,0,1,10,0,0,0,0,0
28276.04,0,0,0,11,0,0,0,0,0
17428.43,0,1,0,3,0,0,1,0,0
83563.88,0,0,1,1,0,0,0,1,0
51739.35,20,0,0,5,0,0,0,0,1
33244.02,0,0,0,36,0,0,0,0,0
96786.82,0,1,0,26,0,1,0,0,1
76132.1,0,0,0,22,0,0,0,0,1
41036.45,0,0,0,14,0,0,0,1,0
54113.65,20,0,0,17,0,0,0,0,1
3599.58,0,0,0,27,0,0,0,0,0
24469.17,0,0,0,2,0,1,0,0,0
31800.52,20,0,0,29,0,0,0,1,1
50696.71,0,1,0,14,0,0,0,0,1
28530.97,0,0,0,20,0,0,0,1,0
37512.68,0,1,0,10,0,0,0,1,0
92492.45,20,0,1,14,0,0,1,1,1
13533.91,0,1,0,3,0,0,0,0,0
70018.89,0,0,0,36,0,0,0,0,0
31999.71,20,0,0,26,0,1,0,0,0
37616.25,40,0,1,29,1,0,0,1,1
42072.6,0,0,0,15,0,0,0,0,0
66112.22,20,0,0,40,0,0,0,1,1
39990.15,40,0,1,11,0,1,0,0,1
60817.91,40,0,0,4,0,0,0,0,1
68566.23,20,0,0,30,0,0,0,0,1
22904.08,0,0,0,19,1,0,0,0,0
48297.43,0,1,1,5,0,1,0,0,1
57732.78,20,0,0,7,1,1,0,1,1
13927.37,20,0,0,31,0,0,1,0,1
8815.68,40,1,0,34,0,0,0,0,1
98491.74,20,1,0,14,0,0,0,0,1
14500.3,0,0,0,15,1,0,1,1,1
92880.36,0,0,0,13,0,0,0,0,0
78335.52,0,0,0,27,0,0,0,0,0
66174.84,0,0,0,33,1,1,0,0,1
52525.06,20,1,0,39,1,0,1,0,1
62424.27,40,0,0,11,0,0,1,0,1
25498.82,0,0,0,0,0,0,0,1,0
23723.69,20,0,0,17,1,0,0,0,0
41382.24,20,0,0,20,0,0,0,0,0
79075.47,20,0,0,21,0,1,0,0,1
22239.41,20,1,0,19,0,0,0,1,1
42969.57,0,1,0,21,0,1,1,0,1
3358.27,0,0,0,29,0,0,1,0,0
86299.17,0,1,0,10,0,0,0,0,0
48147.84,0,1,0,31,0,0,0,0,0
94028.15,0,0,1,17,1,0,0,0,1
68735.59,0,1,0,38,0,0,0,0,1
72938.19,0,0,0,8,0,0,0,1,0
88261.64,0,1,1,22,0,0,0,0,1
80628.18,0,0,0,25,1,0,1,0,1
90645.48,0,1,1,9,0,0,1,0,1
86590.52,40,1,0,8,0,0,0,1,1
51807.11,0,0,0,33,0,0,0,0,1
56077.69,40,0,0,37,0,0,0,0,1
61155.39,0,0,1,37,0,0,0,0,1
38669.75,0,0,0,27,0,0,0,0,0
61896.19,20,0,1,9,1,0,0,0,1
74727.33,20,1,0,2,0,0,0,0,1
33682.25,20,0,0,11,1,0,0,1,0
77803.87,40,0,0,21,0,0,0,1,1
80167.12,0,0,0,28,1,0,0,1,1
97623.94,20,0,0,23,1,0,0,0,1
10598.16,0,0,0,26,0,0,0,1,0
87759.5,0,1,0,40,0,0,0,1,1
65613.25,20,0,0,10,0,1,0,0,1
50264.52,0,0,0,27,0,0,0,0,0
52942.96,20,0,0,40,1,0,0,1,1
58856.85,0,0,1,7,0,0,1,0,1
42644.58,0,1,0,1,0,0,0,0,0
77615.52,0,0,0,0,0,1,0,1,0
6286.09,0,0,0,26,0,0,1,0,0
83867.78,0,0,0,28,0,0,0,0,1
5441.56,0,0,0,10,0,0,1,1,0
18676.98,0,0,1,27,1,0,0,0,0
11603.04,20,0,0,29,1,0,0,0,0
88402.18,0,0,0,8,0,1,0,1,0
60532.69,0,0,1,0,0,0,0,0,0
47173.75,0,0,0,31,1,0,0,1,1
97940.2,0,1,0,24,0,0,0,0,1
65669.82,0,0,0,4,1,0,0,0,1
13516.25,0,0,0,30,1,0,0,0,1
96091.97,0,0,0,25,0,0,0,0,1
82459.09,0,0,0,19,0,0,0,0,0
59235.08,0,1,0,22,0,0,0,1,1
61749.75,0,1,1,3,0,0,0,0,1
4453.67,20,0,1,40,1,0,0,1,1
32554.28,0,0,1,31,0,1,0,0,1
49280.43,0,0,0,37,0,0,0,0,0
37524.76,0,0,0,34,0,0,0,0,0
63491.63,0,0,1,11,1,0,0,0,1
40120.85,0,1,0,13,0,0,0,0,0
66454.73,20,0,1,10,0,0,0,0,1
5707.45,0,0,0,30,0,0,0,0,0
40930.28,0,0,0,24,0,0,0,0,0
26220.86,0,0,0,21,0,0,0,0,0
3568.91,40,0,0,2,1,0,0,1,1
35758.61,20,0,0,39,0,1,0,0,1
63178.83,0,0,0,6,0,1,0,0,1
17420.28,0,0,1,34,0,0,0,0,0
88145.3,0,0,1,13,0,0,0,0,1
8145.19,20,0,0,11,0,0,0,0,0
52584.97,0,0,0,29,1,0,0,0,1
42511.44,0,0,0,30,0,0,0,0,0
94322.46,0,0,0,20,0,0,1,0,1
99162.26,0,0,0,9,0,0,0,1,0
10729.33,20,0,0,39,0,0,0,0,1
78509.71,0,0,0,21,0,1,0,0,1
95606.8,20,1,1,1,1,0,0,0,1
56708.21,20,0,0,3,0,0,0,1,1
17854.86,0,0,1,24,0,0,0,0,0
81290.5,0,0,1,0,0,0,0,1,1
44024.82,0,0,0,9,0,0,0,0,0
83635.38,0,0,0,16,1,1,0,0,1
79663.4,0,0,0,31,0,0,0,0,0
47183.49,20,0,0,5,0,1,0,0,0
7209.15,0,0,1,21,0,0,0,1,1
32579.52,0,0,0,40,0,1,0,0,0
52116.43,40,0,1,27,0,0,0,0,1
79978.06,0,1,1,23,0,0,0,0,1
54764.63,0,0,0,33,0,0,0,0,1
7207.78,20,0,0,11,0,0,1,0,0
29267.02,0,1,0,28,1,1,0,1,1
60234.87,20,0,1,18,0,0,0,0,1
58014.57,0,0,0,36,1,0,0,1,1
47346.74,0,1,0,15,0,0,0,0,0
65655.03,0,0,1,23,0,0,0,0,1
97639.34,0,0,0,39,0,0,0,0,1
51105.88,20,0,0,27,0,0,0,0,1
64225.41,0,0,0,37,0,1,0,0,1
66055.88,0,0,0,21,0,1,0,0,1
88069.4,20,1,0,22,0,0,0,1,1
12921.04,0,0,0,17,1,0,0,0,0
80732.27,0,0,0,26,0,0,0,0,0
13073.78,20,0,0,33,0,0,0,1,1
1168.52,0,0,0,25,0,0,0,0,0
43438.42,0,0,0,6,0,0,0,0,0
23036.27,0,1,0,4,0,0,0,0,0
46796.11,0,0,0,38,0,0,0,1,0
71276.94,0,0,0,1,0,0,0,0,0
49735.01,0,0,0,29,0,0,0,0,0
48568.34,40,0,0,18,0,0,0,0,0
5758.97,0,0,1,36,0,0,0,0,1
68424.86,40,0,0,28,1,0,1,0,1
70202.13,0,0,0,12,0,0,0,1,0
18565.39,0,1,0,17,0,0,0,0,0
71316.52,0,0,1,12,0,0,0,1,1
99416.62,0,1,0,10,1,0,0,0,1
60673.48,0,0,0,19,0,0,0,0,0
71619.18,0,0,0,8,1,0,0,1,0
8241.78,0,0,0,10,0,0,0,1,0
64709.51,0,0,0,38,0,0,0,0,1
80082.62,0,1,0,17,0,0,0,1,1
20036.94,0,0,1,40,0,0,0,0,1
69233.94,0,1,1,37,0,1,0,0,1
67993.84,0,1,0,39,0,0,0,0,1
7689.79,0,0,1,25,0,0,0,0,0
86776.79,0,1,0,21,0,0,0,0,1
26740.15,40,0,0,15,0,0,0,0,1
10581.42,0,0,0,0,0,1,0,0,0
42040.57,0,1,1,23,1,0,1,0,1
53154.77,0,0,0,31,0,0,0,0,1
57406.6,0,0,0,0,1,0,0,0,0
925.34,0,0,0,37,0,0,0,1,1
46365.87,0,0,0,15,0,0,0,0,0
40974.11,0,1,0,31,0,0,0,0,0
66741.75,20,0,0,0,0,0,0,0,0
38310.95,40,0,0,16,1,0,0,0,1
58479.46,0,0,1,20,0,0,0,1,1
55149.67,20,1,1,33,0,0,0,1,1
88638.45,0,0,0,4,0,0,1,0,0
38661.93,20,0,1,40,0,0,0,0,1
50156.84,20,0,1,27,0,0,1,0,1
9161.06,20,0,1,32,0,0,0,0,0
15265.77,0,0,0,40,1,0,0,0,0
55101.05,0,0,0,26,0,0,0,0,1
31108.62,0,0,0,4,0,0,0,0,0
32082.67,0,0,0,40,0,1,0,0,0
65848.59,0,0,1,16,0,0,0,0,0
56018.02,0,0,0,29,1,1,0,0,1
35264.25,0,0,0,21,1,0,0,0,0
14061.53,40,0,0,21,0,0,0,0,0
60313.85,0,0,0,9,0,0,0,0,0
83712.88,0,0,1,7,0,0,0,0,1
10362.09,0,0,1,15,1,0,0,0,1
97746.34,0,0,1,6,0,0,1,0,1
23390.03,0,0,1,10,0,0,0,1,1
69144.75,0,1,0,12,0,0,0,0,1
16379.94,0,0,0,36,0,0,0,0,0
18342.44,20,0,0,23,0,0,0,0,0
70236.04,40,0,0,21,1,0,0,0,1
68102.87,20,1,0,27,0,0,0,0,1
8176.57,20,1,0,16,0,0,0,1,1
26799.09,20,0,0,19,0,0,0,1,0
88256.97,40,0,0,39,0,0,0,0,1
56839.1,0,0,0,10,0,0,0,0,0
44445.08,0,1,1,24,0,1,0,0,1
88416.56,20,0,0,1,0,0,0,0,0
18115.9,0,0,0,37,0,1,0,0,1
34490.05,40,1,0,15,0,0,0,1,1
15348.32,40,1,0,18,0,0,0,0,1
78951.07,0,0,0,12,0,0,0,0,0
72088.69,20,0,0,33,0,0,0,0,1
19887.05,20,0,0,32,0,0,1,1,1
24067.25,40,0,0,29,1,0,0,0,1
79250.52,0,1,0,5,0,1,0,1,1
28400.01,0,1,0,24,0,0,0,1,1
21625.88,0,1,0,18,0,1,0,0,1
20601.47,20,0,0,15,1,1,0,0,1
66330.59,0,1,0,7,0,0,1,0,1
15969.03,0,0,0,11,0,0,0,0,0
63814.81,20,0,0,16,0,0,0,1,1
26560.05,0,0,0,14,0,0,0,0,0
92883.15,0,0,0,3,0,0,1,0,0
27000.09,0,1,0,19,0,0,0,0,0
70977.82,0,0,0,31,0,0,0,0,0
92517.67,0,1,0,36,0,0,0,0,1
61283.67,0,0,1,1,0,0,0,0,1
45161.85,0,0,1,34,0,0,0,0,1
13073.68,40,1,0,5,0,0,0,0,0
47357.17,0,0,0,7,0,0,0,0,0
36611.7,0,0,0,4,0,0,0,1,0
35587.68,20,0,0,20,0,1,0,0,1
1041.73,0,0,0,28,0,0,0,1,0
82089.35,40,0,1,15,0,0,0,0,1
86341.72,0,1,1,15,0,0,0,0,1
6335.39,20,0,0,6,0,0,0,0,0
58472.78,20,0,0,30,1,0,1,0,1
6169.41,20,0,0,40,0,0,1,0,1
2006.76,0,1,0,26,0,0,0,1,0
54502.85,0,0,0,37,0,0,0,0,1
85701.34,0,0,0,39,0,0,0,0,0
45044.18,20,1,1,11,0,0,0,0,1
75290.1,40,0,0,6,0,0,0,0,0
19329.54,0,0,0,13,0,1,0,0,0
94264.03,20,0,1,40,0,0,0,0,1
69753.48,0,0,0,5,0,0,0,0,0
94353.15,0,0,0,36,0,1,0,1,1
66393.44,0,0,1,24,0,0,0,0,1
14574.2,0,0,0,27,0,0,0,0,0
25194.46,0,1,1,25,0,0,0,0,1
55139.88,0,0,0,14,0,0,0,0,0
83471.8,0,0,0,30,0,0,0,1,1
91080.46,0,0,0,10,0,1,0,0,1
84018.32,0,0,0,1,0,0,0,0,0
57434.03,0,1,0,40,0,0,0,0,1
91460.4,0,0,0,27,0,0,0,0,1
13933.48,40,0,1,9,0,1,0,0,1
5342.34,40,0,0,20,0,1,0,1,1
87660.66,20,0,1,1,0,0,0,0,1
49509.22,0,0,0,10,0,1,0,1,0
85933.47,40,0,1,29,1,0,0,0,1
6269.28,20,0,0,40,1,0,0,1,1
13312.78,0,0,1,20,0,0,1,0,1
49825.17,0,0,0,26,0,0,0,1,0
91013.66,0,0,1,38,0,0,1,0,1
68072.09,0,0,0,31,0,0,0,0,0
44760.73,0,0,0,14,0,0,0,0,0
78493.93,0,0,1,38,0,0,0,0,1
5076.6,0,0,0,21,0,0,0,0,0
707.42,0,0,0,32,0,0,0,0,0
81416.31,0,1,1,26,0,1,0,0,1
40409.02,20,0,1,11,0,1,0,0,0
71997.48,0,0,1,23,0,0,0,0,1
1496.86,20,0,0,8,0,0,0,0,0
71368.48,0,0,0,21,0,0,0,1,1
64725.68,0,0,1,8,0,0,0,1,1
1814.84,40,0,0,7,0,0,0,1,0
51618.73,20,1,0,4,0,0,0,1,1
94803.3,20,0,0,6,0,0,0,0,0
47623.87,0,0,0,16,0,1,0,0,0
42620.01,20,0,0,15,0,0,0,0,0
35297.38,0,0,0,28,1,0,0,0,0
43419.48,0,0,0,34,0,0,0,1,0
90586.03,20,0,1,28,0,0,1,0,1
13700.87,20,0,0,9,0,0,0,0,0
96415.48,20,0,0,26,0,0,0,0,0
22754.29,0,1,1,2,0,0,0,0,0
5090.16,0,1,1,4,0,1,0,0,0
70190.3,0,0,0,35,0,1,0,1,1
80424.81,40,0,1,40,0,0,0,0,1
16872.06,0,0,1,16,0,0,1,0,1
31878.3,0,0,0,24,0,0,0,0,0
67510.73,0,1,0,10,0,0,0,1,1
29879.23,20,0,1,15,1,0,0,0,1
53786.61,40,0,1,15,0,1,0,0,1
69355.57,0,0,1,38,0,1,1,0,1
64508.67,0,0,0,29,0,0,0,0,0
57074.44,0,0,0,33,0,0,0,1,0
67317.44,20,0,0,10,0,0,0,0,0
97938.26,0,0,0,21,0,0,0,0,0
75555.72,20,0,0,14,0,0,1,0,1
16635.91,0,0,1,35,0,1,0,0,1
5838.22,0,0,0,22,1,0,0,0,0
19363.53,0,1,0,18,0,0,0,0,0
29139.6,20,0,0,22,1,0,0,0,1
34973.98,0,0,0,32,0,0,0,0,0
20836.5,40,0,0,20,0,0,0,0,1
34732.06,0,1,0,7,0,0,0,1,1
4171.34,0,0,0,22,0,0,0,0,0
19516.61,0,0,1,26,1,0,0,0,1
75819.07,20,0,0,34,0,0,0,0,1
69181.69,20,0,0,6,0,0,0,0,1
55316.31,0,0,0,36,1,0,0,0,1
25916.32,0,0,1,21,0,0,0,0,0
2324.94,0,0,0,0,0,1,0,0,0
78728.43,0,0,0,5,1,1,0,0,1
26768.79,0,0,0,39,0,0,0,0,0
54689.36,20,0,0,36,1,0,0,0,1
78076.8,20,0,0,22,0,0,0,0,1
19881.68,0,0,0,28,0,1,1,0,1
47645.67,0,0,0,19,0,0,0,1,1
23152.8,0,0,0,17,0,0,0,0,0
81069.72,0,0,0,7,0,0,0,1,0
34135.47,0,0,0,24,0,0,0,0,0
17149.7,0,0,0,38,0,0,0,0,0
72421.88,0,0,0,19,1,0,1,1,1
89231.78,0,0,0,37,0,0,0,0,1
48696.33,40,0,1,27,0,0,0,0,1
56651.16,20,1,0,15,0,0,0,0,1
91525.75,0,0,0,0,0,1,0,0,1
32812.9,0,0,0,19,0,0,0,0,0
46450.67,0,0,1,10,0,0,0,0,0
87294.62,0,0,0,26,0,1,0,1,1
45788.47,20,0,0,8,1,0,0,0,0
59794.19,20,0,0,21,0,0,0,0,0
11644.13,0,1,0,2,0,0,0,1,0
66218.79,0,0,1,29,1,0,0,0,1
64892.51,0,0,0,17,1,0,0,0,1
86588.27,0,0,1,23,0,1,0,1,1
82173.4,40,0,1,21,0,0,0,0,1
28959.29,0,0,0,25,0,0,1,0,0
32758.05,0,1,0,25,0,1,0,0,1
69465.03,0,0,0,8,0,0,0,0,0
40056.09,20,0,0,31,0,0,0,1,1
38626.35,0,0,0,25,0,0,0,0,0
18559.59,0,1,1,8,0,0,0,0,0
9086.51,0,0,0,36,0,0,0,0,0
20777.11,20,0,0,30,0,0,0,0,0
71050.97,20,0,0,10,1,1,0,0,1
45262.13,0,0,0,22,0,0,0,0,0
3423.91,20,0,0,4,0,0,0,0,0
4354.11,0,0,0,29,1,0,0,0,0
75403.05,20,0,0,28,0,0,0,0,1
87695.69,20,0,1,9,0,1,1,0,1
67934.34,0,0,1,6,0,1,0,0,1
12893.87,0,0,1,11,0,0,0,0,0
77805.25,0,0,0,35,0,0,0,0,1
31320.49,0,0,0,18,0,0,0,0,0
63417.69,20,0,0,3,0,0,0,0,0
19865.67,40,0,0,11,0,0,0,0,0
77528.68,0,0,0,7,0,0,0,0,0
14036.03,0,0,0,16,0,0,0,0,0
93924.91,0,0,0,1,0,0,0,0,0
19842.74,20,0,1,17,0,1,0,0,0
4563.96,20,1,0,30,0,0,0,0,1
45308.44,0,0,1,10,0,0,0,0,1
51928.72,20,0,1,15,0,0,0,1,1
95108.83,0,0,0,16,0,1,0,0,1
58455.36,0,0,0,11,1,1,1,0,1
74408.61,20,0,0,14,0,0,0,1,0
93197.31,20,0,0,21,0,0,0,0,1
47169.18,0,1,0,26,0,0,0,1,0
33361.34,40,0,0,14,0,1,0,0,1
55821.94,0,0,0,15,0,0,1,1,0
54211.43,0,0,0,6,0,0,0,0,0
83761.2,40,0,1,38,0,0,1,1,1
68680.5,0,0,0,9,0,0,0,0,0
60973.44,40,0,0,27,0,0,0,0,1
49828.22,40,0,0,30,0,0,0,0,1
78649.94,20,1,0,15,1,0,0,0,1
4428.89,20,0,0,23,0,0,0,0,0
71785.67,0,1,0,2,0,0,0,0,1
82069.43,0,1,1,0,0,0,0,0,1
41420.73,0,1,0,38,0,0,0,0,1
90915.63,0,0,0,36,0,0,0,0,0
3359.89,0,0,0,32,0,0,0,1,0
61971.44,0,0,0,33,0,0,0,0,0
98204.87,40,0,0,31,0,0,0,0,1
22195.11,40,1,0,21,0,1,0,0,1
17648.6,20,0,0,31,0,1,0,1,1
57877.32,0,1,0,15,0,1,0,0,1
91947.74,0,1,0,9,0,0,0,0,0
18228.76,20,0,0,12,0,0,0,0,0
73625.13,0,0,0,35,1,0,0,0,1
3368.06,0,0,0,33,0,1,0,0,0
2142.97,20,1,0,5,1,1,0,0,1
22446.63,20,1,0,22,0,0,0,1,1
40621.83,0,0,0,36,0,0,0,0,0
17578.98,0,0,1,31,0,0,0,0,1
78407.45,0,0,0,39,0,0,0,0,1
91093.0,20,1,0,18,0,0,0,1,1
41243.95,0,0,0,32,0,0,0,0,0
72869.75,0,0,0,2,1,0,0,0,1
92653.35,0,0,0,13,0,0,0,0,0
45162.25,20,0,1,35,1,0,0,0,1
45507.96,0,0,0,39,0,0,0,1,1
81332.44,20,0,1,23,1,0,1,0,1
28481.69,0,0,0,33,1,0,0,0,0
52772.24,0,1,0,38,1,0,0,0,1
46593.88,20,0,1,37,0,0,0,0,1
31547.22,20,0,0,13,0,0,0,0,0
90337.64,0,1,1,26,0,0,0,0,1
47660.12,20,0,0,9,0,1,0,1,1
28572.65,0,0,0,27,0,0,0,0,0
87737.67,20,1,0,15,0,0,0,0,1
13352.16,0,0,1,32,0,0,0,0,1
85983.12,0,0,0,16,1,0,0,0,0
8720.45,0,0,0,26,1,0,0,0,0
10928.79,0,0,1,31,0,0,0,0,0
73208.1,40,0,0,0,0,0,0,0,1
81279.63,0,1,0,29,0,0,0,0,1
58054.44,20,0,0,16,0,0,0,0,0
70608.67,0,0,1,33,0,0,0,0,1
62788.06,0,0,1,28,0,1,0,0,1
84687.44,20,0,0,8,0,1,0,0,1
98076.78,0,0,0,16,0,0,0,1,0
66301.62,20,0,0,34,1,1,0,0,1
2648.16,0,0,1,29,0,0,0,0,0
24964.0,0,0,0,30,0,0,0,1,0
74441.9,0,0,0,17,0,0,1,0,0
87941.45,20,0,1,40,0,0,1,0,1
73234.75,20,0,1,24,0,0,0,1,1
27338.62,0,0,0,20,0,0,0,0,0
47808.7,0,1,0,24,0,1,0,1,1
52971.33,0,0,0,38,1,0,0,0,1
10340.15,0,0,0,17,0,0,0,0,0
39413.71,0,0,0,17,0,0,0,1,0
83293.51,20,0,0,14,1,0,0,1,1
49757.6,20,0,0,10,0,0,0,0,0
35146.08,0,0,1,10,0,0,0,0,0
58377.63,0,0,0,23,0,0,0,1,0
19931.87,0,0,0,33,1,0,0,0,0
76295.97,0,0,0,19,0,0,0,0,0
67611.63,40,0,0,24,0,0,0,0,1
72111.26,20,0,0,19,0,1,0,0,1
35422.19,0,0,1,2,0,0,0,0,0
88588.08,20,0,0,1,1,0,0,1,1
14150.08,0,1,0,1,0,0,0,0,0
99427.02,0,0,0,0,0,1,1,0,1
61743.01,0,0,0,36,0,0,0,0,1
48929.96,0,0,1,28,0,0,0,0,0
64935.12,20,0,0,26,0,0,0,0,0
13972.77,0,1,0,40,0,0,0,0,1
31060.73,20,1,0,21,0,0,1,0,1
38208.51,20,0,0,32,0,1,0,0,1
23884.09,0,0,0,15,1,0,0,0,0
58207.35,20,1,0,26,0,0,0,0,1
83160.12,20,1,0,24,1,0,0,0,1
86992.2,0,1,0,10,0,0,0,0,0
48092.71,0,0,0,19,1,0,1,0,0
8245.64,0,0,0,38,1,1,1,0,1
58970.05,20,0,0,35,0,0,0,0,1
37731.63,20,0,0,11,0,0,0,0,0
69263.8,20,1,0,7,0,0,0,0,1
13429.67,0,0,0,14,0,1,0,0,0
99799.31,20,0,0,27,0,0,0,0,1
45917.88,0,1,0,21,0,0,0,0,0
84597.09,0,0,0,28,0,0,0,0,0
62508.5,0,1,0,20,0,0,0,0,1
45313.97,0,1,0,10,0,0,0,0,0
35302.7,0,1,0,2,0,1,0,1,1
44465.58,0,1,0,5,1,0,0,1,0
92049.83,0,0,0,18,0,0,0,0,0
8599.74,0,0,0,30,0,0,0,0,0
16772.25,0,1,0,18,0,0,0,0,0
12152.23,0,0,0,24,0,1,0,0,0
13055.76,0,0,0,5,1,0,0,0,0
73648.47,0,1,0,24,0,0,0,0,1
89074.79,0,0,0,24,0,0,0,0,1
98489.4,0,0,0,37,1,1,0,0,1
90324.5,0,0,1,9,0,0,1,0,1
91819.41,0,0,0,21,0,1,0,0,1
86305.14,0,0,0,16,0,0,0,0,0
58484.24,0,0,0,29,0,1,0,1,1
69092.41,0,0,1,25,0,0,1,0,1
2843.0,20,0,0,21,0,1,0,0,1
9781.41,20,0,0,22,0,1,0,0,1
83430.31,0,0,0,2,0,0,0,1,0
26201.13,0,1,0,29,0,0,1,0,1
28040.08,0,0,0,1,1,0,0,0,0
8121.15,20,0,0,7,0,0,0,0,0
59616.96,0,0,0,31,1,0,0,0,1
41235.63,0,0,0,28,1,0,0,0,0
74247.49,0,0,0,26,0,0,1,0,1
21500.78,0,0,0,10,0,1,0,0,0
63534.99,40,1,0,37,0,0,0,1,1
6767.65,0,0,1,10,0,0,0,0,0
51432.92,40,0,0,38,1,0,0,0,1
93547.76,0,0,1,17,0,0,0,1,1
90722.15,0,0,1,27,0,0,0,0,1
31930.18,0,0,0,16,0,0,0,0,0
63546.31,0,0,0,26,0,0,0,0,0
30239.97,0,0,0,20,1,0,0,0,0
83971.92,40,0,0,1,0,0,0,0,0
47953.35,40,1,0,31,0,0,0,0,1
11806.42,0,1,0,6,0,0,0,0,0
6826.95,40,0,0,37,1,0,0,0,1
37403.39,20,0,1,30,0,0,0,1,1
43104.87,0,0,0,26,0,1,0,0,0
62895.49,0,0,1,9,0,0,0,0,0
93193.59,0,0,0,8,0,0,0,0,0
36650.2,0,1,0,11,0,0,0,0,0
57731.5,0,0,0,38,0,1,0,0,1
45901.09,40,1,0,3,0,0,0,0,1
69317.14,20,0,0,4,0,0,0,0,0
80789.64,20,0,0,34,1,0,0,0,1
9453.18,0,0,1,11,0,0,0,0,0
73481.17,0,0,0,32,0,0,0,0,0
84514.06,0,0,1,34,1,0,0,0,1
57304.35,0,0,1,39,0,0,0,0,1
96138.41,0,0,0,23,0,0,0,0,1
8169.0,0,1,0,2,0,0,0,0,0
18838.89,40,0,0,15,0,0,0,1,0
37599.7,20,0,0,35,0,0,0,0,1
18397.97,0,1,0,0,1,0,0,0,0
77966.86,20,0,0,14,0,0,0,0,1
17741.0,0,0,1,0,0,0,0,0,0
48426.31,40,1,1,3,0,1,0,0,1
94618.18,0,0,0,1,0,0,0,0,0
21003.71,0,0,1,15,0,0,0,0,0
73199.2,0,0,0,36,0,0,0,0,0
39734.12,0,0,1,3,0,1,0,1,0
9830.44,20,0,1,22,0,0,0,0,0
51976.8,0,0,0,30,0,1,0,0,1
19503.96,0,0,0,30,0,1,0,0,0
94994.46,0,0,1,8,0,0,0,0,0
46425.83,0,0,1,3,0,1,0,1,1
20893.9,0,0,1,35,0,0,0,0,0
6672.5,0,0,0,26,0,1,0,0,0
52746.63,20,0,1,13,1,1,0,0,1
40494.97,0,0,0,6,0,0,0,0,0
89391.67,20,0,0,40,0,1,0,0,1
47881.87,0,0,0,20,0,1,0,0,0
70370.63,0,0,1,34,0,1,0,0,1
26821.72,0,0,0,39,1,0,0,0,0
86057.33,40,0,0,30,0,0,0,0,1
8026.15,20,0,1,25,0,0,0,0,0
65055.57,20,0,0,28,0,0,0,0,1
16353.1,0,0,0,21,0,0,0,0,0
30108.58,0,0,0,3,0,0,0,0,0
54124.27,20,0,0,33,0,0,0,1,1
4614.96,0,0,0,13,0,0,0,0,0
69103.39,20,0,0,16,1,0,0,0,1
52459.5,40,0,0,31,0,0,0,1,1
97508.33,0,0,0,24,0,0,0,0,0
84613.2,20,1,0,27,0,1,0,0,1
40628.94,40,0,1,6,1,0,0,0,1
20234.61,0,0,0,22,0,0,0,0,0
95332.02,20,0,0,5,0,0,1,1,1
36095.47,0,0,0,37,0,0,0,0,0
52618.94,0,0,1,29,0,0,0,1,1
60886.48,0,0,0,13,0,0,0,0,0
93089.85,0,0,1,17,1,0,0,0,1
37967.58,0,0,0,25,0,0,0,0,0
96477.16,20,0,0,39,0,0,0,0,1
8220.89,0,1,0,38,0,1,0,0,0
74054.12,0,0,0,30,0,0,0,0,1
15258.7,0,0,0,6,0,0,0,1,0
15015.46,0,0,1,35,0,0,0,0,0
76937.29,0,0,1,27,0,0,0,0,1
68502.28,20,0,0,11,1,0,0,0,1
87257.35,0,0,1,19,1,0,0,0,1
4248.36,0,0,1,33,1,0,0,0,1
78910.21,0,0,0,4,0,0,0,0,0
47803.8,20,1,1,28,1,1,0,0,1
60828.05,40,0,0,27,0,0,1,0,1
64702.32,20,0,0,40,0,0,0,0,1
43149.97,0,0,0,0,0,1,0,0,0
40963.81,0,0,0,35,0,0,0,0,0
71690.4,40,0,0,21,0,1,0,0,1
4361.49,0,0,0,13,0,0,0,1,0
12297.39,0,0,0,31,0,0,0,0,0
3063.16,0,0,0,9,0,0,0,0,0
45820.46,0,0,0,31,0,0,1,0,1
6036.94,0,0,0,8,0,1,0,0,0
61001.22,40,0,0,40,0,0,0,0,1
65448.74,20,0,0,32,0,0,0,0,1
64657.31,0,1,0,9,1,0,0,0,1
21086.95,0,0,0,31,0,0,0,0,0
39206.19,0,0,0,19,0,0,0,0,0
49084.79,0,0,0,2,1,0,0,0,0
2173.52,40,1,0,40,0,1,0,0,1
59307.55,0,0,0,21,0,0,0,0,0
51902.32,0,0,0,32,0,0,1,0,0
86076.1,0,0,0,13,0,0,0,0,0
16437.11,40,0,0,3,0,0,0,0,0
45784.52,0,0,0,16,0,0,0,0,0
11574.02,0,0,0,3,0,0,0,0,0
30950.18,0,0,0,26,0,0,0,0,0
21927.54,0,0,0,21,1,0,1,0,1
41422.55,20,0,1,8,0,0,0,0,1
36935.02,0,0,0,33,1,0,0,1,0
23722.11,0,0,1,8,0,0,0,0,0
28687.26,0,0,0,16,0,0,0,0,0
46240.11,0,0,0,18,0,0,0,1,0
29602.13,0,0,0,18,0,0,0,0,0
48169.47,0,0,0,5,1,1,0,0,0
13272.18,0,1,0,10,1,0,0,0,0
87083.87,0,0,0,37,0,0,0,0,0
39876.98,20,0,0,17,0,0,0,0,1
71210.53,20,0,1,2,1,0,0,1,1
2957.2,20,1,0,14,0,1,0,1,1
23779.94,0,0,1,18,0,1,0,1,0
78429.9,40,0,0,32,0,0,0,0,1
70479.9,20,0,0,38,0,0,0,0,1
84404.38,0,0,0,24,1,0,0,0,1
93214.78,20,0,0,14,0,0,0,0,0
83352.37,20,0,1,18,1,0,0,0,1
76388.93,0,0,0,1,0,0,0,0,0
86739.8,0,0,0,2,1,1,0,0,1
26203.1,20,0,0,39,0,0,0,0,1
80884.28,0,0,0,28,0,0,0,0,0
51291.5,0,1,0,4,0,1,0,0,1
71184.69,0,0,0,0,0,0,0,1,0
18577.28,0,0,0,31,0,0,0,0,0
55275.39,0,0,0,38,0,1,0,1,1
70450.32,20,0,0,34,1,1,0,0,1
67144.39,20,0,0,29,0,0,0,0,0
55362.86,0,0,0,7,0,1,0,0,1
17240.8,0,0,0,8,0,0,0,0,0
23765.04,20,0,0,14,0,0,0,0,0
80554.93,20,0,0,14,0,0,0,0,0
85255.9,20,0,0,15,0,0,0,0,0
69885.57,0,0,0,2,0,0,1,1,1
30093.91,20,0,0,21,0,0,0,0,1
38223.32,20,1,0,26,0,0,0,0,1
41398.43,0,0,0,27,0,0,0,0,0
44450.71,0,1,1,35,0,0,0,1,1
73339.15,0,0,0,20,1,0,0,0,0
57819.36,20,0,0,20,0,1,0,0,1
50444.43,20,0,1,20,0,0,0,0,1
81444.35,40,0,0,24,0,0,0,1,1
74490.59,40,0,0,25,0,0,0,1,1
35912.8,0,0,0,31,0,0,1,0,1
71548.65,0,0,0,12,0,0,0,1,1
5055.86,0,0,0,2,0,0,0,0,0
619.86,0,0,0,11,0,0,0,1,0
12705.84,0,0,0,25,0,0,0,0,0
72159.18,20,0,1,6,0,0,0,0,1
28468.17,20,0,0,27,0,0,1,0,0
54082.0,0,0,0,40,0,0,0,1,1
30049.13,0,0,0,13,0,0,0,0,0
27798.43,20,0,0,30,0,1,0,0,1
91742.58,0,1,0,35,1,0,0,0,1
1409.44,0,0,0,15,1,0,0,0,0
97078.31,0,1,0,10,0,0,0,0,1
30070.8,20,1,0,1,0,0,0,0,1
29566.91,0,0,0,34,0,0,0,0,0
16280.5,0,1,0,28,1,0,0,1,0
15763.27,0,0,1,9,0,0,0,0,0
78089.32,0,0,0,17,0,1,0,0,0
49758.89,0,0,0,21,0,0,0,0,0
75365.71,0,0,0,6,0,0,0,0,0
86486.22,0,0,0,15,0,0,0,0,0
15782.64,40,0,0,11,1,1,0,0,1
65017.82,0,0,0,12,0,0,0,0,0
2886.35,0,1,1,13,0,0,0,0,0
40776.57,0,0,0,22,0,0,1,0,0
98247.75,0,0,1,13,0,0,0,0,0
18691.06,0,0,0,32,1,1,1,0,1
48502.05,0,1,1,31,1,0,1,0,1
10881.71,0,0,0,14,1,1,0,0,0
31513.04,0,0,0,6,0,0,0,1,0
84155.72,20,0,1,9,0,0,0,0,1
17884.56,20,0,1,37,0,0,0,1,1
18145.48,0,0,0,25,0,0,0,0,0
19169.39,20,0,0,38,0,0,0,0,0
63217.68,20,1,0,32,0,1,0,1,1
28972.11,0,0,1,19,0,0,0,1,1
90545.7,0,0,1,4,0,1,0,0,1
59856.31,40,1,1,16,1,1,0,0,1
1142.68,20,0,0,15,1,0,0,0,0
74545.88,0,0,0,32,0,0,0,1,1
98913.47,0,1,0,0,0,1,0,0,1
79903.7,0,0,1,24,0,0,0,0,1
70955.67,0,0,0,21,0,0,0,0,1
13642.24,20,0,0,39,0,0,0,0,1
67393.53,0,1,0,26,0,0,0,1,1
88430.77,0,0,0,15,0,0,0,1,0
9490.31,0,0,0,1,0,0,0,0,0
34711.47,0,0,0,36,0,0,0,0,0
44456.19,0,1,0,37,0,1,0,0,0
76459.21,20,0,1,12,0,0,0,0,1
74088.02,0,0,0,34,0,0,1,0,1
20161.99,0,0,0,20,0,0,0,0,0
32243.48,0,0,1,1,0,0,1,0,0
25901.35,0,1,1,0,1,0,0,0,0
9210.7,0,1,0,0,0,0,0,0,0
12052.35,20,0,0,19,0,0,0,0,0
4776.03,0,0,0,32,1,0,0,0,1
34211.46,20,1,0,15,0,0,0,0,0
21755.48,0,0,0,21,0,1,0,0,0
40950.96,20,0,0,36,0,0,0,1,1
25884.66,0,1,1,26,0,0,0,0,0
56675.36,20,0,0,37,0,1,0,0,1
61866.25,40,0,0,18,0,0,0,0,1
88745.29,0,0,0,27,0,0,0,0,0
58711.09,20,0,0,34,0,0,0,1,1
13338.45,40,0,0,7,0,0,1,0,1
81869.12,20,0,0,32,1,1,0,0,1
30990.35,0,0,1,30,0,1,0,1,1
1550.25,0,0,1,24,1,1,0,0,1
75209.56,0,1,0,36,0,1,0,0,1
44206.28,0,0,0,8,1,0,0,0,0
19921.65,0,0,0,20,1,1,0,0,0
91503.1,0,0,0,34,1,1,1,0,1
91768.62,0,0,0,12,0,1,0,0,0
98572.52,20,0,0,0,1,0,1,0,1
62926.66,0,0,0,14,1,1,0,0,1
60395.1,0,0,0,6,0,0,0,0,0
21866.08,0,0,0,8,0,1,0,0,0
89622.71,0,0,0,0,0,0,0,0,0
26703.9,0,0,1,12,0,0,1,0,0
50920.59,20,0,0,12,0,0,0,0,0
69496.98,0,0,0,4,0,0,0,1,0
56219.69,0,0,0,37,0,0,0,1,0
67123.8,0,0,0,24,1,0,0,0,1
2719.84,0,0,0,15,0,0,0,0,0
28008.22,20,0,0,8,0,0,0,0,0
81061.71,0,0,0,13,1,0,0,0,1
25844.15,0,0,0,10,0,0,0,0,0
58536.4,40,0,1,1,0,0,1,1,1
97504.87,0,0,0,14,0,0,0,0,0
6969.51,0,0,0,12,0,1,0,0,0
93070.13,20,0,0,13,0,0,0,0,0
11320.08,0,0,1,31,1,1,0,0,1
17071.37,0,0,0,31,0,0,0,1,0
2854.73,0,0,0,2,1,0,0,0,0
2802.08,40,0,0,40,1,0,0,0,1
58436.38,20,0,0,37,1,1,0,1,1
18152.61,0,0,0,30,0,0,1,0,0
20274.73,0,0,0,17,0,0,0,0,0
69293.8,20,1,1,8,0,1,0,0,1
88628.41,0,0,0,16,0,1,0,0,0
90206.19,20,0,0,39,0,0,0,0,1
56246.22,0,1,0,3,0,0,0,0,0
90869.97,20,0,0,35,0,0,0,0,1
62151.37,40,0,0,14,0,0,0,1,1
84700.34,0,0,0,27,0,0,0,0,0
17253.0,0,1,0,21,0,0,0,0,0
68065.33,0,0,0,30,0,0,0,0,1
86012.92,0,0,0,15,0,1,0,0,0
94147.42,0,0,0,9,0,0,0,0,0
28284.0,0,1,1,17,0,0,0,0,0
20926.8,0,0,0,31,0,0,0,0,0
69003.2,0,0,0,3,0,1,1,1,1
92500.49,0,0,0,35,0,0,0,0,0
60156.07,20,0,0,18,1,0,0,0,1
75993.99,0,0,0,9,0,0,0,0,0
26617.25,20,0,1,36,0,0,0,0,1
33846.14,20,0,0,40,0,0,0,1,1
33477.44,0,0,0,8,1,1,0,0,0
31051.71,20,1,0,35,0,0,0,0,1
73974.87,0,0,0,20,1,1,0,0,1
83571.75,40,1,0,12,0,0,0,0,1
43014.78,20,0,0,33,0,0,0,0,1
83884.98,0,0,0,9,1,1,0,1,1
89135.52,20,0,1,3,0,1,0,0,1
63682.63,40,0,0,36,0,0,0,0,1
73092.38,0,0,0,27,0,0,0,0,0
97735.62,20,0,0,0,0,0,0,1,1
17983.33,0,0,0,9,1,1,0,0,0
84001.03,0,0,0,12,0,0,0,1,0
74871.37,0,0,0,40,0,0,0,0,1
86367.95,40,0,0,33,0,0,0,1,1
77311.24,0,0,0,14,0,1,0,1,1
15171.13,40,0,0,15,0,0,0,1,1
82491.05,20,0,0,14,1,1,0,0,1
27078.71,20,0,1,28,0,0,0,0,1
79621.7,20,0,0,36,1,1,0,1,1
93667.1,20,0,0,11,0,0,0,0,1
87171.0,0,0,0,10,0,0,0,1,0
13504.47,0,0,1,5,0,0,0,0,0
94213.27,0,0,0,30,1,0,0,0,1
2264.14,0,0,0,32,0,0,1,1,1
18093.21,0,1,0,24,0,0,0,0,0
24108.73,40,0,0,4,1,0,0,0,0
27857.92,0,0,0,20,0,0,0,0,0
51567.72,0,0,0,35,0,1,0,0,1
22615.93,0,0,0,4,0,0,1,0,0
40253.02,20,0,0,6,0,1,0,1,1
22705.99,0,1,0,7,0,1,0,0,0
66435.33,20,0,1,35,0,0,0,0,1
81709.82,20,0,1,37,0,1,1,0,1
87162.85,0,0,0,5,0,0,0,0,0
6804.24,0,1,0,8,0,0,0,0,0
33054.98,0,0,0,28,0,0,0,0,0
93738.86,0,0,0,23,0,1,0,1,1
85417.79,20,0,0,4,0,0,0,0,1
58507.63,0,0,1,35,0,0,0,1,1
11789.9,0,0,0,30,0,0,0,1,0
39070.23,0,0,0,30,0,0,0,1,0
21999.14,0,0,1,33,0,1,0,0,0
94204.53,0,0,0,11,0,0,0,0,0
6517.01,40,0,0,37,0,0,0,0,0
15627.16,20,1,0,2,0,0,0,0,0
50105.67,0,0,0,8,0,0,0,0,0
32102.58,0,0,1,25,0,0,0,0,1
31880.49,0,1,0,36,1,0,0,0,1
21786.56,0,0,1,25,0,0,0,0,1
50843.67,0,0,0,37,0,0,0,0,0
54803.36,20,0,0,17,0,0,0,0,1
39333.99,20,0,1,10,0,0,0,0,0
63289.57,0,1,0,19,1,0,1,0,1
44406.59,40,0,0,1,0,1,0,0,1
27677.34,0,0,0,16,1,0,0,0,0
64134.27,40,0,0,25,0,0,1,0,1
8259.8,0,0,0,2,0,0,0,0,0
30679.25,20,0,0,22,0,1,0,0,0
46121.89,0,0,1,10,0,0,0,1,1
69646.6,0,0,0,15,0,0,0,0,0
37725.39,0,0,1,6,0,0,0,0,0
47226.61,20,0,1,6,0,0,0,1,1
44188.77,0,1,0,30,0,0,0,0,0
93148.56,0,0,0,34,0,0,0,1,1
97506.83,0,0,0,28,1,0,0,1,1
30102.38,0,0,1,20,1,1,0,0,1
12712.07,0,0,0,15,0,0,0,0,0
13377.2,20,0,0,7,1,1,0,0,1
52273.84,20,0,0,34,0,0,0,0,1
87318.22,0,0,0,17,0,0,0,0,0
29955.59,20,0,0,18,0,0,0,0,0
9794.24,20,0,0,21,0,0,0,0,0
18693.77,0,0,0,21,0,0,1,0,0
13092.27,40,0,0,33,0,0,1,0,1
17440.71,20,0,1,25,0,0,0,0,0
33448.2,0,0,0,29,0,0,0,0,0
99015.66,20,1,0,30,0,1,0,1,1
715.0,0,0,0,30,0,0,0,0,0
10452.65,20,1,1,32,0,0,0,0,1
17190.4,0,0,1,11,0,0,0,0,0
27966.08,20,0,1,40,0,0,0,0,1
74265.4,0,0,0,40,0,0,0,0,1
27437.91,0,0,1,8,0,0,0,0,0
20226.11,40,0,0,23,0,0,0,0,1
5668.74,0,0,1,1,0,0,0,0,0
96106.07,0,1,1,21,1,0,0,0,1
67642.88,0,0,0,29,0,0,0,0,0
97121.36,20,0,1,6,0,0,1,0,1
23212.21,0,1,0,1,0,0,0,0,0
9583.61,0,0,0,32,0,0,0,1,0
28328.58,0,0,0,33,0,1,0,0,0
95762.24,0,1,1,19,0,0,0,1,1
59845.11,40,0,0,31,0,0,0,0,1
65944.7,0,0,0,38,1,1,0,0,1
22948.14,0,0,1,19,0,0,0,0,0
71229.06,0,0,0,36,0,0,1,0,1
62797.12,20,1,0,24,1,0,0,1,1
22054.6,0,0,0,1,1,1,0,0,0
37485.38,0,0,1,12,0,0,0,0,0
52821.03,0,1,0,40,1,1,0,0,1
75961.22,0,0,1,9,0,0,0,0,1
80222.57,40,1,1,3,0,0,0,0,1
27194.52,0,1,1,7,0,0,0,0,0
13410.68,20,0,0,20,0,0,0,0,0
93315.26,0,0,0,22,1,0,0,0,1
530.84,0,0,0,32,0,1,0,0,0
84761.98,0,0,0,24,0,0,0,0,0
35530.87,0,0,1,25,0,0,0,1,1
14147.19,0,0,1,26,0,1,0,0,1
92541.0,20,0,0,8,0,0,0,0,0
77004.32,0,1,1,21,0,0,0,0,1
52092.75,0,0,0,22,0,0,0,0,0
67199.77,0,0,0,18,0,0,0,0,0
98382.93,0,0,0,3,0,0,0,0,0
34601.55,0,1,0,6,0,0,0,0,0
59345.83,20,0,1,5,0,1,0,0,1
79600.53,0,0,0,3,1,0,0,0,0
75975.86,0,0,0,3,0,0,0,0,0
68959.53,20,1,1,18,1,0,0,0,1
38810.8,40,0,0,37,0,0,0,0,1
70467.43,0,1,0,9,0,0,0,0,0
58654.53,20,0,0,20,0,0,0,0,1
95704.6,0,0,0,13,0,0,0,0,1
97138.23,20,0,0,22,1,0,0,0,1
62961.93,0,0,0,20,1,0,1,1,1
86566.02,0,0,0,19,0,0,0,0,0
60751.25,20,1,0,1,0,0,0,0,1
81737.46,20,1,0,38,1,1,0,0,1
57625.23,20,0,0,10,0,1,0,0,1
39506.05,0,0,0,18,1,0,0,0,0
86174.3,40,0,0,11,0,1,0,1,1
64507.87,0,0,0,4,0,0,0,0,0
12462.52,40,0,0,7,0,0,0,0,0
31931.18,0,0,0,23,0,1,0,0,0
99703.05,20,0,1,0,0,0,0,0,1
2945.68,0,0,0,13,1,1,0,0,0
42593.46,40,1,1,36,0,1,0,0,1
36905.61,40,0,0,36,1,0,0,0,1
59527.88,0,0,0,27,0,0,0,0,0
8209.33,20,0,0,6,0,0,0,0,0
43087.84,20,1,0,32,1,0,0,0,1
52312.73,0,0,0,9,0,1,0,0,1
34800.23,20,0,0,10,0,0,0,0,0
5428.77,20,0,0,22,0,0,0,0,0
67337.25,0,0,1,33,0,0,0,0,1
74796.67,20,1,0,12,0,0,0,0,1
47516.91,40,0,0,23,1,0,1,0,1
71375.15,0,1,0,11,0,0,0,0,1
93138.91,0,0,0,2,0,0,0,0,0
93065.58,20,0,0,10,0,0,0,0,1
69796.12,0,0,0,5,0,0,0,0,0
85747.37,0,0,0,14,0,0,0,0,1
93162.99,0,0,0,10,1,0,0,0,0
51041.9,20,0,1,18,0,0,0,0,1
14291.4,20,1,0,5,0,0,0,0,0
69346.88,0,0,0,39,0,0,0,0,1
82775.54,20,0,0,15,1,0,0,0,1
4182.56,0,0,0,21,1,0,0,0,0
62989.78,20,0,0,36,0,1,0,0,1
15247.38,0,0,0,15,1,0,1,0,0
68269.94,20,0,0,0,1,0,1,0,1
58410.19,0,0,0,34,0,0,0,1,1
54349.06,0,0,0,21,0,0,0,0,1
65608.62,20,1,0,36,0,1,0,0,1
94939.96,20,0,0,30,0,0,0,0,1
83147.37,0,0,0,4,0,0,0,1,0
52289.25,0,0,0,10,0,0,0,0,0
14276.19,0,0,0,20,0,0,0,0,0
69903.35,40,1,0,21,0,0,0,1,1
45288.37,0,1,0,29,1,0,0,0,0
55308.13,20,1,0,35,0,0,0,0,1
69861.92,0,0,0,28,0,0,0,0,0
25689.61,0,0,0,16,1,0,0,0,0
31524.38,0,0,0,5,1,0,0,0,0
25507.62,0,0,0,35,0,0,0,0,0
93258.16,0,0,0,13,0,0,0,0,1
36514.1,20,0,0,20,0,0,0,0,0
8472.81,20,1,0,21,1,0,0,0,1
96467.02,20,0,0,15,1,1,0,0,1
84967.82,0,0,1,17,0,0,1,0,1
51452.4,0,0,0,13,0,0,0,0,0
88856.96,20,0,1,20,1,1,0,0,1
93569.77,0,0,1,3,1,0,0,1,1
1509.36,0,0,0,31,0,0,0,0,0
29514.84,20,0,0,27,0,0,0,0,0
53312.79,0,0,0,9,0,0,0,0,0
38233.38,20,1,1,34,0,0,0,0,1
5621.53,0,0,0,10,0,0,0,1,0
51886.07,0,0,0,11,0,0,0,1,0
84020.22,40,0,0,24,1,0,0,0,1
63204.94,0,0,0,16,0,0,0,0,0
4221.51,0,0,0,21,0,0,0,0,0
28065.49,20,0,0,26,0,0,0,0,0
655.88,20,0,0,6,0,0,0,0,0
76926.6,20,0,1,19,0,0,0,0,1
34470.92,0,0,1,2,0,0,0,0,0
99239.36,0,0,0,6,0,0,0,0,0
41738.62,20,0,0,22,0,0,0,0,0
70625.06,0,0,0,8,1,1,0,0,1
47501.11,0,0,0,34,0,0,0,0,0
28466.31,0,0,1,16,1,1,0,1,1
2970.97,0,0,1,13,0,0,0,1,0
99788.37,0,1,1,23,0,0,0,0,1
73144.46,40,0,1,10,0,0,0,0,1
84929.59,20,1,0,10,0,0,0,1,1
93838.6,40,0,0,8,1,0,0,0,1
18424.09,0,0,0,19,0,0,0,0,0
50202.55,20,0,0,23,0,0,0,0,1
61787.69,0,0,0,1,0,1,0,0,1
33668.24,0,0,0,5,1,0,1,0,0
2641.37,20,0,1,38,0,0,0,1,1
9783.89,0,0,1,37,0,1,0,0,0
72214.44,0,0,0,35,0,0,0,0,0
9812.29,0,0,0,40,0,1,0,0,0
65720.31,0,0,0,0,1,0,0,1,1
51846.8,0,1,1,1,0,0,1,1,1
81368.23,40,0,0,8,1,1,0,0,1
93778.83,20,0,0,39,0,1,0,0,1
79044.11,0,0,1,29,1,0,0,0,1
24270.14,40,0,0,6,0,0,0,0,0
33370.63,0,0,0,6,0,0,1,0,0
72746.44,0,0,0,32,0,0,0,1,1
19375.74,0,0,0,9,1,0,0,0,0
46778.05,0,0,0,8,0,1,0,1,0
7954.12,0,0,0,6,0,0,0,0,0
89211.51,20,0,0,5,0,0,0,0,0
97256.73,20,0,0,9,1,1,0,0,1
71077.74,20,0,0,16,1,0,0,0,1
67731.46,0,1,0,16,1,0,0,0,1
10060.25,0,0,0,22,0,0,0,0,0
23884.6,0,1,0,17,0,0,0,0,0
14116.82,0,0,0,3,0,0,0,0,0
66042.15,0,0,0,13,1,0,0,0,0
20901.57,0,0,0,29,1,0,0,0,0
21992.74,0,0,1,29,1,0,0,0,1
68086.43,20,1,1,15,0,0,0,0,1
45732.09,20,0,0,30,1,0,0,1,1
33821.16,0,0,0,37,0,0,0,1,1
48067.1,0,0,0,39,0,0,0,0,0
91285.93,20,0,1,4,0,1,0,0,1
60906.28,0,0,0,37,0,0,0,0,0
72948.17,0,0,0,15,0,0,0,1,1
44148.8,0,0,1,1,0,0,0,0,0
94618.22,0,0,0,5,0,0,0,1,0
60207.3,0,0,0,18,0,1,0,0,0
15170.79,0,1,1,29,0,1,1,1,1
4831.31,20,1,0,21,0,0,0,0,1
16155.99,0,1,1,40,0,0,0,0,1
47534.1,20,0,0,6,1,0,1,0,0
3822.17,20,0,0,13,0,0,0,0,0
70880.2,0,0,0,38,0,0,0,0,0
47588.52,0,0,0,15,0,0,0,0,0
49209.36,0,0,0,30,0,0,0,0,0
41423.5,0,0,0,10,0,0,1,0,0
61378.17,0,0,1,27,1,0,0,0,1
25566.59,0,1,1,22,0,1,0,0,0
78363.76,20,1,1,28,0,1,1,0,1
32240.9,20,0,0,27,0,0,0,0,0
28708.51,0,0,1,26,0,0,0,0,0
71076.46,0,0,0,36,0,1,0,0,1
77945.12,40,0,0,29,0,0,1,0,1
27979.21,0,1,0,37,1,0,0,1,1
29355.97,40,0,0,3,0,0,0,1,0
15263.17,0,0,0,16,0,0,0,0,0
33946.95,0,0,0,30,1,0,0,1,1
50326.79,0,0,0,36,0,1,0,1,1
92553.76,0,0,0,22,0,0,0,0,1
71107.29,0,0,0,9,0,0,0,1,0
67402.69,0,0,0,37,0,0,0,0,1
24310.59,40,0,0,38,0,1,0,0,1
32368.28,0,0,0,14,0,0,1,0,0
83106.81,0,0,1,30,1,0,0,0,1
21410.66,0,0,0,0,1,0,0,0,0
69363.36,0,0,0,36,0,0,0,0,1
95044.02,0,1,0,21,0,1,0,0,1
32695.79,0,0,1,1,0,0,0,0,0
21871.89,20,0,0,29,0,0,0,0,0
70894.97,0,0,1,5,1,0,0,0,1
64990.9,0,1,0,39,1,0,1,0,1
11098.53,0,1,0,28,0,0,0,1,0
8186.62,0,0,0,32,0,0,0,0,0
70356.3,0,0,0,16,0,1,0,0,0
83504.82,0,0,1,5,0,0,0,0,0
42462.15,20,0,0,18,0,1,0,0,0
47631.31,20,0,0,4,1,1,0,0,1
72121.09,20,0,1,13,1,0,0,1,1
19863.67,20,0,0,20,0,0,1,1,0
25644.95,0,0,0,19,0,1,0,0,0
58135.28,20,0,0,11,0,1,0,0,1
60129.39,0,0,0,3,0,1,0,0,0
54982.82,0,0,0,21,1,1,0,0,1
2900.76,20,0,1,29,1,0,0,0,1
14393.59,20,0,0,11,0,0,1,0,0
8685.92,0,0,0,29,0,0,0,0,0
20982.14,20,0,0,24,0,1,0,0,0
29929.97,40,0,1,30,0,1,0,0,1
87429.63,40,0,0,12,0,1,0,0,1
91343.28,0,0,0,25,0,0,0,0,1
64259.96,0,0,1,30,1,0,0,0,1
36804.77,0,0,0,21,0,0,0,0,0
77576.73,40,1,0,29,0,0,0,0,1
11002.7,20,0,0,20,0,1,0,0,0
68425.09,0,0,0,28,0,0,0,0,0
12617.59,20,0,0,7,1,0,0,0,0
66225.06,40,0,0,40,0,0,1,0,1
58443.15,20,0,0,31,0,0,0,0,1
94475.48,0,0,0,23,0,0,0,0,1
55469.89,0,0,0,40,1,0,0,0,1
45209.63,0,0,0,10,0,0,0,0,0
4710.47,20,0,0,7,0,0,0,1,0
9979.23,0,0,0,22,0,0,0,0,0
39590.93,0,0,0,22,0,1,0,0,0
1733.28,20,0,0,30,0,0,0,1,1
74988.91,20,0,0,21,0,0,0,0,0
16158.1,0,0,0,15,0,0,0,0,0
78819.12,0,0,0,18,0,0,0,0,0
76843.97,0,0,0,13,0,0,0,0,0
26081.9,20,0,0,40,0,0,0,0,1
9296.94,0,0,0,2,0,1,0,1,0
60179.91,40,0,0,27,0,1,0,0,1
27568.48,20,0,1,26,1,1,0,0,1
66017.84,20,1,1,6,0,0,0,1,1
15783.54,0,0,0,36,1,0,0,0,1
3872.72,20,0,0,31,0,0,1,0,1
98235.48,20,1,0,9,0,0,0,0,1
74931.62,0,0,0,12,0,0,0,0,0
6241.86,0,0,0,0,0,0,0,0,0
1199.56,0,0,1,19,0,0,0,0,0
64572.42,0,1,0,20,1,0,0,0,1
22930.5,40,0,0,39,0,0,0,0,1
90104.74,0,0,0,24,0,0,0,0,1
68679.11,0,1,0,36,1,0,0,0,1
43339.81,0,0,0,4,0,0,0,0,0
80239.39,20,0,0,31,0,1,0,0,1
22176.04,0,0,0,21,0,0,0,0,0
13993.92,0,1,0,21,0,1,0,0,0
64048.48,0,0,0,26,0,1,0,1,1
25219.26,0,0,1,36,1,0,0,0,1
42160.07,40,0,1,16,0,0,0,0,1
41001.64,0,1,1,35,0,1,0,0,1
41783.25,0,0,0,30,1,0,0,0,0
52811.7,0,1,0,24,0,1,0,0,1
82569.53,40,0,0,35,1,0,0,1,1
89296.92,0,0,0,9,0,1,0,0,1
25340.75,0,0,0,3,0,0,1,1,0
72940.11,0,0,1,14,0,0,0,0,0
82900.61,40,0,0,22,0,0,0,0,1
87052.48,0,1,0,7,0,0,0,0,1
98672.78,0,0,0,32,1,0,1,0,1
22459.16,20,1,0,9,1,0,0,0,0
34650.27,20,0,0,36,0,1,0,1,1
3430.88,0,1,0,40,0,0,0,0,1
70682.75,20,0,0,22,0,0,0,0,1
25662.42,20,0,0,22,1,0,1,0,0
36968.95,0,0,0,23,0,0,0,1,0
46866.91,0,0,0,4,0,1,0,0,0
87588.71,0,0,0,22,0,0,0,1,0
58217.57,0,0,1,30,0,1,0,0,1
2237.88,0,0,1,13,0,0,0,1,0
29983.59,0,0,0,0,0,0,0,1,0
2370.26,0,0,0,3,0,0,0,0,0
20419.71,0,0,0,36,1,0,0,0,0
69436.34,0,0,0,5,0,0,0,0,0
29387.07,0,0,0,0,0,0,0,1,0
50998.53,20,0,0,10,0,0,0,0,1
69798.91,20,0,0,16,1,0,0,0,1
68412.22,0,1,0,33,0,0,0,0,1
79459.41,0,0,0,21,0,0,0,0,0
74160.17,0,1,1,21,0,0,0,1,1
96829.15,20,0,0,9,0,0,0,0,1
8606.0,0,0,0,36,0,0,1,1,1
32103.27,0,0,0,37,0,0,0,0,1
27711.43,0,0,0,21,0,0,0,0,0
91561.78,0,0,1,34,0,0,0,0,1
85676.11,0,0,0,4,1,0,0,0,0
18440.53,0,0,0,6,0,0,0,0,0
78818.91,0,0,0,26,1,0,0,0,0
2900.31,0,0,0,11,0,0,0,0,0
97319.57,0,0,0,14,0,1,0,0,0
43969.74,0,0,0,17,0,0,0,0,0
1537.1,0,0,0,27,0,1,0,0,0
38838.34,20,0,1,0,0,0,0,0,0
47965.32,20,1,0,16,0,0,1,0,1
64607.42,20,0,0,11,0,1,0,0,1
32449.67,20,1,0,39,0,0,0,0,1
7930.64,20,1,0,32,0,0,0,0,1
3721.29,0,1,0,0,0,0,0,1,0
96402.55,0,0,1,30,0,0,0,0,1
54080.49,0,0,0,19,0,0,0,0,0
30870.66,0,0,1,31,1,1,0,0,1
76182.14,0,0,0,40,0,0,0,0,1
73887.11,20,1,0,25,1,0,0,0,1
23567.26,20,0,0,34,0,0,0,0,0
77480.21,0,0,0,22,0,0,0,0,1
52479.3,0,0,0,16,0,0,0,0,0
41929.4,0,0,0,16,0,1,0,0,0
77196.55,0,0,0,10,0,0,0,0,0
31825.23,0,1,0,21,0,1,0,1,0
85763.14,0,0,0,37,0,0,0,0,0
84719.64,0,0,0,35,0,1,0,0,1
23152.43,20,0,0,4,0,0,0,0,0
64288.42,0,0,0,34,0,0,0,0,0
82879.22,0,0,0,26,0,0,0,1,1
9431.25,0,0,0,30,1,0,1,0,0
79121.08,0,0,0,8,0,0,0,0,0
75055.02,0,0,1,0,0,0,0,0,0
43277.02,40,0,1,7,0,0,0,0,1
79817.66,0,0,1,24,0,0,0,0,1
17680.1,20,0,0,12,0,0,0,1,0
18471.59,20,0,0,11,0,0,0,1,0
20106.54,0,0,0,0,0,0,0,0,0
47495.82,40,0,0,25,0,1,0,0,1
28340.01,0,0,0,23,0,0,0,1,0
59785.75,0,0,0,12,0,0,0,1,1
72317.88,0,0,0,23,0,0,0,0,1
37568.47,0,0,0,4,0,0,0,0,0
14494.92,0,0,0,28,0,0,0,0,0
12942.25,20,0,0,40,0,0,0,0,0
76508.4,0,0,1,20,0,0,0,0,1
11095.03,0,1,0,37,0,1,0,0,0
4044.24,0,0,0,17,0,0,0,0,0
54169.3,0,0,0,17,1,0,0,1,1
51961.44,20,0,0,12,0,0,0,1,0
14001.56,40,1,0,27,1,0,0,0,1
72421.57,0,0,0,11,0,0,0,0,0
1749.62,0,0,0,12,0,0,0,0,0
94261.53,20,0,0,0,0,0,0,0,1
27850.26,20,0,1,20,0,0,0,0,0
4130.47,20,0,0,4,0,0,0,0,0
25942.04,0,0,0,40,0,0,0,0,0
82423.36,40,1,0,29,1,0,0,1,1
58449.09,0,0,0,21,0,0,0,1,0
52869.38,20,0,0,13,1,1,0,1,1
60343.13,40,0,0,26,0,0,0,0,1
5198.02,0,0,0,17,1,1,0,1,1
97681.45,0,0,0,36,0,0,0,0,0
44573.75,0,0,0,21,0,0,0,1,0
25822.79,20,0,0,10,0,1,1,0,1
17633.47,0,0,1,28,1,0,0,0,0
5495.96,0,0,0,12,1,0,0,0,0
18893.67,0,0,0,13,0,0,0,0,0
86527.02,0,0,0,34,0,0,0,1,0
21436.78,0,0,0,29,0,0,0,1,0
35455.06,0,0,1,34,0,0,0,0,1
18199.62,20,0,0,39,1,0,0,0,1
77296.75,0,0,0,9,0,0,0,1,1
29788.56,0,0,0,1,0,1,0,0,0
10662.13,40,0,0,8,0,1,0,0,0
71863.86,0,1,0,16,1,0,0,0,1
46915.97,20,0,1,3,0,0,0,0,0
12736.43,0,0,1,23,0,0,0,0,0
25727.0,0,0,0,29,0,0,0,0,0
34731.21,20,0,0,31,0,0,0,0,1
50402.61,20,0,0,14,0,0,0,0,0
79318.64,20,0,1,17,1,0,0,0,1
27102.87,20,0,0,16,0,0,0,0,0
43811.6,0,0,0,23,0,0,0,0,0
78935.91,0,0,1,28,0,0,0,0,1
6973.45,40,0,0,34,0,0,0,0,1
44385.52,0,0,0,14,0,0,0,0,0
14873.44,0,1,0,35,1,0,0,0,0
60117.08,20,0,0,8,0,0,0,0,0
79385.93,20,0,0,6,0,0,0,0,1
39099.66,0,1,1,39,0,0,0,0,1
73333.38,0,0,0,31,1,1,0,0,1
43581.05,0,1,0,2,0,0,0,0,0
64323.97,20,0,0,8,0,1,0,0,1
80534.07,0,0,1,37,0,0,0,0,1
54747.11,0,1,1,16,1,0,0,0,1
17203.61,20,0,0,16,1,0,0,0,0
41692.97,40,0,0,1,0,1,0,0,1
20189.61,0,0,0,14,0,0,0,0,0
59230.15,20,0,0,16,0,0,1,0,1
43753.26,0,0,0,17,0,0,0,0,0
8905.65,20,0,0,4,0,0,0,0,0
94623.31,0,0,0,22,0,0,0,0,0
71507.68,40,0,0,24,0,0,0,0,1
17214.9,0,0,0,28,0,0,0,0,0
67216.6,40,0,0,35,0,1,0,0,1
11437.84,20,0,0,36,0,0,0,0,0
80537.57,0,0,0,25,1,1,0,0,1
74901.94,40,0,0,15,0,0,0,0,1
16847.92,0,1,0,17,0,1,0,0,1
63862.81,0,0,0,16,0,0,0,0,1
5388.5,0,0,0,0,0,0,0,0,0
18246.0,0,0,0,38,0,1,0,0,0
54106.1,40,0,1,34,0,0,0,0,1
20043.4,40,0,0,31,1,0,0,0,1
35322.12,0,0,1,26,0,0,0,0,0
53159.13,20,0,0,37,1,0,0,0,1
74523.37,0,0,1,10,0,0,0,0,1
95892.7,0,0,0,7,0,0,1,0,1
9763.0,20,1,0,39,1,0,0,0,1
38464.75,20,0,0,14,0,0,0,1,1
29561.68,40,0,0,13,0,0,0,0,1
38283.52,0,1,1,11,0,1,0,1,1
92444.22,40,0,1,28,0,1,0,1,1
98251.7,20,0,0,8,0,0,0,0,1
32412.05,0,0,0,14,0,0,0,0,0
11300.07,0,0,0,21,0,0,0,1,0
21019.15,20,0,0,32,0,0,1,0,1
41740.71,40,0,0,30,0,0,0,0,1
61200.02,20,0,0,20,0,0,0,0,0
79276.51,0,1,1,13,0,1,1,0,1
60007.95,40,0,0,20,0,0,1,1,1
12417.18,0,1,0,32,0,1,0,0,1
51465.97,0,1,1,11,0,0,1,0,1
46965.98,0,0,0,4,1,0,0,0,0
69814.53,20,0,0,25,0,0,0,1,1
65346.33,0,0,1,18,0,1,0,0,1
61489.15,0,0,0,32,0,0,0,1,0
95033.85,20,0,0,20,1,0,0,0,1
92647.16,20,0,0,32,1,0,0,0,1
93124.26,40,0,0,33,0,0,0,0,1
98665.39,0,0,0,11,0,0,1,0,1
75116.73,0,0,1,38,0,0,0,0,1
20912.8,0,0,0,20,0,0,0,0,0
7670.32,40,0,0,31,0,0,0,0,1
45765.36,0,0,0,29,0,0,0,0,0
94709.11,20,0,0,18,0,0,0,1,1
13975.29,0,1,1,33,0,0,0,0,1
14243.9,0,0,0,18,0,0,0,0,0
59157.16,0,0,1,8,0,0,0,1,0
76428.26,0,0,0,29,0,0,0,0,0
70982.69,40,1,1,13,0,0,0,0,1
98143.18,20,0,1,9,1,0,0,0,1
40158.28,20,0,0,6,1,0,0,0,1
86444.7,0,0,0,32,1,0,0,0,1
37643.69,0,0,0,11,0,0,0,1,0
89690.67,0,0,0,21,0,0,1,1,1
49115.76,0,0,1,27,0,0,0,0,0
45123.51,0,0,0,18,0,0,1,1,1
23625.67,40,0,1,33,0,1,0,0,1
13007.59,40,0,1,38,0,1,1,0,1
49144.32,0,0,0,37,0,1,0,1,0
34520.81,20,0,0,38,1,1,0,0,1
71254.67,0,1,0,19,0,1,1,0,1
51976.25,40,0,0,27,0,0,0,0,1
46940.41,0,0,0,9,0,1,0,0,0
57454.71,0,0,0,22,0,0,0,0,0
81239.08,20,0,0,5,0,0,0,1,0
25335.17,40,0,0,37,0,0,0,0,1
31999.14,20,1,0,23,0,0,0,1,1
35815.03,0,1,0,8,0,0,0,0,0
44234.37,0,0,1,27,1,0,0,1,1
1585.92,20,0,0,39,0,1,0,0,1
29686.62,40,0,1,14,0,0,0,0,1
50367.23,40,0,0,2,0,0,1,0,1
74436.67,20,0,0,4,1,0,0,0,1
35460.78,0,1,0,7,1,0,0,1,1
19021.19,0,0,0,39,0,0,0,0,0
52843.84,0,0,1,15,0,0,0,0,1
94152.08,0,1,0,5,0,0,0,0,1
9923.0,20,0,0,29,0,0,0,0,0
2923.17,0,0,1,8,1,0,0,1,0
35537.14,0,0,1,5,0,0,0,1,0
93963.71,20,0,0,27,0,0,0,0,1
16232.24,40,0,0,15,0,0,0,0,0
51099.39,0,0,1,33,0,0,0,0,1
57651.37,0,0,0,14,0,0,1,0,0
26485.41,20,1,1,40,0,0,0,0,1
72163.27,0,0,0,7,0,1,0,0,0
87541.69,0,1,0,31,0,0,0,0,1
65326.29,0,1,0,25,0,0,0,0,1
70444.86,0,0,1,32,0,0,0,0,1
50096.89,40,1,0,24,0,0,0,1,1
55207.0,0,1,0,16,1,1,0,0,1
94525.8,0,0,0,30,1,0,0,0,1
67236.94,0,0,0,20,1,0,0,0,0
63080.38,20,1,0,5,0,0,0,0,1
81907.28,0,0,0,23,0,0,0,1,1
54779.18,0,0,0,7,1,0,0,0,0
48693.09,0,1,1,12,0,1,0,0,1
22807.95,0,1,0,1,1,0,0,0,0
86800.12,40,0,0,11,0,0,0,0,1
70658.94,20,0,0,13,0,0,0,0,0
19882.7,40,0,0,0,0,0,0,0,0
92756.54,20,0,0,38,0,0,0,0,1
73674.32,0,0,0,19,0,0,0,0,1
11132.52,40,1,0,23,1,0,0,0,1
55837.87,20,0,0,19,0,0,0,0,1
7182.1,0,0,0,17,0,0,0,0,0
39545.88,0,0,0,16,1,0,0,0,0
60816.84,0,0,0,38,0,0,0,0,0
85544.38,0,0,0,19,1,0,0,0,0
88936.4,0,0,0,39,0,0,0,0,1
17088.51,0,0,0,2,1,0,1,0,0
27582.99,0,1,0,5,0,0,0,1,0
99452.02,0,0,1,21,0,1,0,0,1
47882.86,0,1,0,13,0,0,0,0,0
55440.69,0,0,0,38,0,1,0,0,1
75427.41,0,0,0,38,0,0,0,1,1
44807.77,20,0,0,0,1,0,0,0,0
12272.92,20,1,0,38,0,0,0,0,1
45721.14,20,0,0,23,0,0,0,0,1
33002.06,20,0,0,4,0,0,0,1,0
62789.86,20,0,0,4,0,1,0,0,1
5642.95,0,0,0,3,0,0,0,0,0
72340.29,0,1,0,22,1,0,0,0,1
95586.99,0,1,0,27,0,1,0,1,1
94663.91,0,0,0,24,0,0,0,1,0
3852.19,0,1,0,10,1,0,1,0,0
34540.21,0,0,1,18,0,0,0,0,0
553.98,0,0,0,37,0,0,0,0,0
39094.52,20,1,0,20,1,0,0,0,0
49916.92,0,1,0,24,0,0,0,0,1
70470.69,0,0,1,28,0,0,0,0,1
9110.82,0,0,0,33,0,0,0,1,0
33388.22,20,0,1,21,0,0,1,0,1
71582.08,0,0,1,32,0,0,0,1,1
84925.1,0,0,0,11,0,0,0,0,0
3577.94,0,0,0,29,1,0,0,1,1
51173.74,0,0,0,14,0,0,1,0,1
36388.54,20,0,1,11,0,0,1,0,1
56266.41,20,0,0,24,0,0,0,0,1
49851.02,0,0,0,8,0,0,0,0,0
13964.25,0,0,1,39,0,0,0,1,1
69245.18,0,0,0,8,0,0,0,0,0
36913.1,0,0,0,3,0,1,0,1,0
50127.32,0,1,0,17,1,0,0,0,1
13225.45,0,0,0,31,0,0,0,0,0
72019.58,0,0,0,2,0,0,0,1,0
527.24,20,0,0,7,1,1,0,1,0
40924.54,0,0,0,4,0,0,0,0,0
67120.06,20,0,0,6,0,0,0,0,0
48243.37,0,1,0,16,0,0,0,0,0
11409.02,0,0,0,5,1,0,0,1,0
17403.43,0,0,0,12,0,0,1,0,0
39187.67,20,0,1,30,0,0,0,0,1
78465.29,0,0,0,27,0,0,0,0,0
54407.35,0,0,0,4,0,0,0,0,0
78715.33,20,0,0,19,1,0,0,0,1
44340.79,20,0,0,37,0,0,0,0,1
50587.3,0,0,0,22,0,1,0,0,1
26596.53,20,1,0,21,0,0,0,0,0
47993.32,40,0,0,17,0,1,1,0,1
14001.31,0,1,0,17,0,0,0,1,0
64176.78,20,0,0,21,0,0,0,1,1
65780.34,0,1,0,23,0,0,1,0,1
22196.51,0,0,0,18,0,0,0,0,0
44583.23,0,0,0,27,0,0,0,0,0
31122.97,20,0,0,38,0,0,0,0,1
85330.97,20,0,1,23,0,0,0,1,1
9615.74,40,0,0,24,0,0,0,0,0
42592.77,0,0,0,34,0,1,0,0,0
99789.09,0,0,1,12,1,0,0,1,1
11656.95,0,0,0,17,0,0,0,0,0
13422.45,0,0,1,17,0,0,1,0,0
79103.97,20,0,0,36,0,0,0,0,1
60581.38,0,0,0,33,1,0,0,1,1
18339.1,0,0,0,24,0,1,1,1,0
83197.02,0,0,1,6,0,0,1,0,1
12012.75,0,0,0,3,0,0,0,0,0
91838.22,20,0,0,12,0,0,0,0,0
31619.0,0,0,0,14,0,0,0,0,0
15592.42,0,0,1,11,0,0,0,0,0
28830.76,20,1,0,9,0,0,0,0,1
27642.52,0,0,0,24,0,0,1,0,0
15165.94,40,0,0,16,1,0,0,0,1
87674.29,0,0,0,39,0,0,0,0,0
35006.87,0,0,1,20,0,0,0,1,0
65492.63,0,0,0,1,0,0,0,0,0
14159.79,0,1,0,11,0,0,0,0,0
24670.03,0,0,0,7,0,0,0,1,0
54560.58,20,1,0,17,0,0,0,0,1
87771.79,0,1,1,12,0,1,0,0,1
20309.82,0,1,0,34,0,0,0,0,0
96544.67,20,1,1,13,0,0,0,0,1
63435.11,20,1,0,1,0,0,0,0,1
38796.78,0,1,1,2,0,0,0,0,0
6847.63,0,0,0,21,0,1,0,0,0
94410.82,0,0,0,23,0,0,0,0,1
21939.88,0,0,0,29,0,0,0,1,1
93445.82,0,0,0,24,1,0,0,0,0
24209.71,40,1,1,8,0,1,0,1,1
48486.9,0,0,0,20,0,1,0,0,0
29008.63,20,0,0,9,1,0,1,1,1
36015.03,0,0,0,17,0,0,1,0,0
98652.55,0,0,0,21,0,0,0,0,1
87350.41,0,0,0,1,0,0,0,0,0
76346.56,0,0,0,17,0,0,0,0,0
15994.33,0,0,1,23,0,0,0,1,1
38840.67,0,0,0,9,0,0,0,0,0
81594.74,0,0,0,33,0,0,0,0,0
97713.88,0,0,1,30,0,1,1,0,1
96697.43,20,0,0,5,0,1,0,0,0
3396.07,40,0,0,13,1,0,0,1,1
17165.83,20,1,0,22,0,0,0,1,1
84738.29,0,1,1,18,1,0,0,0,1
10425.05,0,0,1,34,0,0,0,0,0
91790.68,0,0,0,4,0,0,0,0,0
39013.38,0,0,0,23,1,0,0,0,0
78025.21,20,0,0,24,0,0,0,0,0
27447.03,0,0,0,3,0,0,0,1,0
51099.59,0,0,1,6,0,0,0,0,0
84689.74,0,0,1,5,1,0,0,0,1
56839.93,0,0,0,22,0,0,1,0,0
11712.27,0,0,0,30,0,0,0,0,0
30236.82,20,1,0,12,0,0,0,0,0
66528.79,0,0,0,37,0,0,0,0,1
63613.82,0,0,0,4,0,0,0,0,0
1452.82,20,0,0,12,0,0,0,0,0
61507.79,20,0,0,35,1,0,0,0,1
48295.14,20,1,1,34,0,0,0,0,1
51604.9,0,0,0,20,1,0,0,0,1
95237.23,0,1,0,9,0,0,0,0,1
84027.48,0,0,0,31,0,0,1,0,1
8821.1,20,1,1,14,0,0,0,1,1
15109.48,0,0,1,18,1,0,0,0,0
17505.49,0,0,0,28,0,0,0,0,0
662.9,0,0,0,0,0,0,0,0,0
80638.76,0,0,0,37,0,0,0,0,1
48574.19,40,1,0,12,1,0,0,0,1
48382.14,0,0,1,24,0,0,1,0,1
32892.77,0,0,0,33,0,0,0,0,0
35869.57,0,1,1,21,0,0,0,0,0
951.02,0,0,0,12,0,0,0,0,0
40951.69,0,0,0,16,0,0,0,0,0
86249.42,0,1,1,25,0,0,0,0,1
51201.77,20,0,0,28,0,0,1,0,1
8608.07,0,0,0,13,0,0,0,0,0
84152.89,40,1,0,27,1,0,0,1,1
30008.77,40,0,1,8,0,0,0,0,1
30355.28,0,1,1,29,1,1,0,1,1
67674.76,20,0,0,7,0,0,0,0,0
64381.88,0,1,1,13,0,0,0,0,1
66532.03,20,0,0,30,0,0,0,0,1
94550.34,0,1,1,7,0,1,0,0,1
56177.0,0,0,0,33,0,0,0,0,1
29676.08,0,0,0,2,0,0,0,0,0
58877.44,40,0,1,29,0,0,0,0,1
27529.87,0,1,1,10,0,0,0,0,0
9413.14,20,0,1,37,1,0,0,1,1
7602.91,20,0,1,28,0,0,1,1,1
16742.02,0,0,0,6,0,1,0,0,0
57792.41,20,1,0,35,0,1,0,1,1
1452.15,40,0,0,28,0,0,0,0,1
38868.12,0,0,0,22,1,0,0,1,0
24361.72,20,0,1,25,0,0,0,0,1
83556.3,20,0,1,8,0,0,0,0,1
65794.41,0,0,0,0,1,0,0,1,1
35381.18,0,0,0,35,0,0,0,1,0
29210.33,20,1,0,24,0,0,0,0,1
65858.51,0,1,0,17,0,0,1,0,1
16769.52,20,0,0,30,1,1,1,0,1
17925.1,0,0,0,17,0,1,0,1,0
59429.44,20,0,0,15,0,0,0,1,0
55321.68,20,1,0,25,0,0,0,0,1
2600.62,0,0,0,7,0,0,0,0,0
27813.99,20,0,0,13,0,1,0,0,0
35470.01,20,0,0,23,0,0,0,0,0
11499.94,40,0,0,19,0,0,0,0,0
34224.11,0,0,0,12,0,0,0,1,0
77000.62,0,0,1,19,0,0,0,0,1
51843.06,0,0,0,26,0,0,0,0,0
49531.23,0,0,0,31,0,0,0,0,0
53562.12,0,0,0,38,0,1,0,0,1
69175.67,20,0,0,12,1,0,0,0,1
5085.86,20,0,0,13,0,0,0,0,0
72115.58,0,0,0,6,1,0,0,0,0
73066.56,0,0,1,19,0,0,0,0,0
58809.81,20,1,1,11,0,0,0,0,1
82299.26,20,0,0,28,0,0,0,0,1
75071.87,0,0,0,30,1,0,0,0,1
7813.55,40,0,1,23,0,0,0,0,1
10663.54,20,0,1,28,0,0,0,0,1
6120.48,40,1,0,38,0,0,1,0,1
48810.17,20,0,1,6,1,0,0,1,1
14665.37,0,1,0,2,0,0,0,1,0
56398.87,0,0,0,12,0,0,0,0,0
9856.52,0,0,0,27,1,1,0,0,0
8331.6,20,0,1,22,0,0,0,1,1
21009.45,0,0,0,5,0,0,0,1,0
31545.81,0,0,0,38,0,0,0,1,0
74478.97,0,0,1,30,1,1,0,0,1
9192.77,0,0,0,13,0,0,0,0,0
32929.99,0,0,1,6,1,0,0,0,0
1344.71,20,0,0,29,0,0,0,0,1
3082.1,0,0,1,5,1,0,0,0,0
34751.52,40,0,0,16,0,1,0,0,1
7012.43,20,0,0,20,0,0,0,0,0
48866.2,40,1,0,6,0,0,1,0,1
91068.47,20,0,0,23,0,0,0,0,1
33645.97,0,0,0,13,0,0,0,0,0
98005.04,0,0,0,30,0,0,0,0,0
62950.44,0,1,0,36,1,0,0,1,1
58073.37,0,0,1,0,0,0,0,0,0
96811.28,0,0,0,19,0,0,0,0,1
1030.89,40,0,0,20,1,0,0,0,1
2485.79,0,0,1,30,0,0,0,0,1
11797.82,20,0,0,13,1,0,0,0,0
38643.4,0,0,0,21,0,0,0,0,0
3249.34,20,0,0,26,0,0,0,0,0
20470.18,20,0,1,20,0,0,0,0,0
34977.13,40,1,1,19,0,1,0,0,1
29075.09,0,0,0,32,0,0,0,0,0
44111.61,0,1,1,36,1,0,1,0,1
17210.37,20,0,0,5,0,0,0,0,0
68205.13,0,0,0,8,0,0,0,0,0
9330.14,0,0,0,2,0,0,0,0,0
67144.26,0,1,1,6,0,0,0,0,1
80886.63,20,0,1,28,0,0,0,0,1
97309.3,20,0,0,9,0,0,0,1,0
55298.05,0,0,0,7,0,0,0,1,0
93903.11,0,0,0,7,1,0,0,0,0
83161.87,20,0,0,10,0,0,0,0,1
42407.1,0,0,1,15,0,0,0,0,0
4369.25,0,0,0,21,0,0,0,1,0
93817.28,40,0,0,34,0,0,0,1,1
69643.52,0,0,0,24,0,1,0,0,1
4434.82,0,0,0,40,0,0,0,0,0
28988.69,20,0,1,39,1,0,0,0,1
60184.22,20,0,0,30,1,0,0,0,1
4232.4,20,0,0,5,0,0,0,0,0
61653.03,20,0,0,34,0,0,0,0,1
48970.71,0,0,0,30,0,0,0,0,0
10692.44,0,1,0,28,0,0,0,0,0
22342.92,40,0,0,3,1,1,0,0,1
48578.11,0,0,0,3,0,1,1,0,1
46031.36,0,0,0,39,0,0,0,0,0
73901.37,20,0,0,24,0,0,0,0,1
94582.08,20,0,0,29,1,0,0,1,1
30734.8,40,0,1,3,0,0,1,0,1
32370.8,0,1,0,39,0,0,0,1,1
76630.11,20,0,0,27,0,0,0,0,1
66823.73,0,0,0,11,0,0,1,0,1
75549.23,20,0,0,9,1,0,0,0,0
79658.77,0,0,0,35,0,0,0,0,0
77478.51,20,0,0,32,0,0,0,1,1
56366.78,0,0,0,34,0,0,0,0,1
81147.01,20,0,0,25,0,0,0,1,1
91405.38,20,0,0,30,0,0,0,0,0
82266.17,0,0,1,2,0,0,0,0,0
48035.64,0,1,0,28,0,0,0,0,0
56202.08,0,1,0,14,0,0,0,0,0
64585.78,0,1,0,38,0,0,0,1,1
71636.28,20,0,0,29,0,0,0,0,1
54707.2,0,0,1,10,0,0,0,0,1
36589.82,0,0,1,12,0,0,0,1,0
63684.94,20,0,0,14,0,0,0,0,1
87837.68,0,0,0,30,0,0,0,0,0
30980.6,0,1,0,30,0,0,0,0,0
39377.99,0,0,0,26,1,0,0,0,1
41128.57,20,0,1,10,1,0,0,0,0
41757.48,0,0,0,24,0,0,0,0,0
11490.87,0,0,0,30,0,1,0,0,0
92253.27,0,0,0,19,0,0,1,0,0
40728.5,0,0,0,20,0,0,0,0,0
15230.91,0,0,0,37,0,0,0,0,0
71393.09,20,0,0,19,0,0,0,0,0
21444.47,20,0,0,31,0,0,0,0,0
64073.8,0,0,1,21,0,0,0,0,0
16667.9,20,0,0,4,0,0,0,0,0
91926.66,0,0,0,37,0,0,0,0,0
98779.18,20,0,0,22,1,0,1,0,1
2236.24,40,0,0,20,0,1,1,1,1
24671.46,40,0,0,33,1,0,0,0,1
54226.24,0,0,0,31,0,1,0,0,1
59820.0,0,0,1,34,0,0,0,0,1
20774.28,0,0,0,38,0,0,0,0,0
35695.18,0,0,0,28,0,0,0,1,0
86478.12,0,0,0,38,0,0,1,0,1
88943.58,0,0,1,29,1,0,0,0,1
98392.44,0,1,0,34,0,0,0,0,1
55623.78,20,0,0,3,0,0,1,0,1
39905.55,20,0,0,20,1,0,0,0,0
93267.79,0,1,0,5,1,0,0,0,1
99162.31,20,0,0,16,0,0,0,0,0
7493.1,0,0,0,1,0,0,0,0,0
38725.52,20,0,1,24,0,0,1,1,1
94040.2,20,1,0,33,0,0,1,0,1
10378.59,0,0,0,27,1,1,0,1,0
30350.18,0,0,0,10,0,1,0,1,0
69592.36,40,1,0,9,0,0,0,0,1
80202.31,20,0,1,33,0,0,1,0,1
16555.41,0,0,0,18,0,1,0,0,0
62159.11,40,0,0,26,0,1,0,0,1
63796.25,0,0,0,3,1,1,0,0,1
21811.37,20,0,0,24,0,0,0,0,1
26913.44,0,0,1,26,0,1,0,0,0
81340.87,0,0,0,3,0,0,1,0,1
93371.15,20,0,0,25,0,0,1,0,1
30665.28,20,0,0,36,1,1,0,0,1
46288.8,20,0,0,2,0,0,0,0,0
53456.87,0,0,0,30,0,0,0,0,1
21955.37,0,1,0,25,0,0,0,0,0
76326.34,0,0,0,28,0,0,0,0,1
10834.49,0,0,0,24,0,0,0,0,0
16467.03,0,1,0,14,1,1,0,1,0
73213.07,0,0,0,4,0,0,0,0,0
57833.06,0,0,0,6,0,0,0,0,0
29574.14,0,0,0,4,0,1,0,0,0
95376.28,20,0,1,18,0,0,0,0,1
17349.81,20,0,1,7,0,0,0,0,1
52222.76,0,0,0,39,0,1,0,0,1
41629.52,20,1,1,32,0,0,0,0,1
45653.1,0,0,0,27,0,0,0,0,0
45097.92,0,0,0,35,0,0,0,0,0
39452.97,0,1,0,35,0,1,0,1,1
34640.24,20,0,0,2,0,1,0,0,0
30799.65,20,0,0,15,0,0,0,0,0
74759.98,0,0,0,12,0,0,0,0,0
62551.49,20,0,0,38,0,0,0,1,1
33593.3,20,0,1,1,0,1,0,0,0
90892.31,0,0,0,31,0,1,1,1,1
4888.12,20,0,0,30,0,0,0,0,1
21897.82,0,0,0,17,0,0,0,1,0
11793.02,0,0,1,33,0,1,0,0,0
76188.32,0,0,0,18,0,1,0,1,1
19774.1,20,0,0,22,0,0,0,1,1
56147.53,0,0,0,5,0,0,0,0,0
96335.15,20,0,0,32,1,0,0,0,1
44148.62,20,1,0,22,0,0,0,0,0
32237.56,20,0,0,11,0,0,0,0,0
36626.43,0,0,0,28,1,0,0,0,1
52731.55,20,1,0,14,0,0,0,0,1
81186.89,20,0,0,25,0,0,0,0,1
2594.64,0,0,1,33,0,0,1,0,1
57767.62,0,0,0,12,0,1,0,0,1
60891.59,20,0,0,36,0,0,0,0,1
85651.17,0,0,0,21,0,0,0,0,0
5759.25,0,1,0,39,0,1,0,0,0
94960.0,40,0,0,27,0,1,1,1,1
75368.85,0,0,0,4,1,0,0,0,0
61893.83,0,0,0,24,0,0,0,0,0
12056.96,0,0,0,7,0,0,0,0,0
15958.97,0,0,0,12,0,1,0,0,0
69939.88,0,0,0,24,0,0,0,0,0
76094.28,0,0,0,19,0,0,0,0,0
65709.07,0,0,0,14,0,1,0,0,0
5310.6,0,1,0,11,0,0,0,0,0
98205.43,20,1,0,30,0,0,1,0,1
92124.64,0,0,0,13,0,0,0,0,0
82942.95,20,0,0,21,0,0,0,0,1
7472.88,0,0,0,5,0,0,0,0,0
30158.86,20,0,0,18,0,0,0,1,0
35780.8,0,0,0,31,0,0,0,0,0
86853.89,0,0,1,24,0,0,0,0,1
33957.72,0,0,0,24,0,1,0,1,0
22391.55,40,0,0,11,0,0,0,0,0
34476.92,40,0,0,24,1,1,0,0,1
95793.45,0,0,0,38,1,0,0,0,1
47011.63,0,1,0,9,1,0,1,0,0
92226.07,20,0,0,14,0,0,0,0,0
79792.38,20,0,0,17,0,0,0,0,0
71362.33,0,0,0,7,0,0,0,0,0
22478.96,20,1,0,36,0,0,0,0,0
99959.03,0,0,0,30,0,0,0,0,0
20853.75,0,0,0,37,0,1,0,1,1
30079.91,40,1,0,23,0,1,1,0,1
9555.32,0,1,1,37,0,1,0,0,1
24491.8,0,0,0,13,0,0,0,0,0
15663.84,20,0,1,7,1,0,0,0,1
65077.19,40,0,0,5,0,0,0,0,0
72153.19,0,0,0,8,0,1,1,0,1
96806.9,20,0,0,32,0,0,0,0,1
72444.5,20,0,1,4,0,0,0,0,1
70233.87,0,1,0,4,0,0,0,0,1
42308.32,0,0,1,5,0,0,1,1,1
31977.3,0,0,0,4,0,0,0,1,0
18949.22,0,0,0,25,1,0,0,0,0
97384.46,0,0,1,15,0,0,0,0,1
39165.64,40,0,1,38,0,0,0,1,1
10477.5,0,0,0,18,0,0,0,0,0
93997.23,0,0,0,16,1,1,0,0,1
38316.99,20,0,0,14,0,1,0,0,1
1651.79,0,0,0,27,0,0,0,0,0
82991.91,0,1,1,6,0,0,0,0,1
50320.77,0,0,0,7,0,0,0,0,0
69449.09,20,1,0,36,0,0,1,0,1
15039.61,20,0,0,2,0,0,0,1,0
16612.51,0,0,0,15,0,0,0,0,0
97489.7,0,0,0,10,0,0,0,0,0
37277.59,0,0,0,2,0,1,0,0,0
45960.28,0,0,0,9,1,1,0,0,0
62493.55,0,0,0,29,0,0,0,0,0
76074.64,0,1,0,38,0,0,1,1,1
17846.59,0,0,0,29,1,0,0,0,0
98094.97,20,0,0,31,0,0,0,1,1
6365.24,0,0,0,23,0,0,0,0,0
83420.42,20,0,0,6,0,0,0,0,1
39926.75,0,0,0,4,1,1,0,0,0
15992.68,40,0,0,33,0,0,0,0,0
40568.84,20,0,1,1,0,1,0,1,1
97773.02,0,0,0,33,0,0,0,0,0
27059.94,0,0,0,31,0,1,0,0,1
82486.49,40,0,0,39,1,0,0,0,1
98023.94,0,0,0,24,0,0,0,1,0
55021.96,0,0,0,35,0,0,1,1,1
6157.72,0,1,0,4,0,0,0,0,0
36651.53,0,0,0,17,0,0,0,0,0
10109.01,40,1,0,14,0,0,0,0,0
69301.85,0,1,0,36,0,0,0,0,1
95670.08,40,0,1,14,0,1,0,1,1
18002.74,0,1,0,21,0,1,0,1,1
9829.87,20,0,0,31,0,1,0,0,1
38829.65,0,0,0,11,1,0,0,0,0
4096.92,0,0,1,34,0,0,0,1,1
77645.43,0,0,0,5,0,1,1,1,1
52491.26,0,0,1,3,1,1,1,1,1
76362.84,0,0,0,2,0,0,0,1,0
96768.29,20,1,0,38,0,0,0,0,1
95683.08,0,0,1,32,0,0,0,0,1
29059.55,0,1,0,38,0,0,0,1,1
26615.86,0,0,0,14,0,0,0,1,0
33919.52,0,0,0,26,0,0,0,0,0
8625.69,20,0,0,11,0,0,0,0,0
90075.33,40,0,0,23,0,0,0,0,1
86337.77,0,0,0,16,0,0,0,1,1
25059.96,0,1,0,11,0,0,0,1,0
41659.94,0,0,0,35,0,0,0,0,0
97334.4,20,0,1,27,0,0,0,0,1
14726.52,0,0,1,33,0,0,0,0,1
8823.84,0,1,0,27,0,0,0,0,1
56488.62,0,1,0,39,0,0,1,0,1
49678.72,0,0,0,19,1,0,0,0,0
31908.83,0,1,0,5,0,0,1,0,0
15626.59,40,0,0,15,1,0,0,0,1
24846.74,0,0,0,1,0,0,0,0,0
70671.33,0,0,0,24,0,0,0,1,1
95032.23,0,0,0,25,1,0,0,0,1
2953.87,40,0,0,5,0,0,0,1,1
99265.91,0,0,0,24,0,0,0,0,1
4475.11,0,0,0,14,0,0,1,0,0
22916.14,0,0,1,36,0,0,0,0,0
58535.68,20,0,0,0,1,0,1,0,1
72094.29,0,0,0,8,0,0,0,0,0
3413.6,0,0,0,32,0,0,0,0,0
65967.44,20,0,0,27,0,0,0,0,1
73617.73,0,0,0,30,1,1,0,1,1
58720.4,20,1,0,38,0,0,0,0,1
19581.36,0,1,0,14,0,1,0,0,1
2710.16,40,0,1,29,1,0,0,0,1
77489.04,0,0,0,25,0,0,0,0,0
25461.67,0,1,0,36,0,0,0,0,0
5267.31,20,0,0,37,0,0,0,1,0
73032.6,0,1,0,16,1,0,0,1,1
47579.36,0,0,0,21,0,0,0,0,0
6792.5,0,0,0,0,0,0,0,0,0
71846.58,20,0,1,6,0,0,0,0,1
99357.49,40,0,0,22,1,1,0,0,1
7160.63,0,0,0,14,0,0,1,0,0
38707.82,0,0,0,19,1,0,0,0,0
43118.51,40,0,0,0,0,1,0,1,1
26726.92,0,1,1,40,0,0,1,0,1
22931.28,40,1,1,11,0,1,0,0,1
47494.86,0,0,1,28,0,0,0,1,0
74736.35,20,0,0,34,1,1,0,0,1
29995.28,20,0,0,6,0,0,0,0,0
19488.61,0,0,0,22,0,0,0,0,0
41223.84,20,0,0,4,0,0,0,0,0
60205.79,0,0,1,33,0,0,0,0,1
51437.53,0,0,1,36,0,0,0,0,1
38350.15,0,0,0,17,0,0,0,0,0
79327.72,0,0,1,15,0,0,0,0,1
4892.78,20,1,0,36,1,0,0,0,1
18118.56,0,0,1,27,0,0,0,0,0
56132.29,0,0,0,38,0,0,0,0,0
89391.84,0,0,0,2,0,0,1,1,0
40859.6,40,0,0,12,0,0,0,0,1
84997.79,20,0,0,29,0,0,0,0,1
50160.14,0,1,0,23,0,0,0,0,1
48925.82,0,0,0,7,0,0,0,0,0
88374.94,40,0,0,15,0,1,0,0,1
73101.83,0,0,0,0,0,0,0,0,0
70387.4,0,0,0,12,0,0,0,0,0
1829.46,0,0,0,12,0,0,0,0,0
74072.61,0,0,1,29,1,0,0,0,1
88655.12,20,0,0,39,0,0,0,0,1
6514.16,20,0,0,24,0,0,0,1,0
11005.44,0,0,0,13,0,0,0,0,0
28739.06,20,1,1,11,1,0,0,0,1
21510.26,0,0,0,18,1,0,0,1,1
50248.2,0,1,1,21,0,0,0,0,1
12638.67,20,0,1,40,0,0,0,0,1
32425.91,0,0,1,0,0,0,0,1,0
4611.7,20,0,0,21,0,0,0,1,0
31222.33,0,0,0,16,0,0,0,0,0
55737.05,0,0,0,6,0,0,0,0,0
14848.88,20,1,0,11,0,0,0,0,0
56898.96,20,0,0,25,0,1,0,0,1
61779.16,20,1,0,34,1,0,1,0,1
51775.82,0,0,0,30,0,0,1,0,1
7384.28,0,0,0,30,0,1,0,0,0
81020.48,0,0,1,39,1,0,0,0,1
21456.03,0,0,0,23,0,1,1,0,0
15483.81,40,0,1,32,0,0,0,0,1
76728.18,0,1,0,30,1,0,0,1,1
96985.39,0,0,0,39,0,0,0,0,0
39874.34,0,0,1,19,0,1,0,0,1
23907.0,0,1,0,25,0,1,0,1,0
64798.94,0,0,0,13,0,0,0,0,1
50478.42,0,0,1,16,0,1,0,0,1
3123.87,20,0,0,37,0,0,0,0,0
53598.45,20,0,1,37,0,0,1,0,1
94660.24,20,0,0,0,1,0,0,0,1
77643.87,40,0,0,39,0,0,0,0,1
12566.43,0,0,0,33,0,0,0,1,1
72510.76,20,0,0,19,1,0,0,1,1
46584.86,0,0,0,24,0,1,0,0,0
11608.88,0,0,0,5,0,0,0,0,0
30931.96,0,1,1,12,0,0,0,0,1
25682.39,0,0,1,6,0,1,0,0,0
4213.42,0,0,0,33,0,0,0,0,0
86544.34,0,0,0,0,0,0,0,0,0
35267.51,0,0,0,16,0,1,0,0,0
39765.96,20,0,0,10,0,0,0,0,0
53174.19,20,0,1,15,0,1,0,0,1
73776.18,0,0,0,35,0,0,1,0,1
92388.7,20,1,1,9,0,0,0,0,1
86498.79,0,0,1,24,0,0,0,0,1
37927.9,0,1,0,31,0,0,0,0,0
57159.04,0,0,0,25,0,0,1,0,0
5349.66,20,0,1,3,0,0,0,1,1
70157.77,0,0,1,40,0,0,0,0,1
37803.04,20,0,0,20,0,0,0,0,0
32497.03,0,1,0,14,0,0,0,0,1
73453.61,0,1,0,24,0,0,0,0,1
40589.9,40,0,1,37,0,1,0,0,1
80564.84,40,0,0,14,1,0,0,0,1
33111.51,0,0,0,6,1,0,0,1,0
44722.81,20,0,0,39,1,0,0,0,1
59864.19,0,0,0,22,0,0,0,1,0
36688.63,0,0,0,7,0,0,0,1,0
80473.32,0,0,0,18,1,0,0,0,0
20527.98,0,0,0,1,0,0,0,1,0
79772.74,20,0,1,31,1,0,0,0,1
88350.77,40,0,0,16,0,0,0,0,1
18578.07,20,0,1,39,0,1,0,0,1
89039.41,0,0,1,17,0,1,1,1,1
67260.87,20,0,0,20,0,0,0,0,0
19154.11,40,0,1,10,0,0,0,0,0
46113.27,0,0,0,36,0,0,0,0,0
41540.01,0,0,0,5,1,1,0,0,0
13750.16,0,0,0,25,0,1,1,0,0
27076.97,0,0,1,31,0,1,0,0,0
99829.6,20,0,0,21,0,0,0,1,1
54085.17,0,0,0,10,0,0,0,0,0
31999.31,0,1,1,35,0,0,1,0,1
32085.2,0,1,1,15,0,0,0,0,0
8151.37,20,0,0,15,0,1,0,0,0
18319.94,0,0,0,31,0,0,0,0,0
61264.9,0,0,0,2,0,0,0,0,0
37874.11,0,0,0,37,1,0,0,0,1
63876.12,0,1,1,39,1,0,0,1,1
33903.66,40,0,0,32,0,1,0,1,1
85774.66,0,0,0,29,0,0,0,0,0
33806.69,0,0,1,17,0,1,0,0,0
35196.11,20,0,0,21,0,0,0,0,1
5759.48,0,0,0,20,0,0,0,0,0
9238.51,20,0,1,22,0,0,0,0,0
78935.58,20,0,1,37,0,0,0,1,1
82967.08,20,0,1,39,0,0,0,0,1
26149.35,40,1,1,33,0,0,0,0,1
72902.18,20,0,0,24,0,0,0,0,1
36618.96,0,0,1,3,1,0,0,0,0
55249.53,0,1,0,9,0,0,0,0,1
89179.16,0,0,0,21,0,0,0,1,0
3314.97,0,0,0,2,0,0,0,0,0
57587.99,0,0,0,9,0,1,0,0,0
71902.96,20,1,0,40,1,0,0,0,1
11629.64,20,1,0,35,1,0,0,1,1
58071.63,20,0,0,16,0,0,0,1,1
39952.28,20,0,0,15,0,0,0,0,0
4454.85,0,0,0,5,1,0,0,1,0
76390.71,20,0,0,5,0,0,0,1,1
93667.41,0,0,1,12,0,0,0,0,0
95221.57,40,0,0,3,0,0,0,0,1
58047.26,20,0,0,12,0,0,0,0,0
37854.41,20,0,0,23,0,0,0,0,1
95449.18,0,0,1,40,0,0,1,1,1
70152.22,0,0,1,7,0,0,0,0,1
64354.94,0,0,0,33,0,1,0,0,1
78575.3,0,0,0,24,1,0,0,0,0
14491.18,0,0,0,12,1,0,0,1,0
35696.06,0,0,0,31,0,1,0,0,0
31984.84,0,0,1,27,0,1,1,0,1
83182.05,0,0,0,1,0,1,0,1,0
61850.27,20,0,0,28,0,1,1,0,1
46246.46,0,1,0,34,0,0,0,0,1
60554.02,0,0,1,35,0,0,0,0,1
71884.76,0,1,0,7,0,0,0,1,1
72955.65,20,0,0,10,0,1,0,0,1
99024.02,0,0,0,1,1,0,0,0,0
75919.28,40,0,0,39,0,0,0,0,1
78521.54,0,0,0,0,0,0,0,0,0
39934.19,0,0,1,24,0,0,1,1,1
12870.92,0,0,1,28,0,0,0,0,0
44224.24,0,0,0,5,0,1,0,0,0
61376.07,0,0,0,38,0,0,0,0,0
10036.47,40,0,1,5,0,0,1,0,1
80502.69,20,0,0,36,0,0,0,0,1
24245.14,0,0,0,8,1,0,0,0,0
93304.64,20,0,1,24,0,0,0,0,1
18127.15,0,0,0,19,1,0,0,0,0
55078.24,0,1,0,10,0,1,1,0,1
88219.78,20,0,0,38,0,1,0,0,1
18744.6,0,0,0,25,0,0,0,0,0
73812.64,0,0,0,38,1,1,0,0,1
80225.24,20,0,1,34,0,0,0,0,1
44087.52,0,0,0,34,0,0,1,0,1
28599.52,0,1,0,10,0,0,0,0,0
44292.97,20,0,0,0,0,0,0,0,0
84915.31,0,0,1,21,0,0,0,1,1
51239.18,0,0,0,16,0,0,0,0,0
94785.99,20,0,1,8,0,0,0,0,1
76621.8,40,0,0,30,0,0,0,1,1
95031.61,0,1,0,7,0,0,0,0,1
54658.79,0,0,0,32,1,0,0,0,1
63671.38,0,0,0,0,0,0,0,0,0
31294.69,0,0,0,2,1,0,0,0,0
55841.67,20,0,0,1,0,0,1,1,1
46815.65,0,1,1,10,0,1,0,0,0
72709.1,0,0,0,16,0,0,0,0,0
65956.28,40,0,0,38,0,0,0,0,1
72086.65,0,0,0,2,0,0,0,0,0
97771.13,0,0,1,20,0,0,1,1,1
47686.75,0,0,0,22,0,0,0,0,0
15742.01,20,1,1,35,0,0,1,0,1
24377.97,0,0,0,32,0,0,0,0,0
61793.01,20,1,0,38,0,0,0,0,1
18403.6,0,0,1,9,0,1,0,0,0
65514.66,0,0,0,30,0,1,0,0,1
41509.37,0,1,1,12,1,0,0,0,1
178.11,0,1,0,14,0,0,0,0,0
68071.98,0,0,0,39,1,1,0,0,1
19321.6,0,0,0,10,1,0,1,0,0
81032.69,0,0,0,34,0,1,0,0,1
61092.84,0,0,0,18,0,1,0,0,0
51972.0,20,0,0,14,0,1,1,0,1
7575.08,0,0,0,7,0,1,0,1,0
57270.18,0,0,0,16,0,0,0,0,0
18092.69,0,0,0,18,0,0,0,1,0
5824.94,20,0,1,31,0,0,0,0,0
82612.44,0,0,0,30,0,0,0,0,1
83511.49,0,0,0,36,1,0,1,0,1
34925.01,0,0,0,15,0,1,0,0,0
32740.77,0,1,0,39,0,0,0,0,0
19880.79,0,0,0,14,0,0,0,1,0
39251.84,20,0,1,3,0,0,1,1,1
62367.02,20,1,0,37,1,0,0,0,1
40498.1,0,1,0,37,0,0,0,1,1
42214.1,40,1,0,0,0,0,0,0,0
74065.23,0,1,0,32,0,0,0,0,1
35600.03,0,1,0,32,0,0,0,0,0
78746.04,0,1,1,36,1,0,0,0,1
66136.01,20,0,0,17,0,1,0,0,1
93806.22,0,0,0,39,0,0,0,0,1
86430.42,0,0,0,16,0,0,0,0,0
97403.22,20,1,0,20,0,0,0,1,1
11517.55,20,0,1,39,0,0,1,0,1
90608.4,20,1,1,15,0,0,0,1,1
39836.78,0,0,0,11,0,1,0,0,0
4858.76,0,0,1,2,1,1,0,0,0
81247.13,0,0,0,7,0,0,0,0,0
64155.62,0,1,0,25,0,0,0,1,1
38865.44,40,0,1,14,0,0,0,1,1
39263.27,0,0,0,25,0,0,0,1,0
2429.64,0,1,0,14,0,0,1,0,0
23148.56,0,0,0,2,0,0,0,1,0
5670.47,0,0,0,40,0,0,0,1,0
16277.5,0,0,0,19,0,0,0,1,0
10403.58,0,0,0,37,0,1,0,0,0
24797.8,0,0,0,2,0,0,0,0,0
70054.74,0,0,0,24,0,0,0,0,1
59737.83,0,1,0,9,0,0,0,0,1
76846.02,0,0,0,30,1,0,1,0,1
84100.16,0,0,0,18,0,0,0,1,0
98754.44,20,0,0,33,0,0,0,0,1
39082.63,40,0,0,9,0,1,1,0,1
97087.98,20,0,0,10,0,1,0,0,0
15839.4,40,0,0,11,0,0,0,0,0
20267.67,0,0,0,14,0,1,1,0,0
42771.39,0,1,0,1,0,1,0,0,1
33250.9,20,0,0,9,0,0,1,0,0
81893.56,40,0,0,22,0,1,0,0,1
47227.27,0,0,0,6,1,0,0,0,0
70588.5,0,1,1,34,0,1,1,0,1
28182.81,0,0,0,4,0,0,0,0,0
29197.17,0,0,1,9,0,0,0,0,0
64447.42,0,0,0,35,0,0,1,0,1
34618.69,20,1,0,37,0,0,0,1,1
6135.74,20,1,1,14,0,0,0,0,1
61456.65,0,0,0,9,0,0,1,0,0
75221.06,0,0,0,32,1,0,0,0,1
91125.73,0,0,0,19,0,0,1,0,0
83714.65,0,0,0,31,0,0,0,0,1
20732.97,40,0,0,0,0,0,1,0,0
9092.38,20,0,0,37,0,0,0,0,0
98091.15,20,1,0,29,0,0,1,0,1
90881.67,20,0,0,24,0,1,0,1,1
58245.64,0,1,0,22,1,0,0,1,1
89016.9,0,0,0,38,0,0,0,0,1
64966.87,20,0,0,40,0,0,1,1,1
79938.88,20,0,0,16,0,0,0,0,0
13100.36,0,1,1,18,1,0,0,0,1
89517.9,0,0,0,29,0,0,1,1,1
69128.37,20,0,0,12,0,1,0,0,1
99975.88,0,0,0,25,0,1,1,0,1
55639.1,0,0,1,9,0,0,0,0,0
32340.24,0,0,0,0,1,1,0,1,0
81640.89,20,0,0,34,0,0,0,0,1
33584.92,20,0,1,33,0,0,0,0,1
89083.06,0,0,0,21,0,1,0,1,1
4106.0,20,0,0,40,0,0,0,1,0
34124.09,20,0,0,39,0,1,0,0,1
11920.97,20,0,1,35,0,0,0,0,1
96244.96,20,0,1,22,0,0,0,1,1
99252.31,0,0,0,13,1,0,0,1,1
34920.15,0,1,1,15,0,0,0,0,0
52290.95,0,1,0,15,0,0,0,0,1
45425.32,0,0,0,1,1,0,0,0,0
46534.22,0,0,0,19,0,0,0,0,0
34327.71,0,0,0,2,1,0,0,0,0
56786.95,0,0,0,10,1,0,0,0,0
68883.89,0,0,1,9,0,0,0,0,1
65450.14,0,0,0,33,1,1,0,0,1
68713.27,0,0,1,8,0,0,0,0,0
23654.91,0,0,0,12,0,0,0,1,0
42428.12,0,1,0,11,0,0,1,0,0
10925.75,0,0,0,10,0,1,0,0,0
43889.71,20,0,0,5,0,0,0,0,0
96168.66,0,0,0,25,1,0,0,1,1
56065.68,0,0,0,7,0,1,1,1,1
6588.64,0,0,0,29,0,0,0,0,0
98372.96,20,0,0,2,1,0,0,1,1
16427.87,0,0,0,36,0,0,1,1,0
40433.94,20,0,0,17,0,0,0,0,0
47806.7,0,0,0,35,0,1,0,0,0
47015.84,0,0,1,40,0,1,0,0,1
39957.91,0,1,1,12,0,0,0,0,0
35319.44,0,0,0,12,0,0,0,0,0
36672.4,20,0,0,8,0,0,0,1,0
50568.91,0,0,0,33,0,1,1,0,1
85467.64,0,0,0,18,0,0,0,0,1
17820.14,40,0,1,19,0,0,0,0,1
37911.56,0,0,0,22,0,0,0,0,0
47945.94,0,0,0,34,0,0,0,0,0
73991.82,0,0,0,38,0,0,0,0,0
74364.7,0,0,0,14,0,0,0,1,0
79688.11,40,1,0,38,0,1,1,0,1
78352.26,0,0,0,6,0,0,1,0,0
50977.51,0,0,1,10,0,0,0,0,0
76634.12,0,0,0,17,0,0,0,0,0
92646.96,20,1,1,5,0,0,0,0,1
3481.08,0,0,0,24,0,1,0,1,0
8939.46,0,0,0,39,1,0,0,0,1
62685.18,0,0,0,24,0,1,1,0,1
24536.88,0,0,0,16,0,0,0,0,0
58833.26,20,1,0,30,0,0,0,0,1
61905.21,20,0,0,25,0,0,0,1,1
74490.99,20,0,1,13,0,0,0,0,1
16861.37,20,1,0,8,0,0,0,0,0
9389.9,0,0,0,22,0,0,0,0,0
26849.66,0,1,0,37,0,0,0,0,0
10016.92,0,1,1,23,0,0,0,0,0
30366.45,0,0,0,26,0,0,0,0,0
96674.11,0,0,0,16,1,0,0,0,0
84079.82,0,1,0,27,0,0,0,0,1
14057.56,0,0,0,38,0,0,0,1,0
86597.47,20,0,0,19,0,0,0,1,1
62290.77,40,1,0,40,0,0,0,0,1
51751.1,0,0,1,35,0,0,0,0,1
42094.77,0,0,0,32,0,0,0,1,0
5998.48,0,0,1,10,1,0,0,0,1
21643.46,0,0,0,7,0,0,0,0,0
58251.55,20,0,0,8,0,0,0,0,1
94734.47,20,0,0,7,0,0,0,0,0
60725.02,0,1,0,5,0,0,0,1,1
35439.67,20,0,1,29,0,0,1,0,1
55681.56,0,0,0,20,0,0,0,0,0
18403.37,0,0,0,38,0,0,0,0,0
80710.53,20,0,0,35,1,0,0,0,1
28710.0,0,0,1,39,0,0,0,0,1
92951.56,0,0,0,1,0,0,1,0,0
20736.72,0,0,0,0,0,0,0,0,0
87303.71,20,0,0,25,1,0,0,1,1
20485.11,40,0,1,11,0,0,0,0,1
24215.45,20,1,0,12,0,0,0,1,0
47030.72,40,0,0,21,0,0,0,0,0
53444.88,0,0,1,10,0,0,0,0,0
97989.11,40,0,1,24,0,0,0,0,1
80811.3,20,0,1,35,0,0,0,0,1
83002.67,0,0,1,31,0,0,0,0,1
71010.38,0,0,0,27,0,0,0,0,0
2294.18,40,0,0,3,0,0,0,1,1
39634.07,20,0,0,1,0,1,0,1,0
78750.88,20,0,0,39,0,0,0,1,1
70562.38,20,0,0,21,0,1,0,0,1
852.61,20,0,0,21,0,0,1,0,1
37054.38,0,0,0,14,0,0,0,0,0
57829.51,0,0,0,39,1,0,1,0,1
33935.01,0,0,0,10,0,0,0,0,0
15055.21,0,0,0,5,0,0,0,0,0
26625.18,20,0,0,31,0,0,0,1,0
14470.53,0,0,1,12,0,0,0,0,0
40546.29,0,0,0,24,1,0,0,0,0
88790.92,0,0,0,37,0,1,0,0,1
8443.51,0,0,0,27,0,1,0,0,0
23558.5,0,0,0,30,0,0,0,0,0
17512.63,0,1,0,16,0,0,1,0,1
21477.36,20,1,0,27,0,0,0,0,0
9706.57,0,1,1,9,0,0,0,0,0
80272.46,0,0,0,27,0,0,0,1,0
2472.37,40,0,0,6,0,0,0,0,0
8542.74,0,1,1,36,1,1,1,1,1
72308.24,0,0,0,14,1,0,0,1,1
59905.58,20,0,1,13,0,0,0,0,1
26001.67,0,0,0,31,0,0,0,0,0
49309.26,0,0,0,28,0,0,0,0,0
41185.71,40,0,1,40,0,0,0,0,1
57226.8,0,0,0,9,0,0,0,0,0
68318.03,0,0,1,22,0,0,0,0,1
47245.28,40,0,1,39,0,0,0,0,1
19524.51,0,1,0,12,0,0,0,0,0
36928.41,20,1,0,39,0,1,0,0,1
85789.63,0,0,0,7,0,0,0,0,0
55824.98,40,1,0,1,0,0,0,0,1
10083.02,0,0,0,3,0,0,0,0,0
15878.4,20,0,0,32,0,0,0,0,1
35201.68,0,0,1,40,0,0,0,0,0
30772.44,0,0,0,20,0,0,0,0,0
84769.24,0,1,0,19,0,0,0,0,1
77763.92,0,0,0,35,0,0,0,1,1
93287.83,20,0,1,10,0,0,0,0,1
78586.81,0,0,0,34,0,1,0,0,1
2130.7,20,1,0,23,0,0,0,0,0
52181.34,0,0,0,9,0,0,0,0,0
68234.21,20,1,1,8,0,0,1,0,1
71599.7,0,1,0,5,0,0,0,0,0
42347.15,20,0,0,19,0,0,0,0,1
98218.59,0,0,0,34,1,0,0,0,1
82210.95,0,0,1,16,0,0,0,0,1
6600.75,0,0,0,17,0,1,0,0,0
89333.92,0,0,0,36,0,0,0,0,0
98951.17,0,1,0,34,0,0,0,0,1
93761.13,0,0,0,11,0,0,0,0,0
51919.7,0,0,0,27,0,0,0,0,0
13492.77,0,0,1,22,0,0,1,0,1
52966.95,0,0,0,10,0,0,1,0,0
74656.75,0,0,0,7,0,0,0,0,0
32646.43,0,0,0,35,0,0,0,0,0
8398.71,0,1,0,16,0,0,0,1,0
83671.64,0,0,0,0,1,0,0,0,0
58777.3,0,0,1,23,1,1,0,1,1
53450.3,20,0,1,5,0,0,0,0,1
59457.24,0,0,0,28,0,0,0,0,0
39726.1,20,0,0,0,1,0,1,1,1
43512.38,20,1,0,35,1,1,0,0,1
17297.87,0,0,1,34,0,0,0,0,0
4068.13,0,0,0,35,0,0,0,0,0
68382.04,20,0,1,1,0,1,0,0,1
45743.07,20,0,0,26,0,1,0,0,1
97847.89,0,0,0,15,0,0,0,0,0
78578.76,20,1,0,4,0,1,0,0,1
23180.43,20,0,1,40,0,1,1,0,1
86775.69,0,0,0,32,0,0,0,1,1
84123.45,0,0,0,11,0,0,0,0,0
19280.7,0,0,1,22,0,0,0,0,0
15571.81,40,0,0,23,0,0,1,0,1
49872.87,20,0,0,22,1,0,0,0,0
26206.74,0,1,0,30,0,0,0,0,0
99806.3,20,0,1,24,0,0,0,0,1
22817.17,0,0,1,31,0,0,0,0,1
20757.15,40,0,0,39,0,0,0,1,1
96546.89,40,0,0,14,0,0,0,0,1
8700.1,0,0,0,23,0,0,0,0,0
86600.71,0,0,0,18,0,0,0,0,1
83021.42,20,0,0,14,1,1,0,0,1
9054.2,0,0,0,40,0,0,0,0,0
33746.63,0,1,0,11,1,1,0,0,1
65048.48,0,0,0,40,0,1,0,0,1
52726.83,0,0,0,23,0,0,0,0,0
21516.39,20,0,1,13,1,0,0,1,1
59441.78,0,1,0,25,0,0,0,0,1
44810.07,20,0,0,31,0,0,0,0,0
74463.06,0,0,1,19,0,0,0,0,1
86712.64,0,0,1,29,0,0,0,0,1
80003.27,20,0,0,37,0,0,0,0,1
43364.74,0,0,1,31,0,0,1,0,1
48337.78,0,0,0,30,1,0,0,0,0
29713.5,0,0,0,21,1,0,1,0,0
82608.66,20,0,1,20,1,0,1,0,1
19382.95,0,0,1,40,0,0,0,0,1
60668.9,0,0,0,15,0,1,0,0,1
59704.67,0,0,1,11,1,0,1,0,1
99294.84,0,0,0,40,0,1,0,1,1
33076.39,20,1,0,12,1,0,0,0,1
92032.12,40,0,0,5,0,0,0,0,0
27989.89,0,0,0,23,0,1,0,1,0
40091.45,0,1,0,20,0,0,0,0,1
86486.97,0,0,0,13,0,0,0,0,0
73049.22,0,1,0,17,0,0,0,1,1
76866.54,20,0,0,7,0,0,0,1,0
39693.4,0,0,0,22,0,0,0,0,0
22757.04,0,0,0,3,0,0,0,0,0
79329.96,20,0,0,6,0,0,1,0,0
42253.97,0,0,0,8,0,1,0,0,0
67634.67,40,0,0,27,0,1,0,0,1
71746.06,20,0,0,23,0,0,0,0,1
37452.81,0,0,0,6,0,0,0,0,0
98187.93,0,0,0,14,0,1,0,1,0
56655.41,20,1,1,35,1,0,0,1,1
92107.23,20,0,0,14,0,0,0,0,0
88078.12,40,0,1,7,0,0,0,0,1
11340.91,40,0,0,36,1,0,0,0,1
21275.32,0,0,1,27,0,0,1,0,1
10995.28,20,1,0,14,0,0,0,0,0
65089.83,20,0,1,9,0,0,0,1,1
83399.16,0,0,0,2,0,0,0,0,0
79003.69,20,1,0,30,1,1,0,1,1
30655.12,0,0,0,37,1,0,0,0,0
33246.36,20,0,0,11,0,0,0,0,0
60569.79,20,0,0,6,0,0,0,0,0
72317.63,0,0,0,1,0,0,0,1,0
40568.45,0,0,0,36,0,0,0,0,0
34594.29,0,0,0,21,0,0,0,0,0
79115.26,0,0,1,32,0,0,0,0,1
92125.86,0,0,0,36,1,0,0,0,1
33203.7,0,0,0,11,0,0,0,0,0
4958.35,40,1,0,5,0,0,0,0,0
19935.88,40,0,0,38,0,0,0,0,1
84416.8,0,1,0,32,0,0,0,0,1
15744.66,0,0,0,1,0,0,0,1,0
67459.3,40,1,1,32,0,0,0,0,1
85056.04,20,0,0,26,0,0,0,0,0
32363.67,0,0,0,2,1,0,0,0,0
25472.62,40,0,0,17,0,0,0,0,1
48354.32,20,0,0,23,0,1,0,0,1
25825.33,20,0,0,22,0,0,0,0,0
9021.39,40,0,0,30,1,0,1,0,1
28340.93,20,0,0,38,0,0,0,0,1
22247.34,20,1,0,1,0,0,0,0,0
70408.03,0,0,0,18,0,1,0,0,0
26810.52,0,0,0,29,0,0,0,0,0
4955.26,0,1,0,20,1,0,0,0,1
76477.77,40,0,1,9,1,1,0,0,1
6643.9,0,1,0,18,1,0,0,1,0
40709.26,20,0,0,6,0,0,1,0,1
68929.44,40,0,1,31,0,1,0,0,1
98731.28,20,0,0,19,0,0,0,0,1
24164.46,0,1,1,36,0,0,1,0,1
69863.75,0,0,0,6,1,0,0,0,0
59823.64,0,0,0,26,0,1,0,1,1
7623.19,20,0,0,15,0,0,0,0,0
38946.02,0,0,0,18,1,0,0,0,0
84515.82,0,0,1,15,0,0,0,1,1
56486.54,40,0,1,34,0,0,0,0,1
17782.49,0,0,1,18,1,0,0,0,1
2670.44,20,1,1,8,0,0,0,1,1
12068.74,0,0,0,17,0,0,0,0,0
33733.39,0,0,0,21,0,0,0,1,0
45480.98,20,1,0,25,0,0,0,0,0
44568.15,0,0,0,32,1,1,0,1,1
32631.34,0,1,0,16,0,0,0,1,0
54937.35,0,0,1,30,0,0,0,1,1
66791.67,0,0,0,20,0,0,0,0,1
39766.08,0,1,1,25,0,0,0,0,0
51886.36,0,0,0,40,1,0,0,0,1
49715.95,0,0,0,13,0,0,0,0,0
68022.71,40,0,0,13,0,0,0,0,1
10950.87,20,0,0,31,0,0,0,0,1
18419.52,0,0,0,4,0,1,0,0,0
33960.42,0,0,0,31,0,0,0,0,0
85997.99,0,0,1,25,0,0,1,0,1
19291.47,0,0,0,0,0,0,0,0,0
77097.73,20,1,0,28,0,0,0,0,1
79291.03,0,0,0,24,0,0,0,0,0
36402.14,0,0,0,13,0,0,0,0,0
92198.43,40,0,0,3,0,1,1,0,1
32839.7,20,0,1,22,0,0,0,0,1
59654.96,40,1,0,0,1,0,0,0,1
52427.45,0,0,0,21,0,0,0,0,0
73491.1,20,0,1,24,0,0,0,0,1
82658.95,0,0,0,38,1,0,0,0,1
18534.31,0,0,0,4,0,0,0,0,0
91936.35,0,0,0,39,0,0,0,1,1
89316.9,0,0,0,25,0,0,0,0,0
4970.47,0,0,0,40,0,1,0,0,0
80467.46,20,1,0,9,0,0,0,0,1
81263.44,0,0,1,27,0,0,0,1,1
66267.89,0,1,0,16,1,1,0,0,1
83323.57,0,0,1,35,0,0,0,0,1
38324.4,0,0,0,27,0,0,0,0,0
8264.56,20,0,1,34,0,0,0,0,1
39590.95,0,1,1,33,0,0,0,0,1
91060.98,0,0,0,15,1,0,0,1,1
74043.82,0,1,0,5,0,0,0,0,1
74857.49,20,0,0,14,0,0,0,0,0
65004.2,0,0,0,27,0,0,0,0,1
38816.81,0,1,0,33,0,0,0,1,1
97646.83,0,0,1,37,0,1,0,0,1
52997.22,0,1,0,32,0,1,0,0,1
9150.93,0,0,0,23,0,0,0,0,0
35832.26,20,1,0,16,0,0,0,0,0
83519.66,0,1,1,36,0,1,0,0,1
71810.1,20,1,0,40,0,1,0,0,1
88523.67,0,0,0,37,1,0,1,0,1
15345.86,20,1,0,25,0,0,0,0,0
49260.15,20,0,1,12,0,0,0,1,1
33589.38,0,1,1,20,0,0,0,1,1
59524.31,20,0,0,29,0,1,0,0,1
63473.16,0,1,0,1,0,0,0,0,0
61423.33,0,1,0,6,1,0,0,1,1
59711.03,0,0,0,16,0,1,0,0,0
53560.08,0,1,0,22,1,0,0,1,1
23505.66,20,0,1,19,0,0,0,0,1
68839.47,0,0,0,30,0,0,0,0,0
54044.99,20,1,0,3,1,0,0,0,1
70763.12,0,0,1,16,0,0,0,0,1
48537.33,0,0,0,19,0,0,0,0,0
69108.12,0,0,1,29,0,0,0,0,1
23285.44,40,0,0,18,0,0,0,0,0
85715.97,0,0,0,12,0,0,0,0,0
67158.46,40,0,0,29,1,0,1,0,1
83033.61,20,0,0,23,0,0,0,0,1
28908.38,0,0,0,17,0,0,0,0,0
1962.89,0,0,0,35,0,0,0,0,0
87120.43,0,0,0,27,0,0,0,1,0
48211.99,0,0,1,29,0,1,0,0,1
9975.19,40,0,0,34,0,0,0,0,0
12344.26,20,1,0,15,0,0,0,0,0
5343.22,0,1,0,12,0,1,0,0,0
80835.84,0,0,0,4,0,0,0,0,0
8118.8,0,0,1,19,0,1,0,1,1
29566.56,0,0,0,26,0,0,1,0,0
45565.85,0,0,0,1,0,0,0,1,0
9909.96,0,0,0,21,0,0,0,0,0
59794.63,0,0,1,20,0,0,0,0,0
93386.91,20,1,0,39,0,0,0,0,1
91698.19,20,0,1,0,1,0,0,0,1
29999.98,0,1,0,26,0,0,0,0,0
7986.44,0,0,0,5,1,1,0,0,0
48648.63,20,0,1,2,0,0,0,1,0
28867.93,0,0,0,5,1,0,0,0,0
58269.93,0,1,0,21,0,0,0,0,1
68378.37,0,0,0,36,0,1,0,0,1
71755.32,0,1,0,39,0,0,1,0,1
11949.22,0,1,1,16,0,0,0,0,0
15474.42,0,1,1,20,0,0,0,1,1
3812.17,20,1,0,27,1,0,0,0,1
26450.16,0,0,0,31,0,0,0,0,0
4126.62,20,0,0,34,1,0,0,0,0
32527.82,0,0,0,37,0,0,0,0,0
17588.79,0,1,0,20,0,0,1,0,1
20809.02,0,0,0,18,0,0,0,0,0
4265.84,0,0,0,18,0,0,1,1,0
38714.37,0,0,1,16,0,0,0,1,1
38926.6,0,1,0,29,0,0,0,0,1
82686.39,0,0,1,1,0,0,0,0,1
98960.81,0,0,0,18,0,0,0,0,0
14822.31,40,0,0,22,1,1,1,0,1
17010.11,20,0,0,19,0,1,0,0,0
20298.58,20,1,0,14,0,1,0,0,0
76998.22,0,0,0,35,0,1,0,0,1
40910.03,20,0,0,34,0,0,0,1,0
72087.35,20,0,0,25,0,0,0,0,0
66192.25,0,0,0,29,0,0,0,0,0
94937.17,20,0,0,14,0,0,0,0,0
86163.56,0,1,0,27,0,0,0,0,1
91630.99,20,0,0,34,0,0,0,0,1
1217.92,0,0,0,28,0,1,0,0,0
64635.94,0,1,0,7,0,1,0,0,1
11556.17,0,0,0,18,0,1,0,0,0
47202.73,0,0,0,33,0,1,0,0,0
68188.46,0,0,0,24,0,0,0,0,1
68265.15,0,0,1,4,0,0,0,1,1
46271.08,40,0,0,28,0,0,0,0,1
28969.73,0,0,0,20,0,0,1,0,0
6304.11,20,1,0,38,0,0,0,0,1
64724.69,0,1,0,17,1,0,0,0,1
98907.38,0,0,0,21,0,1,0,0,0
53503.38,0,0,0,23,0,0,0,0,0
24124.59,20,0,0,2,0,0,0,0,0
58424.93,0,0,0,39,1,0,1,0,1
24872.59,0,1,0,16,0,1,0,1,0
58178.72,0,1,1,12,0,0,0,0,1
4765.14,0,0,0,39,0,0,1,0,0
30093.31,0,0,0,0,1,0,0,0,0
92588.02,0,0,1,25,0,1,0,0,1
10630.9,0,0,1,24,0,0,0,0,0
5970.93,0,1,1,2,0,0,0,0,0
69995.3,20,0,0,38,0,0,0,0,1
47273.07,20,0,0,5,0,1,0,0,1
78553.75,0,0,0,28,0,0,0,0,0
13900.43,0,0,0,8,0,0,0,0,0
45137.99,0,0,0,3,0,0,0,0,0
40330.78,0,0,1,32,0,0,0,0,0
80048.1,40,0,0,16,1,1,1,0,1
92712.21,0,0,1,21,0,0,0,1,1
68125.32,20,0,0,28,0,0,0,0,1
15345.81,20,0,1,27,0,1,0,0,1
86830.36,40,0,0,38,0,1,0,0,1
82664.8,0,1,1,19,0,0,0,0,1
18217.53,0,0,0,4,0,0,0,0,0
45388.95,20,0,1,39,0,0,0,0,1
62116.43,0,0,1,17,0,1,0,1,1
49903.23,40,0,0,33,0,0,0,0,1
20993.76,0,0,0,22,1,0,0,1,1
99281.52,40,0,0,9,0,1,0,0,1
6777.55,0,1,1,19,1,0,0,0,0
59123.77,0,0,0,7,1,0,0,1,1
9813.04,0,0,0,40,0,0,0,0,1
39212.14,0,0,0,15,0,0,0,0,0
17327.73,0,1,0,34,0,0,0,0,0
20452.69,20,0,1,0,0,0,1,0,1
96701.62,0,0,0,8,0,0,0,0,0
47959.07,0,0,0,2,0,0,0,0,0
80629.37,20,0,1,22,1,0,0,0,1
32010.24,0,0,0,22,0,0,0,1,0
57911.64,0,0,0,23,0,0,0,0,0
10735.11,0,1,0,35,0,0,0,0,1
83701.12,20,0,0,10,1,0,1,0,1
87484.49,0,0,0,1,0,0,0,0,0
81870.23,0,1,0,40,0,0,0,0,1
12771.79,20,0,0,38,0,1,0,0,0
32163.77,0,1,1,39,0,0,0,0,1
16303.51,0,0,0,18,0,0,0,1,0
64798.04,40,1,0,30,1,0,0,0,1
27997.0,0,0,0,2,0,0,0,1,0
93835.82,20,0,0,2,0,0,0,0,1
56087.42,40,0,0,6,0,0,0,0,1
93157.02,40,0,0,32,0,0,0,0,1
76746.05,20,0,1,24,1,0,0,0,1
86775.6,20,0,0,35,0,0,0,0,1
76013.81,0,1,1,27,0,1,0,0,1
60205.56,20,0,0,10,1,0,0,0,1
3669.67,0,0,1,13,0,0,0,1,1
79173.93,20,0,0,12,0,0,0,0,1
58044.5,0,0,1,28,0,0,0,0,1
68350.5,0,0,0,2,0,0,0,1,0
81579.26,0,1,0,37,1,0,0,0,1
19681.88,0,0,0,17,0,1,0,0,0
61387.06,0,1,1,8,1,0,0,0,1
77427.47,20,0,0,37,0,0,0,0,1
12826.39,40,0,0,10,0,0,0,0,0
58741.1,20,0,0,10,0,0,0,0,0
56140.6,0,0,0,33,0,0,0,0,1
47422.2,40,0,0,12,0,1,0,0,1
73537.03,0,0,0,12,0,0,0,0,0
87877.89,40,0,0,8,0,0,0,0,1
49436.58,0,0,0,31,0,1,1,0,0
91572.54,0,0,0,25,0,1,1,0,1
12943.24,0,0,1,27,0,0,0,0,1
46050.77,0,0,1,31,1,0,0,0,1
23426.36,0,0,0,17,0,1,0,1,0
74580.13,0,0,0,22,0,0,0,0,0
10926.66,40,1,0,33,0,0,0,1,1
97630.02,0,0,0,13,0,0,0,0,0
76595.88,0,0,0,39,0,0,0,0,1
27270.36,0,0,0,22,0,1,0,0,0
4063.81,40,0,0,38,0,0,0,0,1
40882.91,0,0,0,37,0,1,0,0,0
98357.77,0,0,1,19,0,0,0,1,1
61224.98,0,0,0,8,1,0,0,0,0
54026.48,40,0,1,11,1,0,0,0,1
55197.18,40,0,0,29,0,0,0,0,1
64250.43,40,0,0,12,0,0,0,0,1
58119.6,20,0,0,16,0,0,0,0,1
64735.03,20,0,1,39,0,0,0,1,1
79585.49,40,0,0,11,0,1,0,0,1
67105.66,0,0,1,30,0,0,0,1,1
48997.19,40,1,0,17,0,0,0,1,1
12979.88,0,0,0,11,0,1,0,0,0
57429.77,0,0,1,19,0,0,1,0,1
18624.17,20,0,0,34,1,0,0,0,0
17958.8,0,1,1,24,1,1,0,1,1
66277.72,0,0,1,9,0,0,0,0,1
50445.47,0,0,1,7,1,0,0,0,1
94266.63,0,1,0,2,0,0,0,0,0
68947.67,0,0,1,26,0,0,0,0,1
76077.22,0,0,1,21,0,0,0,0,1
59254.71,20,0,0,23,0,0,0,0,0
34571.95,0,1,1,28,0,0,0,0,1
5624.45,0,0,0,25,0,0,0,0,0
82095.14,0,0,0,33,1,0,0,0,1
83914.1,20,0,0,38,0,0,0,0,1
53869.67,20,1,0,13,0,0,0,0,1
39987.24,0,1,0,23,0,0,0,1,1
67717.5,0,0,0,24,0,0,0,0,0
20876.17,0,0,0,14,1,0,1,0,0
69036.37,0,0,0,8,1,0,0,0,1
37865.92,0,0,0,22,0,1,0,0,1
45962.61,0,0,0,0,0,0,0,0,0
67961.55,0,0,0,6,0,0,0,0,0
58031.17,0,0,0,7,0,0,0,1,0
20967.38,0,0,0,24,0,0,0,0,0
71299.26,0,0,0,1,0,0,0,0,0
86335.36,20,0,0,24,0,0,0,1,1
5834.08,0,0,0,34,0,0,1,0,1
3985.42,20,1,1,15,0,0,0,0,1
16319.69,0,0,0,40,0,1,0,0,0
60899.22,0,0,1,17,0,0,0,0,0
53499.1,20,0,0,8,0,0,0,0,0
89532.31,0,0,0,27,1,1,0,0,1
19630.22,0,1,0,19,0,1,1,0,0
78703.65,20,1,0,13,0,0,0,1,1
57483.46,0,0,0,38,0,0,0,0,1
39050.39,0,0,0,17,0,0,0,0,0
26208.88,0,0,0,28,0,0,0,1,0
90453.81,20,0,1,1,0,0,0,0,0
75714.57,0,0,0,29,1,0,0,0,1
65333.17,20,0,1,8,0,0,0,0,1
80622.88,0,0,1,30,0,0,0,0,1
43425.37,40,1,0,17,0,0,1,0,1
34242.96,40,0,0,34,0,1,0,0,1
4461.83,0,0,1,0,0,0,0,0,0
67097.71,0,1,0,31,1,0,0,0,1
90212.25,0,0,0,1,1,0,0,0,1
67901.58,0,0,0,33,0,0,1,0,1
48295.9,40,0,0,2,1,0,0,0,0
48457.61,0,0,1,33,0,0,0,0,1
87883.82,0,0,0,34,0,0,0,0,0
34159.15,0,0,0,13,0,0,0,1,0
6974.0,0,0,0,23,0,1,1,0,0
88697.0,0,0,0,25,1,0,0,0,1
35171.3,0,0,0,5,0,0,1,0,0
2424.16,0,0,0,24,0,0,0,0,0
93982.73,0,0,0,11,0,0,0,0,0
29256.31,0,1,1,4,0,0,0,0,1
82077.47,20,0,0,26,0,1,0,0,1
36906.15,0,0,0,7,0,0,0,1,0
65147.76,20,0,0,37,0,0,0,0,1
89736.16,0,0,1,23,1,1,0,0,1
82755.32,0,0,1,4,0,1,0,0,1
90010.35,0,0,1,26,0,0,0,0,1
21952.54,0,0,0,9,1,0,0,0,0
33175.2,0,0,1,21,0,0,0,1,0
75218.33,0,0,1,33,0,1,0,0,1
5162.63,0,0,0,21,0,0,0,1,0
32189.33,0,1,0,38,0,0,0,0,0
53303.49,0,1,0,31,0,0,0,0,1
92094.48,0,1,0,36,0,1,1,0,1
13125.4,0,0,1,32,0,0,0,0,1
91315.65,0,0,1,8,1,0,0,0,1
93733.76,0,0,0,3,0,0,0,0,0
71532.36,0,0,0,19,0,0,0,1,0
11185.82,0,0,0,23,1,0,0,0,0
32675.7,20,0,0,33,0,0,0,0,1
96962.88,0,0,1,15,0,0,1,0,1
93314.16,0,0,0,37,0,0,0,1,0
42850.15,0,1,0,8,0,0,0,1,1
38125.54,0,0,0,32,0,1,0,1,1
1515.6,40,0,1,31,0,0,0,0,1
53965.03,0,0,1,24,0,1,0,0,1
28760.64,0,1,0,1,0,0,0,0,0
34252.01,0,0,0,1,0,0,0,0,0
73757.44,40,0,0,5,0,0,1,0,1
82646.5,0,0,0,6,1,0,0,0,1
20363.97,0,0,0,24,0,0,1,0,0
91540.07,0,0,0,30,0,0,0,0,1
22262.38,40,0,0,33,0,0,0,0,1
43391.56,20,0,0,22,0,0,1,0,1
59294.43,0,1,0,7,0,0,0,0,0
80294.88,0,0,0,21,0,0,0,0,1
10995.34,0,1,0,5,1,0,0,0,0
83092.81,0,1,0,34,0,1,0,1,1
70022.99,0,1,0,11,0,0,0,0,1
69961.95,0,0,0,26,0,0,0,0,0
21117.6,20,0,0,1,0,0,0,0,0
38733.66,0,1,0,1,0,0,0,1,0
2277.24,40,0,0,38,0,0,0,0,1
19410.62,0,0,1,9,0,0,0,1,0
39569.78,0,0,1,28,0,1,1,1,1
45983.7,20,0,0,15,1,0,0,0,0
52716.04,0,1,0,25,0,0,0,0,1
67363.9,0,0,0,34,1,0,0,0,1
53640.14,0,0,1,14,0,0,0,0,1
20743.36,0,0,0,36,1,0,0,0,0
4819.12,0,0,0,24,0,0,0,0,0
52611.24,40,0,1,31,1,0,0,0,1
36116.0,20,0,1,30,0,0,0,1,1
29190.74,0,0,0,5,0,0,0,0,0
1716.69,0,0,0,37,0,0,1,0,1
26425.41,40,0,0,21,1,0,0,1,1
48829.35,0,0,0,31,0,0,0,0,0
94316.65,20,0,1,20,0,0,0,0,1
54847.32,20,0,1,32,1,0,1,0,1
89137.01,0,0,0,20,1,0,0,0,1
6942.85,0,0,1,22,0,0,0,0,0
29685.84,0,1,0,9,0,0,0,1,0
30268.57,0,0,0,28,0,0,0,0,0
42180.96,20,0,0,26,0,0,1,0,1
17463.74,20,0,1,30,0,0,0,1,1
56578.59,0,0,0,37,0,0,0,1,1
26470.47,20,0,1,32,1,0,0,1,1
65977.64,0,0,0,11,0,0,1,0,1
52287.15,20,0,0,18,1,0,0,0,1
77838.14,20,1,0,35,1,0,1,0,1
17972.38,0,0,0,24,0,0,0,0,0
25024.64,0,0,0,13,0,0,0,0,0
37562.94,0,0,0,39,0,0,0,0,0
21601.76,0,0,0,26,0,0,0,0,0
81430.9,0,1,0,27,0,0,0,0,1
90795.7,40,0,0,36,0,0,1,0,1
96941.1,40,0,0,2,0,0,0,0,0
37821.93,0,0,0,18,0,1,0,0,0
31831.45,0,0,0,23,0,0,0,0,0
88962.99,0,0,0,31,0,0,0,1,1
53493.85,0,0,0,35,1,0,0,0,1
86887.97,0,0,0,33,0,0,1,1,1
81972.6,20,0,0,38,0,0,0,0,1
50706.77,0,0,1,24,0,0,0,0,1
20066.9,20,0,0,37,0,0,0,0,1
28733.93,0,0,0,4,0,0,0,0,0
82149.67,0,0,0,24,0,1,0,0,0
67351.02,20,1,1,4,0,0,0,0,1
66624.8,0,0,0,27,0,0,0,0,1
96269.23,20,1,0,9,0,0,0,1,1
38516.25,0,0,0,5,0,0,0,0,0
66794.39,20,0,0,29,0,0,0,0,1
51950.73,0,0,0,27,0,1,0,0,0
44893.28,0,0,0,26,0,0,0,0,0
48930.88,20,0,0,33,0,0,0,0,1
48090.54,0,1,0,26,0,0,0,1,0
6035.73,0,0,1,35,0,0,0,0,1
63612.39,0,0,1,37,0,0,0,0,1
58330.95,0,0,0,37,0,1,0,0,1
64691.7,0,0,0,33,0,0,0,1,1
43089.33,0,0,0,35,0,0,0,0,0
83854.55,0,1,0,31,1,0,0,0,1
54160.31,0,0,0,38,0,0,0,0,0
31379.97,0,0,0,32,1,0,0,0,1
99900.17,0,0,0,21,0,0,0,0,1
37506.1,0,0,0,24,0,0,0,0,0
71539.47,0,0,0,40,0,0,0,0,1
35074.65,0,0,0,32,0,0,0,0,0
7243.57,20,1,0,1,0,0,0,1,0
23188.36,0,0,1,0,0,0,1,0,1
43250.97,20,1,0,12,0,0,0,0,1
49863.24,40,0,0,21,0,0,0,0,1
94690.89,0,0,0,12,0,0,0,0,0
37795.27,0,0,1,38,1,0,0,0,1
83651.54,0,0,0,29,0,0,0,0,1
21803.03,20,1,0,14,0,1,0,0,1
64848.78,0,0,0,17,0,0,0,0,0
44705.18,0,1,0,19,0,0,0,0,0
93735.26,20,0,0,10,0,0,0,0,1
3143.23,20,0,0,15,0,0,0,0,0
17734.63,0,0,1,23,0,0,0,0,0
31658.98,20,0,1,26,0,1,0,0,1
15400.83,0,0,1,32,0,0,0,1,1
93560.49,0,0,1,28,1,0,0,0,1
84866.98,20,0,0,18,0,0,0,0,0
3003.23,0,0,0,21,0,0,0,0,0
55867.46,0,0,1,9,1,0,0,0,1
36094.02,40,0,0,33,0,0,0,0,1
60083.32,0,0,0,7,0,0,1,0,0
63040.15,0,1,0,28,0,0,1,1,1
58875.67,40,0,0,29,0,1,1,0,1
94931.43,0,0,0,31,0,0,1,0,1
53488.78,20,0,0,37,1,0,0,1,1
44645.2,20,0,0,18,0,0,0,0,1
50331.83,0,0,0,5,0,0,0,0,0
54737.0,20,0,1,30,0,0,0,0,1
15548.06,0,0,0,25,1,0,0,0,0
6096.87,20,0,1,35,0,1,0,0,1
59966.76,0,0,0,1,0,0,1,1,0
52561.09,40,0,0,38,0,0,0,0,1
13858.14,0,1,0,23,0,0,0,0,0
85976.79,20,0,1,2,0,0,0,0,0
19321.3,0,0,0,19,0,1,0,0,0
44888.55,0,0,0,32,0,0,1,0,1
56176.56,0,0,0,39,0,0,0,0,0
55885.01,40,0,0,4,0,0,0,0,1
73074.52,0,0,1,14,0,1,0,1,1
66490.2,0,0,1,30,0,0,0,0,1
48442.11,40,0,1,35,1,0,1,0,1
43944.29,0,0,0,32,1,1,0,0,0
5082.88,20,0,1,4,0,0,0,1,1
31875.0,40,0,1,10,0,0,0,1,1
44525.16,0,0,0,2,1,0,0,0,0
69654.97,40,0,0,11,0,0,0,0,1
56163.67,0,0,0,31,0,0,0,0,1
91947.85,0,1,0,21,0,0,1,0,1
28384.05,0,1,0,23,0,0,1,1,1
62819.64,20,0,0,23,0,0,0,0,0
57103.45,0,0,1,6,0,0,0,0,0
16740.68,40,1,0,37,0,0,1,0,1
40841.75,20,1,0,9,0,1,0,0,1
15652.0,0,1,1,35,1,1,0,0,1
35842.68,0,0,0,38,1,0,0,1,1
28557.21,0,0,0,23,0,0,0,0,0
44466.39,40,0,0,33,0,0,0,0,1
80139.17,0,0,0,8,0,0,0,0,0
57641.25,20,0,0,6,0,0,0,1,0
75217.37,0,0,0,30,0,0,0,0,0
44550.45,0,0,1,10,1,0,0,0,1
31159.37,20,0,1,7,0,0,0,1,0
82976.44,0,0,0,21,0,0,0,0,0
32318.8,20,0,0,0,0,0,0,0,0
83100.4,20,0,0,39,1,0,0,0,1
61763.94,20,0,0,12,0,0,0,0,0
65971.54,20,1,0,15,0,0,0,0,1
38056.91,20,0,0,26,0,0,0,0,0
47012.47,20,0,0,7,0,0,0,0,0
31549.82,0,0,1,21,0,0,0,0,0
95997.83,0,0,0,39,0,1,0,0,1
70590.06,20,0,0,16,0,1,0,0,1
89162.09,0,0,0,24,0,1,0,0,1
6257.17,20,0,0,17,0,0,0,1,0
79547.38,40,0,0,20,0,0,0,1,1
28411.85,20,1,0,25,0,0,0,0,0
90098.47,0,1,0,4,0,0,0,0,0
58029.57,0,0,1,18,1,0,0,0,1
94063.67,0,1,0,14,0,0,0,0,1
4635.12,20,0,0,16,0,0,0,0,0
833.35,0,0,0,29,0,0,0,0,0
65005.61,40,0,1,39,0,1,0,0,1
47143.37,20,0,0,39,0,1,0,1,1
78750.34,0,0,0,22,0,0,0,0,0
88193.49,20,0,0,1,0,0,0,0,0
19602.43,0,1,0,21,0,0,0,0,0
15338.69,0,0,0,26,0,0,0,0,0
7008.72,20,0,0,10,1,0,0,0,0
44826.4,20,0,0,8,0,0,0,1,0
35734.49,20,1,0,9,1,0,1,0,1
99234.02,0,0,1,12,0,0,0,0,1
8790.58,0,0,0,21,0,0,0,0,0
74453.11,0,0,1,40,0,0,0,1,1
33773.67,0,0,0,19,1,0,0,0,0
85167.67,0,0,1,12,0,0,0,0,1
90790.66,0,0,0,4,0,0,0,0,0
85197.52,0,0,0,36,0,0,1,0,1
29097.41,40,0,0,17,0,0,0,0,0
76478.0,20,0,1,11,1,1,0,0,1
24762.87,20,1,1,3,0,0,0,0,0
22322.41,40,0,0,33,0,0,0,1,1
63144.68,0,0,1,28,0,1,1,0,1
24418.52,0,1,0,19,1,0,0,0,0
50842.12,0,1,0,20,0,0,0,0,1
33495.37,40,0,1,3,0,1,0,1,1
10356.67,0,1,0,3,1,0,0,0,0
77572.79,0,1,0,17,0,1,1,0,1
5019.6,0,0,0,7,0,0,0,0,0
2030.69,0,0,0,18,1,0,0,0,0
59979.52,40,0,1,40,1,0,1,0,1
80805.91,0,0,0,33,0,0,0,0,1
18018.04,20,0,0,34,0,0,0,0,1
69339.28,0,0,1,30,0,0,0,0,1
12169.15,0,0,1,38,0,0,0,0,1
93200.56,0,0,0,21,0,0,0,0,0
1367.86,0,0,0,37,0,0,1,0,0
21433.91,0,1,1,18,0,0,0,0,0
32698.45,40,0,0,0,0,0,0,1,0
49923.16,0,0,0,36,1,1,0,0,1
21911.3,0,1,0,24,0,0,1,0,1
50560.77,0,0,0,38,0,0,0,0,1
49679.66,0,1,1,27,0,1,0,0,1
13242.54,0,0,0,4,1,0,0,0,0
63702.59,0,0,0,13,0,0,0,0,1
11158.36,0,0,0,25,0,1,0,0,0
26990.79,0,0,0,13,0,0,0,0,0
35266.79,20,0,0,15,0,0,0,1,0
87468.57,20,1,1,26,0,0,0,1,1
69598.25,0,0,0,31,0,0,0,0,0
87578.61,0,0,0,27,0,0,0,0,1
52154.07,20,0,0,3,0,0,1,1,1
40166.98,0,0,1,11,0,0,0,0,0
43308.23,0,0,0,5,0,0,1,0,0
69827.21,0,1,1,22,0,1,0,1,1
94670.35,20,0,1,5,0,1,0,0,1
25795.27,0,0,0,0,0,0,0,0,0
3493.24,20,0,1,19,0,0,0,0,0
59257.15,0,0,0,39,0,0,0,0,0
56802.03,0,0,0,7,0,0,0,0,0
12925.14,40,0,0,20,0,0,1,0,1
21890.46,0,1,0,16,1,1,0,1,1
18482.25,0,1,0,18,1,0,0,1,1
72209.05,0,0,0,19,0,1,0,0,1
64884.15,0,0,1,38,0,0,0,1,1
5829.93,0,0,1,40,0,0,0,0,1
51553.92,20,0,1,15,0,0,0,1,1
10449.38,0,1,0,10,0,0,1,0,1
88095.21,0,0,0,31,0,1,0,0,0
43281.37,20,0,0,6,0,0,1,0,0
49795.22,0,0,1,2,0,1,0,0,0
16307.94,0,1,0,29,0,0,0,0,1
301.69,0,0,0,20,0,0,0,0,0
33170.23,40,0,0,18,0,0,0,0,1
34688.46,20,0,0,37,0,0,0,0,0
3477.45,0,0,0,9,0,1,0,1,0
14161.26,20,0,0,3,0,0,0,0,0
16228.59,0,1,0,30,0,0,0,0,0
51095.59,0,1,1,22,0,0,0,0,1
51414.66,20,0,0,27,1,0,0,0,1
70423.32,20,0,0,19,0,0,0,0,0
92749.27,40,0,0,6,1,1,0,1,1
5121.27,40,0,1,22,0,0,0,0,1
69198.8,0,1,0,36,0,0,0,0,1
81554.06,0,1,0,13,0,0,0,0,1
31264.68,40,0,0,22,0,0,0,0,1
65715.8,0,1,0,22,1,0,0,1,1
7546.99,20,0,1,20,1,0,0,0,1
56594.14,40,1,0,7,0,0,0,0,1
88030.36,0,0,1,1,0,0,0,0,0
24011.03,20,0,0,24,0,0,0,1,0
43937.11,20,0,0,36,0,0,0,0,0
65648.25,0,0,1,30,1,1,0,1,1
20710.69,20,1,0,35,1,0,0,0,1
5079.95,0,1,0,4,0,0,0,0,0
6924.49,20,0,0,22,1,0,0,0,0
51212.6,0,0,1,32,0,0,0,0,1
98214.45,0,0,0,19,0,0,0,1,0
85495.2,0,0,0,28,0,0,0,0,1
13987.15,0,0,1,35,0,0,0,0,0
89370.74,40,0,1,25,0,0,0,0,1
25956.87,0,0,1,30,0,0,0,0,1
95167.98,0,0,0,5,0,0,0,1,0
96198.2,20,0,0,9,0,0,0,0,1
19810.49,20,1,0,6,0,0,0,0,0
36845.11,0,1,1,31,0,0,0,1,1
16553.48,0,0,0,3,0,0,0,0,0
90959.84,0,0,1,27,1,0,0,0,1
3318.65,0,0,0,40,0,0,0,1,0
28537.25,40,0,0,33,1,0,0,0,1
14513.77,0,0,0,2,0,0,0,0,0
91687.29,0,0,0,35,0,0,0,0,0
93413.06,20,0,0,25,1,0,0,0,1
88167.33,20,0,1,4,0,0,0,1,1
75893.78,0,0,1,39,1,0,0,1,1
84373.66,0,0,0,31,0,0,0,0,0
62860.19,0,1,1,1,0,0,0,0,1
60443.39,0,0,0,28,0,0,0,0,1
63795.37,0,0,0,26,0,0,0,0,1
33844.46,0,0,0,30,0,0,0,0,0
18884.69,40,0,0,9,0,0,0,0,1
46519.15,0,0,0,31,0,0,0,0,0
66282.96,0,1,0,12,0,0,0,0,1
64950.23,0,0,0,30,1,0,1,0,1
76545.0,0,0,0,27,0,0,0,0,0
90864.75,0,0,1,35,0,0,0,0,1
48816.65,0,0,0,19,0,0,0,0,0
19261.38,0,0,1,0,1,1,0,0,0
53563.84,20,0,1,37,0,0,0,0,1
89713.21,0,0,0,16,0,0,0,0,0
60146.52,40,0,0,37,0,0,0,0,1
89469.5,0,0,0,16,0,1,0,0,1
19113.96,0,0,0,7,0,0,0,0,0
57721.92,0,1,0,33,0,0,0,0,1
6617.46,20,0,0,30,1,0,0,0,0
9612.93,40,0,0,21,1,0,0,0,1
99667.89,0,1,0,18,1,0,0,0,1
69845.47,0,0,1,16,0,0,0,0,0
23193.18,0,0,0,16,0,0,0,0,0
37208.93,20,0,0,38,0,0,0,0,1
53181.29,0,0,1,27,0,0,1,0,1
91443.1,0,0,0,16,0,0,0,1,1
9082.19,0,0,0,26,1,1,0,0,0
80274.18,0,0,1,29,0,1,0,0,1
28191.74,0,0,0,34,0,0,0,0,0
70284.19,40,0,1,37,0,0,0,1,1
11010.96,40,1,0,7,0,0,1,0,1
14155.33,20,0,1,10,0,0,0,0,1
24906.76,20,1,0,33,0,0,0,0,1
64159.11,0,0,0,35,0,1,0,0,1
77145.99,20,0,0,29,0,1,0,0,1
66000.61,40,0,1,12,0,0,0,0,1
48635.34,0,0,1,26,0,0,0,0,0
22019.33,0,0,1,15,0,0,0,0,0
99466.71,20,0,0,5,0,0,0,0,1
69033.76,0,0,0,6,1,1,0,0,1
4004.19,20,0,0,33,0,0,0,0,1
73161.94,20,1,0,28,1,0,0,0,1
93650.87,0,0,0,23,0,0,0,0,0
46178.42,0,0,0,31,0,0,0,1,1
63381.74,0,0,0,13,0,0,0,0,0
67084.0,20,0,0,5,0,0,0,0,1
53330.32,20,0,1,9,0,0,0,0,1
30676.71,20,0,0,25,0,0,0,0,1
10514.41,0,0,0,3,0,0,0,0,0
65680.05,0,0,1,1,1,1,0,0,1
17682.78,20,0,0,18,0,0,0,0,0
40152.16,0,0,0,10,0,0,0,0,0
86803.29,0,0,0,17,0,0,0,1,1
24270.97,20,0,1,28,0,0,0,0,1
92983.91,0,1,0,38,1,0,0,0,1
29978.32,0,0,1,32,0,0,0,0,0
11956.2,0,0,0,24,1,0,0,0,0
57486.9,0,0,0,19,0,0,0,0,0
23679.3,20,0,0,40,0,0,0,1,0
38039.63,20,1,1,27,1,0,0,0,1
39374.67,20,0,0,13,0,0,0,0,1
85829.63,0,0,0,13,0,0,0,0,1
20898.31,40,1,0,28,0,0,0,0,1
38592.59,0,0,1,8,0,0,1,1,1
48982.4,20,0,0,39,0,0,0,0,1
17619.64,0,0,0,22,0,1,0,0,0
78670.04,0,0,0,14,0,0,1,0,1
40418.64,0,0,0,11,0,0,0,0,0
9607.93,20,0,1,30,0,0,0,0,0
93994.24,40,0,0,18,0,1,0,0,1
36535.92,0,1,0,6,0,1,0,0,1
39342.83,0,0,0,36,0,0,1,0,0
85293.36,0,0,1,36,0,0,0,1,1
38214.65,40,0,0,13,0,0,0,0,0
30387.72,0,0,0,5,0,0,0,1,0
42223.05,0,0,0,22,0,1,0,1,0
85400.33,0,0,0,22,0,1,0,1,1
90728.27,0,0,0,3,0,0,0,0,0
50835.96,0,0,1,25,0,0,0,1,1
90970.44,0,1,0,26,0,0,0,0,1
13927.69,0,0,0,33,0,0,0,0,0
88144.08,0,1,0,34,0,0,0,0,1
56630.47,0,0,0,13,0,0,0,0,0
47964.8,0,1,1,12,0,0,0,0,1
37004.99,0,0,0,39,1,1,0,0,1
44650.96,20,0,0,22,0,0,0,0,1
52138.3,0,1,1,39,0,1,0,0,1
63324.38,0,0,0,14,0,0,0,0,0
86319.85,0,1,0,25,0,0,1,0,1
46261.61,0,0,1,9,1,0,0,0,1
58411.18,0,0,0,25,0,0,0,0,1
76319.26,0,0,0,27,0,0,0,0,0
3613.35,20,0,0,27,0,0,0,0,1
23302.8,0,0,0,36,1,0,0,0,1
86609.45,0,0,0,12,0,0,0,0,1
57481.96,40,0,0,40,0,0,0,0,1
9262.42,0,0,0,3,0,0,0,0,0
23330.12,0,0,0,22,0,0,1,0,0
22371.03,0,0,1,7,1,0,0,1,0
4791.5,0,0,0,21,0,0,0,0,0
44145.43,20,0,1,38,0,0,0,0,1
57000.5,0,0,0,25,0,0,0,0,0
77513.76,0,0,1,23,0,0,0,0,1
32025.56,0,0,0,13,0,1,0,0,0
46119.09,0,0,0,8,0,0,0,0,0
42953.74,20,0,0,28,0,0,0,0,0
84109.85,0,0,0,9,1,0,0,0,0
72358.82,0,0,0,10,0,1,0,1,1
32850.16,0,0,0,17,1,0,0,1,0
79214.32,0,0,0,4,0,0,0,1,0
3964.67,20,1,0,27,0,0,0,0,1
48955.19,20,0,0,24,0,0,0,1,0
82184.75,20,0,0,29,0,0,0,0,1
29684.64,0,0,0,39,0,0,0,0,0
94154.4,0,0,0,26,0,0,0,0,0
769.41,20,1,0,2,1,0,1,0,1
25930.08,20,0,1,12,0,0,0,0,0
72067.71,0,0,0,9,0,0,0,0,0
95961.18,0,0,0,6,1,0,0,0,0
12228.07,0,0,0,34,0,0,0,0,0
73972.98,0,0,0,10,0,0,0,0,1
71853.51,0,1,0,15,0,0,0,0,1
36551.52,20,0,0,14,0,0,0,0,1
10682.05,20,0,0,27,0,0,0,0,1
10771.01,20,0,0,27,0,0,0,1,1
84104.06,0,0,0,11,1,0,0,1,1
87795.34,40,0,0,6,1,0,0,0,1
99552.67,0,0,1,0,0,0,0,0,0
25007.88,0,1,0,40,0,0,0,1,0
56726.77,0,0,0,8,0,0,1,0,1
12152.53,0,1,0,11,1,0,0,0,0
39615.9,0,0,0,37,0,0,0,0,0
6794.41,0,0,0,30,0,1,0,0,0
55892.93,20,0,1,5,0,0,0,1,1
9991.84,0,0,0,5,0,1,0,0,0
25776.05,0,0,0,11,0,0,1,1,0
77421.4,0,0,1,26,0,0,0,0,1
